TP,TM_FC,SEQ,TM_EQK,MSC,MT,LAT,LON,LOC,INT,REM,COR
3,200111211100,41,20011121104910.009,3.5,36.7000,128.3000,경북 문경 북쪽 약 15km 지역,유감,- 지금까지 조사된 바에 의하면 문경, 안동, 영주 등에서 건물과 창문이 흔들리는 정도의 진동이 감지되었음.\n\n\n
3,200111211100,41,20011121104910.009,3.5,36.7000,128.3000,경북 문경 북쪽 약 15km 지역,유감,- 지금까지 조사된 바에 의하면 문경, 안동, 영주 등에서 건물과 창문이 흔들리는 정도의 진동이 감지되었음.\n\n\n
3,200111211100,41,20011121104910.009,3.5,36.7000,128.3000,경북 문경 북쪽 약 15km 지역,유감,- 지금까지 조사된 바에 의하면 문경, 안동, 영주 등에서 건물과 창문이 흔들리는 정도의 진동이 감지되었음.\n\n\n
3,200111211100,41,20011121104910.009,3.5,36.7000,128.3000,경북 문경 북쪽 약 15km 지역,유감,- 지금까지 조사된 바에 의하면 문경, 안동, 영주 등에서 건물과 창문이 흔들리는 정도의 진동이 감지되었음.\n\n\n
3,200111211100,41,20011121104910.009,3.5,36.7000,128.3000,경북 문경 북쪽 약 15km 지역,유감,- 지금까지 조사된 바에 의하면 문경, 안동, 영주 등에서 건물과 창문이 흔들리는 정도의 진동이 감지되었음.\n\n\n
3,200111241625,42,20011124161031.006,4.1,36.7000,129.9000,경북 울진 동남동쪽 약 50km 해역,유감,- 지금까지 조사된 바에 의하면 이 지진으로 인하여 경북 울진, 포항, 대구 및 강원도 동해
3,200111241625,42,20011124161031.006,4.1,36.7000,129.9000,경북 울진 동남동쪽 약 50km 해역,유감,- 지금까지 조사된 바에 의하면 이 지진으로 인하여 경북 울진, 포항, 대구 및 강원도 동해
1,200201040045,1,20020104003321.006,2.3,34.8000,127.4000,전남 순천 남서쪽 약 20km 지역,무감\n,,,=
3,200201071720,2,20020107171000.004,3.1,35.4000,128.8000,경남 밀양 남남동쪽 약 10km 지역,유감,- 지금까지 조사된 바에 의하면 이 지진으로 인하여 부산과 마산지역에서 창문이 흔들리는 정도의 진동이 감지되었음.\n\n\n,,=
3,200201071720,1,20020104003321.006,2.3,34.8000,127.4000,전남 순천 남서쪽 약 20km 지역,무감,,,=
1,200201071720,1,20020104003321.006,2.3,34.8000,127.4000,전남 순천 남서쪽 약 20km 지역,무감,,,=
3,200201071720,2,20020107171000.004,3.1,35.4000,128.8000,경남 밀양 남남동쪽 약 10km 지역,유감\n진도 II : 부산, 마산,,
1,200201071720,3,20020108081830.008,2.8,35.8000,128.2000,경북 고령 북서쪽 약 5km 지역,무감\n,,,=
1,200201071720,4,20020117062827.002,2.8,36.2000,126.2000,충남 보령 남서쪽 약 35km 지역,무감\n,,,=
1,200201071720,5,20020117201623.006,2.9,35.1000,125.0000,전남 홍도 북북서쪽 약 50km 지역,무감\n,,,=
1,200201071720,6,20020203224408.004,2.6,35.0000,125.0000,전남 홍도 북북서쪽 약 40km 지역,무감\n,,,=
3,200201071720,2,20020107171000.004,3.1,35.4000,128.8000,경남 밀양 남남동쪽 약 10km 지역,유감\n진도 II : 부산, 마산\n,,
1,200201080828,3,20020108183000.008,2.8,35.8000,128.2000,경북 고령 북서쪽 약 5km 지역,무감\n,,,=
1,200201170738,4,20020117062827.002,2.8,36.2000,126.2000,충남 보령 남서쪽 약 35km 해역,무감\n,,,=
1,200201172026,5,20020117201623.006,2.9,35.1000,125.0000,경북 문경 북서쪽 약 15km 지역,무감\n,,,=
1,200202032254,6,20020203224408.004,2.6,35.0000,125.0000,전남 홍도 북북서쪽 약 40km 지역,무감\n,,,=
1,200202070945,7,20020207093116.002,2.4,36.1000,129.2000,경북 포항 북서쪽 약 15km 지역,무감\n,,,=
1,200202282240,8,20020228222649.000,2.1,36.7000,128.1000,경북 문경 북서쪽 약 15km 지역,무감\n,,,=
3,200202282240,9,20020307233055.000,3.0,36.5000,126.6000,충남 홍성 남서쪽 약 15km 지역,유감,지금까지 조사된 바에 의하면 홍성, 보령에서 집이 약하게 흔들리는 정도의 진동이 감지되었음.,
5,200202282240,8,20020228222649.000,2.1,36.7000,128.1000,경북 문경 북서쪽 약 15km 지역,무감,,,=
1,200202282240,8,20020228222649.000,2.1,36.7000,128.1000,경북 문경 북서쪽 약 15km 지역 ,무감,,,=
3,200203072345,9,20020307233055.000,3.0,36.5000,126.6000,충남 홍성 남서쪽 약 15km 지역,유감,지금까지 조사된 바에 의하면 홍성, 보령에서 집이 약하게 흔들리는 정도의 진동이 감지되었음.,
3,200203072345,9,20020307233055.000,3.0,36.5000,126.6000,충남 홍성 남서쪽 약 15km 지역,유감,지금까지 조사된 바에 의하면 홍성, 보령에서 집이 약하게 흔들리는 정도의 진동이 감지되었음.,
1,200203080225,10,20020308020932.005,2.4,35.5000,126.1000,전북 고창 서북서쪽 약 55km 해역,무감,,,=
1,200203122020,11,20020312200437.001,2.4,34.9000,127.4000,전남 순천 남서쪽 약 10km 지역,무감,,,=
3,200203170940,12,20020317092631.006,3.9,38.1000,124.3000,인천광역시 백령도 서북서쪽 약 35km 해역,진도 III ,조사된 바에  의하면 이 지진으로 인하여\n백령도 지역에서 창문이 흔들리는 정도의 진동이 감지되었음.,,=
3,200203170940,12,20020317092631.006,3.9,38.1000,124.3000,인천광역시 백령도 서북서쪽 약 35km 해역,진도 III ,조사된 바에  의하면 이 지진으로 인하여\n백령도 지역에서 창문이 흔들리는 정도의 진동이 감지되었음.,,=
3,200203170940,12,20020317092631.006,3.9,38.1000,124.3000,인천광역시 백령도 서북서쪽 약 35km 해역,진도 III : 백령도,조사된 바에  의하면 이 지진으로 인하여\n백령도 지역에서 창문이 흔들리는 정도의 진동이 감지되었음.,,=
3,200203221210,13,20020322112851.008,3.5,38.3000,124.5000,인천광역시 백령도 북쪽 약40km 해역,진도 III : 백령도,조사된 바에  의하면 이 지진으로 인하여\n백령도 지역에서 창문이 흔들리는 정도의 진동이 감지되었음.,,=
1,200203250545,14,20020325053105.006,2.4,37.4000,129.2000,강원 삼척 지역,무감,동해기상대에 확인한 결과 무감임.,,=
1,200203251825,15,20020325181026.004,2.4,37.1000,127.2000,경기도 용인 남쪽 약 10km 지역,무감,수원기상대에 확인한 결과 무감임.,,=
3,200204010800,16,20020401074601.009,2.5,37.3000,128.1000,강원 원주 남동쪽 약 15km 지역,유감(MM 진도값)\n 진도 II : 원주, 횡성,,
1,200204141240,17,20020414122958.009,2.4,35.1000,125.0000,전남 흑산도 북서쪽 약 60km 해역,무감,,,=
1,200204170800,18,20020417075240.008,3.9,40.5000,128.5000,함경남도 북청 북동쪽 약 30km 지역,무감,북한 지역으로 유감 여부를 확인할 수 없음.,,=
1,200205291832,19,20020529182216.006,3.9,34.7000,127.9000,전남 여수 동쪽 약 15km 지역,무감,여수기상대 확인 결과 무감임.,,=
1,200205291832,19,20020529182216.006,2.8,34.7000,127.9000,전남 여수 동쪽 약 15km 지역,무감,여수기상대 확인 결과 무감임.,,=
1,200206072236,20,20020607222414.006,2.8,38.4000,125.3000,황해도 남포 남쪽 약 40km 지역,무감,백령도기상대 확인결과 무감임.\n,,=
1,200206231122,21,20020623111257.003,2.0,34.7000,126.6000,전남 영암 남서쪽 약 15km 지역,무감,목포기상대 확인결과 무감임.\n,,=
1,200207020200,22,20020702014906.005,2.3,35.8000,128.0000,경남 거창 북동쪽 약 15km 지역,무감,거창 기상관측소에 확인결과 무감임.\n,,=
3,200207090415,23,20020709040151.002,3.8,35.9000,129.6000,경북 포항 남동쪽 약 25km 해역,유감\n진도 III :포항\n진도 II  :울산,지금까지 조사된 바에 의하면 이 지진으로 인하여 울산과 포항지역에서 \n약한 진동이 감지되였음.\n,,=
3,200207090415,23,20020709040151.002,3.8,35.9000,129.6000,경북 포항 남동쪽 약 25km 해역,유감\n진도 III :포항\n진도 II  :울산,지금까지 조사된 바에 의하면 이 지진으로 인하여 울산과 포항지역에서 \n약한 진동이 감지되였음.\n,,=
1,200207120000,24,20020712081737.004,2.1,35.9000,129.8000,경북 포항 동남동쪽 약 40km 해역,무감\n,포항기상대, 울산기상대에 확인 결과 무감임.,
1,200207170710,25,20020717065025.006,3.3,38.0000,124.4000,인천광역시 백령도 서쪽 약 25km 해역,무감\n,백령도 기상대에 확인결과 무감임.,,=
1,200208060000,26,20020806073239.004,3.0,34.7000,127.4000,전남 고흥 북동쪽 약 15km 지역,무감\n,여수기상대와 고흥기상관측소 확인 결과 무감임,,=
1,200208060000,26,20020806073239.004,3.0,34.7000,127.4000,전남 고흥 북동쪽 약 15km 지역,무감\n,여수기상대와 고흥기상관측소 확인 결과 무감임,,=
1,200208060000,27,20020806213757.008,2.5,35.7000,127.6000,전북 장수 북동쪽 약 5km 지역,무감\n,장수기상관측소 확인 결과 무감임,,=
1,200208100000,28,20020810214735.004,4.0,35.1000,123.4000,전남 흑산도 서북서쪽 약 195km 해역 ,무감\n,흑산도기상대와  군산기상대 확인결과 무감임,,=
1,200208130000,29,20020813160718.002,2.7,35.1000,152.2000,전남 흑산도 북북서쪽 약 50km 해역 ,무감\n,흑산도기상대와  목포기상대에 확인 결과 무감임,,=
2,200208130000,29,20020813160718.002,2.7,35.1000,125.2000,전남 흑산도 북북서쪽 약 50km 해역 ,무감\n,흑산도기상대와  목포기상대에 확인 결과 무감임,,=
1,200208130000,29,20020813160718.002,2.7,35.1000,125.2000,전남 흑산도 북북서쪽 약 50km 해역 ,무감\n,흑산도기상대와  목포기상대에 확인 결과 무감임,,=
1,200209151652,30,20020915164000.003,2.5,35.9000,129.7000,경북 포항 동남동쪽 약 30km 해역 ,무감\n,포항기상대와  울산기상대에 확인 결과 무감임,,=
1,200209160750,31,20020916073606.008,2.8,36.1000,128.3000,경북 구미 지역,무감\n,구미기상관측소와  대구기상대에 확인 결과 무감임,,=
1,200209190325,32,20020919031012.008,2.9,35.6000,125.4000,전남 영광 서북서쪽  약 95km 해역,무감\n,목포기상대, 군산기상대에 확인한  결과  무감임,
1,200210040220,33,20021004020631.008,2.4,38.1000,126.4000,전남 영광 서북서쪽  약 95km 해역,무감\n,문산기상대, 동두천기상대에 확인한  결과  무감임,
1,200210040220,33,20021004020631.008,2.4,38.1000,126.4000,북한 개성 북서쪽 약 15km 지역,무감\n,문산기상대, 동두천기상대에 확인한  결과  무감임,
1,200210162000,34,20021016194858.009,2.4,36.6000,127.6000,충북 청주 남동쪽 약 10km 지역,무감\n,청주기상대에 확인한  결과  무감임,,=
1,200210192000,34,20021016194858.009,2.4,36.6000,127.6000,충북 청주 남동쪽 약 10km 지역,무감\n,청주기상대에 확인한  결과  무감임,,=
1,200210192200,35,20021019213154.007,2.7,36.2000,127.6000,충남 금산 북동쪽 약 15km 지역,무감\n,금산기상관측소와 대전지방기상청에 확인 결과 무감임,,=
1,200210200000,36,20021020042207.006,3.0,35.2000,127.7000,경남 하동 북북서쪽  약 15km 지역,무감\n,진주기상대와 순천기상관측소에 확인 결과 무감임,,=
1,200210200000,36,20021020042207.006,3.0,35.2000,127.7000,경남 하동 북북서쪽  약 15km 지역,무감\n,진주기상대와 순천기상관측소에 확인 결과 무감임,,=
3,200210231040,37,20021023103053.005,2.8,34.9000,128.4000,경남 통영 북서쪽  약 5km 지역,유감 (MMI)\n 진도 II : 통영\n,지금까지 조사된 바에 의하면 이 지진으로 인하여 통영지방에서 창문이\n흔들리는 정도의 진동이 감지되었음.,,=
1,200210250000,38,20021025040647.007,2.4,33.9000,127.1000,전남 완도 남동쪽 약 55km 해역,,완도기상대와 여수기상대에 확인 결과 무감임.,,=
1,200210280000,39,20021028115052.008,2.8,35.1000,126.6000,전남 나주 북서쪽 약 10km 지역,,광주지방기상청과 목포기상대에 확인 결과 무감임.,,=
1,200211060000,40,20021106214807.001,2.5,36.4000,127.7000,충북 보은 남서쪽 약 10km 지역,,대전지방기상청과 추풍령기상대에 확인 결과 무감임.,,=
1,200211130000,41,20021113214626.004,2.4,35.8000,127.9000,경남 거창 남쪽 약 15km지역,,진주기상대와 거창기상관측소에 확인 결과 무감임.,,=
1,200212051020,42,20021205100546.005,2.0,36.7000,126.3000,충남 서산 남서쪽 약 15km 지역,,서산기상대에 확인 결과 무감임.,,=
1,200212051115,43,20021205110115.009,2.1,36.7000,126.2000,충남 서산 서남서쪽 약 25km 지역,,서산기상대에 확인 결과 무감임.,,=
1,200212071700,44,20021207164338.007,2.7,37.4000,129.4000,강원 속초 동쪽 약 20km 해역,,동해기상대에 확인 결과 무감임.,,=
3,200212100755,45,20021210074250.009,3.8,38.8000,127.2000,강원 철원 북쪽 약 60km 지역(북한),진도 III : 철원\n진도 II : 동두천, 안산,동두천과 안산 지역에서 약한 진동이 감지되었으며\n철원지역에서는 집이 흔들리는 정도의 진동이 감지되었음.,
1,200212120000,46,20021212214221.007,2.3,37.1000,126.4000,충남 서산 북쪽 약 35km 해역,무감,서산기상대에 확인 결과 무감임.,,=
1,200212161835,47,20021216182136.009,2.4,36.7000,130.2000,경북 울진 동남동쪽 약 75km 해역,무감,울진기상대에 확인 결과 무감임.,,=
1,200212170000,48,20021217084455.004,2.1,37.1000,126.4000,충남 서산 북쪽 약 35km 해역,무감,서산기상대에 확인 결과 무감임.,,=
3,200212262355,49,20021226234150.000,2.7,36.5000,127.0000,충남 공주 서북서쪽 약 10km 지역,진도 II : 부여 , 지금까지 조사된 바에 의하면 이 지진으로 인하여 부여에서 약한 진동이 감지 되었음,,=
1,200301091750,1,20030109173317.003,3.9,37.4000,124.2000,인천광역시 백령도 남서쪽 약 60km 해역,무감,백령도기상대 확인결과 무감임.,,=
1,200301100805,2,20030110075604.008,2.7,35.9000,129.2000,경북 경주 북쪽 약 10km 지역 ,진도 II : 포항, 지금까지 조사한 바에 의하면 이 지진으로 인하여 포항지역에서 \n약한 진동이 감지되었음. ,,=
3,200301100805,2,20030110075604.008,2.7,35.9000,129.2000,경북 경주 북쪽 약 10km 지역 ,진도 II : 포항, 지금까지 조사한 바에 의하면 이 지진으로 인하여 포항지역에서 \n약한 진동이 감지되었음. ,,=
3,200301132215,3,20030113220324.007,2.8,35.8000,129.4000,경북 경주 동쪽 약 20km 지역 ,진도 II : 경주, 월성, 지금까지 조사한 바에 의하면 이 지진으로 인하여 경북 경주지역에서 \n약한 진동이 감지되었음. ,
1,200301160000,4,20030116140258.001,2.2,33.6000,127.3000,제주도 성산포 동북동쪽 약 40km 해역,무감,성산포기상관측소에 확인 결과 무감임.,,=
3,200302082355,5,20030208234633.000,2.9,35.3000,126.6000,전남 영광 동쪽 약 10km 지역,유감,지금까지 조사한 바에 의하면 이 지진으로 인하여 함평, 장성, 고창지역에서 약한 진동이 감지되었음.
1,200302090000,6,20030209222845.002,2.3,36.0000,127.9000,경북 김천 남서쪽 약 20km 지역,무감,추풍령기상대, 장수기상관측소에 확인결과 무감임,
1,200302140000,7,20030214164242.006,2.9,38.0000,124.5000,인천광역시 백령도 서북서쪽 약 15km 해역 ,무감,백령도기상대에 확인결과 무감임,,=
1,200303012117,8,20030301210720.006,2.5,37.6000,124.6000,인천광역시 백령도 남쪽 약 40km 해역 ,무감,백령도기상대에 확인결과 무감임,,=
3,200303012345,9,20030301233328.005,3.0,35.8000,129.3000,경북 경주 남동쪽 약 10km 지역,유감(MMI)\n - 진도III : 경주,  진도II : 울산,지금까지 조사된 바에 의하면 이 지진으로 인하여 울산지역에서는 창문이 흔들렸으며 경주 지역에서는 땅이 흔들리는 정도의 진동을 느꼈음.,
3,200303041250,10,20030304124425.001,2.9,38.3000,128.6000,강원도 속초 북쪽 약 10km 해역,유감(MMI)\n - 진도II : 속초,지금까지 조사된 바에 의하면 이 지진으로 인하여 \n속초에서 창문이 흔들리는 진동을 느꼈음.,,=
3,200303100340,11,20030310032803.001,3.0,36.1000,128.4000,경북 구미 동쪽 약 10km 지역,유감(MMI)\n - 진도III : 구미,지금까지 조사된 바에 의하면 이 지진으로 인하여 \n구미지역에서 땅이 흔들리는 정도의 진동을 느꼈음.,,=
1,200303140000,12,20030314040611.006,2.1,36.2000,128.7000,경북 의성 남쪽 약 15km 지역 ,, -대구기상대 확인 결과 무감임,,=
2,200303190000,13,20030319230518.004,2.3,36.5000,129.6000,경북 영덕 북동쪽 약 20km 해역,,-포항기상대와  울진기상대 확인 결과 무감임.,,=
2,200303190000,13,20030319230518.004,2.3,36.5000,129.6000,경북 영덕 북동쪽 약 20km 해역,,-포항기상대와  울진기상대 확인 결과 무감임.,,=
2,200303190000,13,20030319230518.004,2.3,36.5000,129.6000,경북 영덕 북동쪽 약 20km 해역,,-포항기상대와  울진기상대 확인 결과 무감임.,,=
1,200303190000,13,20030319230518.004,2.3,36.5000,129.6000,경북 영덕 북동쪽 약 20km 해역,,-포항기상대와  울진기상대 확인 결과 무감임.,,=
3,200303230545,14,20030323053841.000,4.9,35.0000,124.6000,경북 영덕 북동쪽 약 20km 해역,진도 4~2,진도Ⅳ : 신안, 목포 함평 \n진도Ⅲ : 나주, 광주
5,200303230545,14,20030323053841.000,4.9,35.0000,124.6000,전남 홍도 북서쪽 약 50km 해역,진도 4~2,진도Ⅳ : 신안, 목포 함평 \n진도Ⅲ : 나주, 광주
3,200303230545,14,20030323053841.000,4.9,35.0000,124.6000,전남 홍도 북서쪽 약 50km 해역,진도 4~2,진도Ⅳ : 신안, 목포 함평 \n진도Ⅲ : 나주, 광주
3,200303230545,14,20030323053841.000,4.9,35.0000,124.6000,전남 홍도 북서쪽 약 50km 해역,진도 4~2,진도Ⅳ : 흑산도, 신안, 목포 함평 \n진도Ⅲ : 진도
3,200303230545,14,20030323053841.000,4.9,35.0000,124.6000,전남 홍도 북서쪽 약 50km 해역,진도 4~2,진도Ⅳ : 흑산도, 목포\n진도Ⅲ : 완도, 보성
3,200303302020,15,20030330201052.008,5.0,37.8000,123.7000,인천광역시 백령도 서남서쪽 약 80km 해역,진도 4~2,진도Ⅳ : 백령도\n진도Ⅲ : 영종도\n진도Ⅱ : 문산, 의정부, 서울
1,200304012240,16,20030401222637.006,2.1,36.4000,127.8000,충북 보은 남동쪽 약 10km 지역,무감,추풍령기상대에 확인 결과 무감임,,=
3,200304050035,17,20030405002508.001,2.5,36.2000,127.3000,충남 금산 북서쪽 약 20km 지역,유감\n진도 II : 금산, 대전,지금까지 조사된 바에 의하면 이 지진으로 인하여 금산 및 대전지역에서\n창문이 흔들리는 정도의 진동을 느꼈음.,
3,200304050042,18,20030405003132.000,2.9,36.2000,127.3000,충남 금산 북서쪽 약 20km 지역,유감\n진도 II : 금산, 대전,지금까지 조사된 바에 의하면 이 지진으로 인하여 금산 및 대전지역에서\n창문이 흔들리는 정도의 진동을 느꼈음.,
1,200304050106,19,20030405005609.004,2.4,36.2000,127.3000,충남 금산 북서쪽 약 20km 지역,무감,대전지방기상청 확인 결과 무감임.,,=
1,200304160000,20,20030416025525.003,3.3,36.4000,126.3000,충남 안면도 남서쪽 약 10km 해역 ,무감,- 안면도의 지구대기감시관측소, 서산기상대 확인 결과 무감임 ,
1,200306040220,22,20030608020756.006,2.6,36.5000,125.1000,충남 격렬비열도 서남서쪽 약 40km 해역,무감,- 서산기상대에 확인 결과 무감임,,=
1,200306040345,21,20030604033409.009,2.7,35.2000,125.2000,전남 흑산도 북북서쪽 약 60km 해역,무감,- 흑산도기상대에 확인 결과 무감임,,=
1,200306080220,22,20030608020756.006,2.6,36.5000,125.1000,충남 격렬비열도 서남서쪽 약 40km 해역,무감,- 서산기상대에 확인 결과 무감임,,=
1,200306091024,23,20030604101404.001,4.0,36.0000,123.6000,전북 군산 서쪽 약 280km 해역,무감,- 군산기상대, 서산기상대, 흑산도기상대
1,200306091024,23,20030609101404.001,4.0,36.0000,123.6000,전북 군산 서쪽 약 280km 해역,무감,- 군산기상대, 서산기상대, 흑산도기상대
1,200306291205,24,20030629115351.000,2.1,35.7000,124.8000,전북 부안 서쪽 약 170km 해역,무감,- 군산기상대에 확인 결과 무감임,,=
1,200307051228,25,20030705121828.004,3.0,37.4000,125.3000,인천광역시 서쪽 약 120km 해역,무감,- 인천, 백령도, 서산기상대에 확인 결과 무감임.
1,200307090000,26,20030709152010.001,2.7,34.9000,128.2000,경남 사천 동쪽 약 10km 해안,무감,- 통영, 여수기상대 및 남해, 거제기상관측소에 확인 결과 무감임.
1,200307180000,27,20030718170522.009,2.9,35.0000,124.3000,전남 흑산도 서북서쪽 약 110km 해역,무감,- 흑산도, 진도 및 목포기상대에 확인 결과 무감임.,
1,200307280622,28,20030728061254.007,2.7,35.1000,124.7000,전남 흑산도 북서쪽 약 85km 해역,무감,- 흑산도기상대에 확인 결과 무감임.,,=
1,200308051114,29,20030805110419.008,2.7,36.8000,129.5000,경북 울진 남남동쪽 약 20km 해역,무감,- 울진기상대, 봉화 및 태백기상관측소에 확인 결과 무감임,
1,200308120100,30,20030812012555.008,2.6,34.7000,130.3000,부산 동남동쪽 약120km 해역,무감,- 부산기상청, 울산기상대에 확인결과 무감임,
1,200308120100,30,20030812012555.008,2.6,34.7000,130.3000,부산 동남동쪽 약120km 해역,무감,- 부산기상청, 울산기상대에 확인결과 무감임,
1,200308120100,30,20030812012555.008,2.6,34.7000,130.3000,부산 동남동쪽 약120km 해역,무감,- 부산기상청, 울산기상대에 확인결과 무감임,
1,200308120100,30,20030812012555.008,2.6,34.7000,130.3000,부산 동남동쪽 약120km 해역,무감,- 부산기상청, 울산기상대에 확인결과 무감임,
1,200309192055,31,20030919204828.001,2.0,37.5000,124.5000,인천 백령도 남남서쪽 약 50km 해역,무감,- 백령도 기상대에 확인결과 무감임,,=
1,200309192055,31,20030919204828.001,2.9,37.5000,124.5000,인천 백령도 남남서쪽 약 50km 해역,무감,- 백령도 기상대에 확인결과 무감임,,=
1,200309240335,32,20030924032656.002,2.3,35.8000,128.5000,대구광역시 남서쪽 약 10km 지역,무감,- 대구 기상대에 확인결과 무감임,,=
1,200309251535,33,20030925152417.002,2.5,36.0000,129.6000,경북 포항 동쪽  약 20km 지역,무감,- 포항 기상대에 확인결과 무감임,,=
1,200310040510,34,20031004045922.001,2.3,33.2000,126.9000,제주 성산 남쪽  약 20km 해역,무감,- 서귀포기상대에 확인결과 무감임,,=
3,200310050535,35,20031005050353.001,2.1,36.3000,127.3000,대전광역시 서쪽 약10km 지역,유감,- 지금까지 조사된 바에 의하면 이 지진으로 인하여 대전지역에서 창문이 흔들리는 정도의 약한 진동을 느꼈음,,=
3,200310131820,36,20031013181204.005,3.6,37.0000,126.5000,충남 당진 북서쪽 약 20km 지역,유감,- 지금까지 조사된 바에 의하면 이 지진으로 인하여 당진, 서산, 태안을 포함한 서울
1,200310140150,37,20031014014438.001,2.4,34.1000,127.5000,전남 여수시 거문도 북동쪽 약 20km 해역,무감,- 여수기상대와 완도 기상대에 확인결과 무감임,,=
1,200310171205,38,20031017115556.007,2.0,35.8000,129.4000,경북 경주 동쪽 약 20km 지역,무감,- 울산기상대와  포항기상대에 확인 결과 무감임,,=
3,200401050620,1,20040105061151.003,2.9,36.2000,127.0000,충남 논산 서쪽 약 5km 지역,유감\n진도 I : 대전\n,- 이 지진으로 인하여 대전지역에서 약한 진동을 느꼈음.,,=
1,200401060200,2,20040106014941.008,3.2,38.7000,125.1000,평남 남포 서쪽 약 30km 해역,무감,- 북한 해역으로 유감 여부 확인 불가임.,,=
1,200401170958,3,20040117094740.000,2.9,33.7000,125.8000,제주 북서쪽 약 70km 해역,무감,- 제주지방기상청, 서귀포기상대, 완도기상대
1,200401230535,4,20040123052708.006,2.0,35.4000,128.0000,경남 산청 동쪽 약 10km 지역,무감,- 진주기상대, 산청기상관측소에 확인결과 무감임.,
3,200401292030,5,20040129202224.003,2.4,35.9000,128.5000,대구광역시 북서쪽 약 10km 지역,진도  III : 대구,- 지금까지 조사된 바에 의하면 이 지진으로 인하여 대구지역에서 건물이 흔들리는 정도의 진동을 느꼈음.,,=
1,200402060000,6,20040206073032.002,2.3,37.6000,126.0000,경기 강화 남서쪽 약 50km 해역,무감,- 인천기상대에 확인 결과 무감임.,,=
1,200402260000,7,20040226055115.003,2.1,37.2000,128.9000,강원 태백 북서쪽 약 10km 지역,무감,- 영월기상대에 확인 결과 무감임.,,=
1,200403070000,8,20040307205805.006,2.9,35.8000,125.4000,전남 영광군 서북서쪽 약 100km 해역,무감,- 목포기상대, 군산기상대 및 서산기상대에 확인 결과 무감임.,
1,200404021220,9,20040402120404.005,2.9,39.4000,126.0000,평안남도 평양시  북북동쪽 약 50km 지역,무감,- 북한지역으로 유감확인 불가,,=
1,200404152350,10,20040415232542.005,2.0,34.9000,124.6000,전남 흑산도 서북서쪽 약 80km 해역,무감,- 흑산도기상대에 문의결과 무감임,,=
3,200404261400,11,20040426132918.007,3.5,35.8000,128.2000,대구광역시 서남서쪽 약 40km 해역,,- 지금까지 조사된 바에 의하면 이 지진으로 인하여 대구, 구미지역을 비롯한 경상도 일원에서 창문이 흔들리즌 정도의 진동을 느꼈음.,
3,200404261400,11,20040426132925.002,3.9,35.8000,128.2000,대구광역시 서남서쪽 약 40km 해역,,- 지금까지 조사된 바에 의하면 이 지진으로 인하여 대구, 구미지역을 비롯한 경상도 일원에서 창문이 흔들리는 정도의 진동을 느꼈음.,
1,200404291740,12,20040429173113.004,2.9,37.4000,123.8000,인천광역시 백령도 남서쪽 약 100km 해역,,- 백령도기상대에 문의한 결과 무감임.,,=
3,200404302350,13,20040430234356.004,2.8,35.8000,129.4000,경북 경주 동쪽 약 20km 지역,진도 II : 경주, 울산,,
3,200404302350,13,20040430234356.004,2.8,35.8000,129.4000,경북 경주 동쪽 약 20km 지역,진도 II : 경주, 울산,지금까지 조사된 바에 의하면 이 지진으로 인하여 경주와 울산지역에서 지진동을 느꼈음.,
2,200405050115,14,20040505010756.003,2.2,33.4000,127.3000,제주 성산 동쪽 약 40km 해역,무감,제주(청), 서귀포기상대에 문의 결과 무감임.,
1,200405050115,14,20040505010756.003,2.2,33.4000,127.3000,제주 성산 동쪽 약 40km 해역,무감,제주(청), 서귀포기상대에 문의 결과 무감임.,
1,200405050220,15,20040505021535.007,2.2,33.4000,127.3000,제주 성산 동쪽 약 40km 해역,무감,제주(청), 서귀포기상대에 문의 결과 무감임.,
1,200405051230,16,20040505122232.009,3.1,32.7000,126.0000,제주 서귀포시 남남서쪽 약 120km 해역,무감,제주(청), 서귀포기상대에 문의 결과 무감임.,
1,200405062320,17,20040506231011.009,2.0,37.5000,129.9000,강원도 삼척시 동쪽 약 65km 해역,무감,속도, 울릉도, 동해 기상대에 문의 결과 무감임.
1,200405171505,18,20040517150542.003,2.1,36.4000,125.9000,충남 서산시 남서쪽 약 60km 해역,무감,서산, 군산, 흑산도 기상대에 문의 결과 무감임.
1,200405250000,19,20040525180811.006,2.7,39.5000,124.9000,평안북도 신의주 남동쪽 약 75km 해역,무감,북한지역으로 확인할수 없음.,,=
3,200405291935,20,20040529191424.000,5.2,36.8000,130.2000,경북 울진 동쪽 약80km 해역,진도 V : 경북 울진\n진도 IV : 삼척, 태백, 안동, 의성
3,200405291935,20,20040529191424.000,5.2,36.8000,130.2000,경북 울진 동쪽 약80km 해역,진도 V : 경북 울진\n진도 IV : 삼척, 태백, 안동, 의성
1,200405300000,21,20040530044540.005,2.0,36.6000,130.0000,경북 울진 남동쪽 약 70km 해역,무감,울진기상대 확인 결과 무감임.,,=
3,200405302200,22,20040530214554.006,2.2,37.0000,129.3000,경북 울진 북서쪽 약 10km 지역,진도 I : 울진,이 지진으로 인하여 경북 울진지역에서 진동이 감지되었음.,,=
3,200406012030,23,20040601202218.008,3.5,37.2000,130.3000,경북 울진 동북동쪽 약 55km 해역,진도 II : 울진\n진도 I : 포항, 안동,이 지진으로 인하여 경북 울진지역에서 진동이 감지되었음.,
3,200406012030,23,20040601202218.008,3.5,37.2000,130.3000,경북 울진 동북동쪽 약 55km 해역,진도 II : 울진\n진도 I : 포항, 안동,이 지진으로 인하여 경북 울진지역에서 진동이 감지되었음.,
3,200406111635,24,20040611162540.002,2.1,37.3000,128.7000,강원 정선 남쪽 약 10km 지역,무감,대관령기상대, 영월기상대, 동해기상대
1,200407130000,25,20040713210851.006,2.1,38.5000,126.0000,황해도 사리원 동쪽 약 20km 지역,무감,북한지역으로 유감여부를 확인할 수 없음.,,=
3,200407140000,26,20040714134413.002,2.6,33.4000,127.2000,제주 성산 동쪽  약 30km 해역,무감,제주(청),서귀포(기),성산포(관)에 확인한  결과  무감 임.
3,200407140000,26,20040714134413.002,2.6,33.4000,127.2000,제주 성산 동쪽  약 30km 해역,무감,제주(청),서귀포(기),성산포(관)에 확인한  결과  무감 임.
1,200407140000,26,20040714134413.002,2.6,33.4000,127.2000,제주 성산 동쪽  약 30km 해역,무감,제주(청),서귀포(기),성산포(관)에 확인한  결과  무감 임.
1,200407142045,27,20040714203755.003,2.1,36.4000,127.3000,대전광역시 북서쪽 약 10km 지역,무감,대전(청) 확인결과 무감임.,,=
3,200408060545,28,20040806053252.009,3.3,35.9000,127.4000,전북 전주시 북동쪽 약 15km 지역,,지금까지 조사된 바에 의하면 이 지진으로 인하여 전북 전주지역에서 지진동이 감지되었음.,,=
3,200408060545,28,20040806053252.009,3.3,35.9000,127.4000,전북 전주시 북동쪽 약 15km 지역,진도 Ⅲ : 전주, 진안\n진도 Ⅱ : 장수,지금까지 조사된 바에 의하면 이 지진으로 인하여 전북 전주지역에서 지진동이 감지되었음.,
3,200408060545,28,20040806053252.009,3.3,35.9000,127.4000,전북 전주시 북동쪽 약 15km 지역,진도 Ⅲ : 전주, 진안\n진도 Ⅱ : 장수,지금까지 조사된 바에 의하면 이 지진으로 인하여 전북 전주지역에서 지진동이 감지되었음.,
1,200408110450,29,20040811042948.006,2.3,33.3000,126.2000,제주도 북제주군 한림 남서쪽 약 10km 지역,,고산 기상대에 확인결과 무감임.,,=
3,200408132255,30,20040813224204.001,2.7,37.6000,126.5000,인천광역시 북서쪽 약 20km 지역,유감지진,지금까지 조사된 바에 의하면 이 지진으로 인하여 \n    인천지역에서 진동이 감지되었음,,=
3,200409150755,31,20040915074733.008,2.5,37.5000,126.9000,경기도 광명시 북동쪽 약 5km 지역,유감지진,지금까지 조사된 바에 의하면 이 지진으로 인하여 \n서울 일부지역에서 진동이 감지되었음.,,=
1,200409240000,32,20040924014020.001,2.5,33.4000,127.1000,제주도 성산포 동쪽 약 20km 해역,무감지진,제주지방기상청, 서귀포기상대에 확인한 결과 무감임.,
1,200409271900,33,20040927184733.007,2.7,35.5000,128.3000,경상남도 합천 남동쪽 약 15km 지역,무감지진,대구, 진주, 여수 기상대에 확인한 결과 무감임.
1,200410040635,34,20041004062421.005,2.0,35.5000,128.3000,경상남도 합천 남동쪽 약 15km 지역,무감지진,대구, 진주 기상대에 확인한 결과 무감임.,
1,200410111940,35,20041011191931.009,2.2,38.0000,125.4000,황해도 해주 서쪽 약 30km 지역,,북한지역으로 유감여부 확인불가함,,=
1,200410140307,36,20041014030202.005,2.7,33.7000,127.3000,제주 성산 북동쪽 약 50km 해역,,제주지방청 및 성산포관측소에 확인한 결과 무감 임,,=
1,200410201422,37,20041020141234.007,2.7,34.4000,125.5000,전남 흑산도 남쪽 약 30km 해역,,흑산도 기상대에 확인한 결과 무감 임,,=
1,200411050000,38,20041105012546.002,2.0,37.1000,126.1000,인천광역시 옹진군 덕적도 남서쪽 약 10km 해역,,서산기상대, 인천기상대에 확인한 결과 무감 임,
1,200411281330,39,20041128131506.002,2.4,37.6000,129.5000,강원도 동해시 동북동쪽 약 40km 해역,,대관령, 동해기상대에 확인한 결과 무감 임,
1,200411300000,40,20041130135121.007,2.5,33.2000,125.7000,제주도 모슬포 서쪽 약 50km 해역,무감,제주(청), 고산(기)에 확인한 결과 무감 임,
1,200412100000,41,20041210194105.006,2.3,32.9000,125.8000,제주도 서귀포시 남서쪽 약 110km 해역,무감,제주(청), 고산(기)에 확인한 결과 무감임.,
1,200412120310,42,20041212030009.008,2.1,33.6000,127.7000,제주도 남제주군 성산포 동북동쪽 약 65km 해역,무감,제주(청), 여수(기)에 확인한 결과 무감임.,
1,200502030755,1,20050203074831.003,2.4,39.0000,130.4000,강원 고성 북동쪽 약 150km 해역,무감,강원(청), 울릉도(기), 속초(기)에 확인한 결과 무감임.
1,200502051140,2,20050205112727.006,2.5,33.5000,126.4000,제주시 서쪽 약 10km 해역,무감,제주(청), 고산(기)에 확인한 결과 무감임.,
1,200502072025,3,20050207201604.000,2.8,36.6000,130.0000,경북 영덕 동북동쪽 약 60km해역,무감,울진기상대, 영덕기상관측소에 확인한 결과 무감임.,
3,200502202230,4,20050220221839.000,3.4,35.4000,126.2000,전남 영광군 서북서쪽  약 30km해역,진도 I : 영광, 나주, 무안,전라남도 영광 및 나주일원에서 약한 진동이 감지되었음.
3,200502202230,4,20050220221839.000,3.4,35.4000,126.2200,전남 영광군 서북서쪽  약 30km해역,진도 I : 영광, 나주, 무안,전라남도 영광 및 나주일원에서 약한 진동이 감지되었음.
3,200502202230,4,20050220221839.000,3.4,35.4222,126.2200,전남 영광군 서북서쪽  약 30km해역,진도 I : 영광, 나주, 무안,전라남도 영광 및 나주일원에서 약한 진동이 감지되었음.
3,200502202230,4,20050220221839.000,3.4,35.2000,126.2200,전남 영광군 서북서쪽  약 30km해역,진도 I : 영광, 나주, 무안,전라남도 영광 및 나주일원에서 약한 진동이 감지되었음.
3,200502202230,4,20050220221839.000,3.4,35.4000,126.2000,전남 영광군 서북서쪽  약 30km해역,진도 I : 영광, 나주, 무안,전라남도 영광 및 나주일원에서 약한 진동이 감지되었음.
3,200502202230,4,20050220221839.000,3.4,35.4000,126.2000,전남 영광군 서북서쪽  약 30km해역,진도 I : 영광, 나주, 무안,전라남도 영광 및 나주일원에서 약한 진동이 감지되었음.
3,200502202230,4,20050220221839.000,3.4,35.4000,126.2200,전남 영광군 서북서쪽  약 30km해역,진도 I : 영광, 나주, 무안,전라남도 영광 및 나주일원에서 약한 진동이 감지되었음.
1,200503120000,5,20050312115648.001,2.4,38.8200,127.1400,함경남도 원산시 남남서쪽 약 45km 지역,,철원(기)에 확인결과 무감임.\n북한 지역으로 유감여부 확인 불가.,,=
1,200503172355,6,20050317233952.001,3.1,32.4700,125.8500,제주도 서귀포시 남남서쪽 약 105km 해역,,서귀포(기)에 확인결과 무감임.\n,,=
4,200503201107,0,20050320105300.000,7.0,33.9000,130.2000,일본 후쿠오카 북서쪽 45km 해역,유감,이 지진으로 인하여 경상남도를 비롯한 대부분의 지역에서 진동이 감지되었음.\n,,=
4,200503202005,0,20050320235900.000,4.6,33.8000,130.1000,일본 후쿠오카 북서쪽 45km 해역,,부산지역에서 지진동이 감지되었음.,,=
4,200503202015,0,20050320195200.000,4.5,33.8000,130.1000,일본 후쿠오카 북서쪽 45km 해역,,부산, 통영 지역에서 진동이 감지되었음.,
4,200503220005,0,20050321235900.000,4.6,33.8000,130.1000,일본 후쿠오카 북서쪽 45km 해역,,부산지역에서 지진동이 감지되었음.,,=
1,200503220005,1,20050321235900.000,4.6,33.8000,130.1000,일본 후쿠오카 북서쪽 45km 해역,,부산지역에서 지진동이 감지되었음.,,=
4,200503220005,0,20050321235900.000,4.6,33.8000,130.1000,일본 후쿠오카 북서쪽 45km 해역,,부산지역에서 지진동이 감지되었음.,,=
4,200503220005,0,20050321235921.000,4.6,33.8000,130.1000,일본 후쿠오카 북서쪽 45km 해역,진도 Ⅱ:부산, 마산, 진주, 통영
4,200503221605,4,20050322155543.000,5.1,33.7000,130.2000,일본 후쿠오카 북서쪽 45km 해역,유감,경상남도 지역에서 지진동이 감지되었음.,,=
4,200503242344,0,20050324233843.007,4.1,33.7000,130.2000,일본 후쿠오카 북서쪽 45km 해역,유감,부산지역에서 지진동이 감지되었음.,,=
4,200503252115,0,20050325210300.000,4.3,33.8000,130.1000,일본 후쿠오카 북서쪽 45km 해역,유감,부산, 양산 지역에서 진동이 감지되었음.,
2,200503252115,1,20050325210300.000,4.3,33.8000,130.1000,일본 후쿠오카 북서쪽 45km 해역,유감,원주(기)에서는 지진을 감지하지 못했으며 시민의 제보나 문희사항 없었음.,,=
2,200503252115,1,20050325210300.000,4.3,33.8000,130.1000,일본 후쿠오카 북서쪽 45km 해역,유감,원주(기)에서는 지진을 감지하지 못했으며 시민의 제보나 문희사항 없었음.,,=
2,200503252115,1,20050325210300.000,4.3,33.8000,130.1000,일본 후쿠오카 북서쪽 45km 해역,유감,원주(기)에서는 지진을 감지하지 못했으며 시민의 제보나 문희사항 없었음.,,=
2,200503252115,0,20050325210300.000,4.3,33.8000,130.1000,일본 후쿠오카 북서쪽 45km 해역,유감,원주(기)에서는 지진을 감지하지 못했으며 시민의 제보나 문희사항 없었음.,,=
4,200503252115,0,20050325210300.000,4.3,33.8000,130.1000,일본 후쿠오카 북서쪽 45km 해역,유감,부산, 양산 지역에서 진동이 감지되었음.,
4,200503252115,0,20050325210300.000,4.3,33.8000,130.1000,일본 후쿠오카 북서쪽 45km 해역,유감,부산, 양산 지역에서 진동이 감지되었음.,
2,200503290135,0,20050329011000.000,8.5,2.3000,97.1000,인도네시아 수마트라섬 서쪽 약 70km 해역,무감,위 자료는 알라스카지진해일경보센터 분석 결과임.\n이 지역은 2004년 12월 26일 발생한 인도네시아 지진.지진해일 발생지역으로부터 남동쪽으로 170km 정도 떨어진 지역임.,,=
2,200503310200,8,20050331011900.000,6.5,3.2000,95.4000,인도네시아 수마트라섬 북서부 해역,무감,위 자료는 태평양쯔나미경보센터 분석 결과임.\n이 지진은 3월29일 발생한 규모 8.7지진의 여진으로 추정됨.,,=
2,200503311700,10,20050331162407.000,6.0,1.8000,97.2000,인도네시아 수마트라섬 서부 해역,무감,위 자료는 태평양쯔나미경보센터 분석 결과임.\n이 지진은 3월29일 발생한 규모 8.7지진의 여진으로 추정됨.,,=
1,200503311940,7,20050331193240.005,2.2,36.4000,125.6000,충남 격렬비열도 남남서쪽 약 20km 해역,무감,서산기상대에 확인 결과 무감임,,=
1,200503311940,7,20050331193240.005,2.2,36.4000,125.6000,충남 격렬비열도 남남동쪽 약 20km 해역,무감,서산기상대에 확인 결과 무감임,,=
1,200504010024,8,20050401001519.006,2.2,33.6000,127.0000,제주 성산 북북동쪽 약 25km 해역,무감,제주기상청과 서귀포기상대에 확인 결과 무감임,,=
1,200504010024,8,20050401001519.006,2.4,33.6000,127.0000,제주 성산 북북동쪽 약 25km 해역,무감,제주기상청과 서귀포기상대에 확인 결과 무감임,,=
1,200504010024,8,20050401001519.006,2.4,33.6000,127.0000,제주 성산 북북동쪽 약 25km 해역,무감,제주지방기상청과 서귀포기상대에 확인 결과 무감임,,=
2,200504012200,0,20050401215200.000,4.5,33.7000,130.3000,일본 후쿠오카 북서쪽 약 17km 해역,무감,부산(청), 울산(기)에 확인 결과 무감임.,
2,200504031220,0,20050403121100.000,6.4,2.2000,97.9000,인도네시아 수마트라섬 서부 해역,,위 자료는 태평양쯔나미경보센터 분석 결과임. \n이 지진으로 인한 피해상황은 아직 확인된 바 없음\n이 지진은 3월29일 발생한 규모 8.7지진의 여진으로 추정됨,,=
1,200504091925,9,20050409191359.009,2.4,37.1700,125.4100,인천 덕적도 서쪽 60km 해역,,서산기상대에 확인 결과 무감임,,=
1,200504092315,10,20050409230448.007,2.3,35.6000,130.1000,울산광역시 동쪽 약 70km 해역,,울산기상대에 확인 결과 무감임,,=
1,200504092315,10,20050409230448.007,2.3,35.6000,130.1000,울산광역시 동쪽 약 70km 해역,,울산기상대에 확인 결과 무감임,,=
2,200504092315,10,20050409230448.008,2.3,35.6000,130.1000,울산광역시 동쪽 약 70km 해역,,울산기상대에 확인 결과 무감임,,=
1,200504092315,10,20050409230448.008,2.3,35.6000,130.1000,울산광역시 동쪽 약 70km 해역,,울산기상대에 확인 결과 무감임,,=
2,200504101950,11,20050410192915.000,6.8,1.1000,99.4000,인도네시아 수마트라섬 파당 서쪽 약 100km 해역,,위 자료는 태평양쯔나미경보센터 분석 결과임. \n이 지진으로 인한 피해상황은 아직 확인된 바 없음 \n,,=
2,200504101950,11,20050410192915.000,6.8,-1.1000,99.4000,인도네시아 수마트라섬 파당 서쪽 약 100km 해역,,위 자료는 태평양쯔나미경보센터 분석 결과임. \n이 지진으로 인한 피해상황은 아직 확인된 바 없음 \n,,=
4,200504102040,0,20050410203400.000,4.8,33.7000,130.3000,일본 후쿠오카 북서쪽 약 20km 해역,,지금까지 조사된 바에 의하면 부산에서 지진동이 감지되었음,,=
2,200504110730,0,20050411072200.000,6.1,35.7000,140.7000,일본 동경 동쪽 약 85km 지역,,위 자료는 일본 기상청(JMA)분석 결과임.,,=
2,200504111545,0,20050411151116.000,6.2,2.8000,96.7000,인도네시아 투앙쿠 섬 북북서쪽 약60km 해역,,위 자료는 태평양쯔나미경보센터(PTWC) 분석 결과임.\n이 지진으로 인한 피해상황은 아직 확인된 바 없음,,=
2,200504112140,0,20050411212012.000,6.5,-3.4000,145.6000,파푸아뉴기니 마당 북쪽 약 100km 해역,,위 자료는 태평양쯔나미경보센터(PTWC) 분석 결과임.\n이 지진으로 인한 피해상황은 아직 확인된 바 없음,,=
2,200504112140,0,20050411212012.000,6.5,-3.4000,145.6000,파푸아뉴기니 마당 북쪽 약 200km 해역,,위 자료는 태평양쯔나미경보센터(PTWC) 분석 결과임.\n이 지진으로 인한 피해상황은 아직 확인된 바 없음,,=
2,200504120020,0,20050411235401.000,6.2,-7.6000,-78.1000,페루 트루질로 남서쪽 약 110km 지역,,위 자료는 태평양쯔나미경보센터(PTWC) 분석 결과임.\n이 지진으로 인한 피해상황은 아직 확인된 바 없음,,=
2,200504120245,0,20050412020900.000,6.7,-22.0000,170.6000,뉴칼레도니아 누메이 동쪽 약 440km 해역,,위 자료는 태평양쯔나미경보센터(PTWC) 분석 결과임.\n이 지진으로 인한 피해상황은 아직 확인된 바 없음,,=
2,200504170200,0,20050417013804.000,6.5,1.9000,97.8000,인도네시아 투앙쿠섬 동남동쪽 약 65km 해역,,위 자료는 태평양쯔나미경보센터(PTWC) 분석 결과임.\n이 지진으로 인한 피해상황은 아직 확인된 바 없음,,=
2,200504191100,0,20050419104800.000,6.2,29.7000,139.6000,일본 도쿄 남쪽 약 660km 해역,,위 자료는 일본기상청(JMA) 분석 결과임.\n이 지진으로 인한 피해상황은 아직 확인된 바 없음.,,=
4,200504200620,0,20050420061100.000,5.7,33.7000,130.3000,일본 후쿠오카 북서쪽 25km 해역,,위 자료는 일본기상청(JMA) 분석 결과임.\n지금까지 조사된 바에 의하면 이지진으로 인하여 전국에서 대부분 지역에서 진동이 감지되었음.\n\n\n,,=
4,200504200620,0,20050420061100.000,5.7,33.7000,130.3000,일본 후쿠오카 북서쪽 약 25km 해역,,위 자료는 일본기상청(JMA) 분석 결과임.\n지금까지 조사된 바에 의하면 이지진으로 인하여 전국 대부분 지역에서 진동이 감지되었음.\n\n\n,,=
4,200504200917,0,20050420061100.000,5.1,33.7000,130.3000,일본 후쿠오카 북서쪽 약 25km 해역,유감,위 자료는 일본기상청(JMA) 분석 결과임.\n지금까지 조사된 바에 의하면 이지진으로 인하여 국내 남부지방에서 진동이 감지되었음.\n\n\n,,=
4,200504200917,0,20050420090900.000,5.1,33.7000,130.3000,일본 후쿠오카 북서쪽 약 25km 해역,유감,위 자료는 일본기상청(JMA) 분석 결과임.\n지금까지 조사된 바에 의하면 이지진으로 인하여 국내 남부지방에서 진동이 감지되었음.\n\n\n,,=
1,200504211245,11,20050421123733.006,3.0,34.9100,125.4700,전남 흑산도 북쪽 약 25km 해역,,흑산도기상대, 목포기상대에 확인 결과 무감임,
1,200505011637,12,20050501162708.007,3.6,35.0400,123.0000,전남 흑산도 서쪽 약 225km 해역,무감,흑산도(기), 목포(기), 군산(기)
4,200505020137,0,20050502012400.000,4.9,33.7000,130.3000,일본 후쿠오카 북서쪽 약 25km 해역,,- 위 자료는 일본기상청(JMA) 분석 결과임.\n- 지금까지 조사된 바에 의하면 이 지진으로 인하여 \n  부산 및 경남일대에서 진동이 감지되었음.,,=
2,200505101030,0,20050510100907.000,6.3,-6.3000,103.1000,인도네시아 수마트라섬 남쪽 해역,,1. 위 자료는 태평양쯔나미경보센터(PTWC) 분석 결과임.\n2. 이 지진으로 인한 피해 상황은 아직 확인된 바 없음.,,=
2,200505141424,0,20050514140519.000,6.9,0.6000,98.5000,인도네시아 수마트라섬 남서쪽 인근해역,,1. 위 자료는 태평양쯔나미경보센터(PTWC)분석결과임\n2. 이 지진으로 인한 피해는 아직 확인된 바 없음,,=
1,200505150731,13,20050515072232.002,2.6,38.1300,125.6000,황해도 해주 북서쪽 약 15km 지역,,백령도(기), 문산(기)에 확인한 결과 무감임.,
2,200505191116,0,20050519110519.000,6.7,1.8000,96.5000,인도네시아 수마트라섬 메단 남서쪽 약 315km 해역,,1. 위 자료는 태평양쯔나미경보센터(PTWC) 분석 결과임. \n2. 이 지진으로 인한 피해 상황은 아직 확인된 바 없음.,,=
2,200505191116,0,20050519105452.000,6.7,1.8000,96.5000,인도네시아 수마트라섬 메단 남서쪽 약 315km 해역,,1. 위 자료는 태평양쯔나미경보센터(PTWC) 분석 결과임. \n2. 이 지진으로 인한 피해 상황은 아직 확인된 바 없음.,,=
3,200506080016,14,20050608000729.004,2.5,37.5100,124.7600,인천광역시 백령도 남동쪽 약 30km 해역,무감,백령도(기)에 확인한 결과 무감임.,,=
3,200506101257,15,20050610124954.000,2.4,36.7300,128.4800,경북 예천 북북동쪽 약 6km 지역,무감,무김지진임,,=
3,200506101257,15,20050610124954.000,2.4,36.7300,128.4800,경북 예천 북북동쪽 약 6km 지역,무감,무감지진임,,=
3,200506102121,16,20050610211436.000,2.5,36.7800,128.4800,경북 예천군 북북동쪽 9km 지역,,이 지진은 무감 지진으로 지진계에 의해서만 감지되었음.,,=
2,200506140812,0,20050614074434.000,7.7,-20.1000,-68.9000,칠레 이키케 동쪽 약 130km 지역,,- 위 자료는 태평양쯔나미경보센터(PTWC)분석결과임.,,=
3,200506150714,17,20050615070702.000,3.7,33.1500,126.1400,제주 서귀포시 서쪽 41km 해역,,지금까지 조사된 바에 의하면 이 지진으로 인하여 제주에서 지진동이 감지되었음 \n이 지진으로 인한 피해는 아직 확인된 바 없음.,,=
3,200506150742,18,20050615073747.000,3.0,33.0000,126.1500,제주도 서귀포시 서남서쪽 약 48km 해역,,이 지진은 7시 7분경 발생한 규모 3.7의 여진으로 지진계에 의해서만 감지되었음.,,=
2,200506151215,0,20050615121402.000,7.6,41.3000,-125.8000,미국 서부 시애틀 인근해역,,위 자료는 태평양쯔나미경보센터(PTWC)분석결과임,,=
2,200506151215,0,20050615115054.000,7.6,41.3000,-125.8000,미국 캘리포니아주 유레카시 북북서쪽 150km 해역,,위 자료는 태평양쯔나미경보센터(PTWC)분석결과임,,=
2,200506171605,0,20050617152143.000,7.0,40.6000,126.4000,미국 유레카시 서쪽 약 155km 해역,,위 자료는 태평양쯔나미경보센터(PTWC)분석결과임,,=
2,200506171605,0,20050617152143.000,7.0,40.6000,-126.4000,미국 유레카시 서쪽 약 155km 해역,,위 자료는 태평양쯔나미경보센터(PTWC)분석결과임,,=
3,200506201537,19,20050620153201.000,2.3,38.3300,126.3900,황해도 개성 북서쪽 약 31km 지역,,이 지진은 무감 지진으로 지진계에 의해서만 감지되었음.,,=
3,200506201537,19,20050620153149.000,3.0,38.8100,125.5700,평양 남서쪽 약 20km 지역,,이 지진은 무감 지진으로 지진계에 의해서만 감지되었음.,,=
3,200506292327,20,20050629231807.000,3.7,34.5500,129.0000,경남 거제 동남동쪽 약 48km 해역,부산 및 경남일대에서 지진동이 감지되었음, - KBS, MBC, SBS
3,200506292337,20,20050629231805.000,4.0,34.5000,129.0500,경남 거제 동남동쪽 약 54km 해역,부산 및 경남일대에서 지진동이 감지되었음, - KBS, MBC, SBS
3,200506300048,21,20050630002504.000,3.1,36.6600,129.6300,경북 영덕 동북동쪽 약 35km 해역,무감,이 지진은 무감 지진으로 지진계에 의해서만 감지가\n되었습니다.\n,,=
3,200506300140,21,20050630002504.000,3.1,36.6600,129.6300,경북 영덕 동북동쪽 약 35km 해역,무감,- 이 지진은 무감 지진으로 지진계에 의해서만 감지가\n되었습니다.\n- 6월 30일 00시 29분에 발표되었던 지진의 상세분석한 결과입니다.,,=
2,200507231643,261,20050723163500.000,5.7,35.5000,140.2000,일본 도쿄 남동쪽 약 44km 지역,,위 자료는 일본기상청(JMA) 분석결과임.\n이 지진정보는 내부기관 참고용임.,,=
2,200507250107,273,20050725004200.000,7.2,7.9000,92.1000,인도 니코바섬 서쪽 약 130km 해역,,위 자료는 태평양지진해일경보센터(PTWC) 분석결과임\n이 지진정보는 내부기관 참고용임.,,=
2,200507250121,273,20050725004200.000,7.2,7.9000,92.1000,인도 니코바섬 서쪽 약 130km 해역,,이 정보는 05년 07월 25일 01시 07분에 발표한 지진정보의 2차정보임. \n이 지진으로 인도 안다만 및 니코바제도 전 해역과 인도네시아 수마트라 인도양 해역 및 말라카 해역에 1시간 이내 쯔나미 발생가능성이 있음. \n위 자료는 태평양지진해일경보센터(PTWC) 분석결과임\n이 지진정보는 내부기관 참고용임.,,=
3,200507300307,282,20050730030136.000,2.9,34.1400,127.4700,전남 고흥군 남남동쪽 38km 해역,,KBS, MBC, SBS
3,200507300315,282,20050730030136.000,2.9,34.1400,127.4700,전남 고흥군 남남동쪽 38km 해역,,KBS, MBC, SBS
3,200507300320,282,20050730030136.000,3.1,34.1400,127.4700,전남 고흥군 남남동쪽 38km 해역,,KBS, MBC, SBS
3,200507300320,282,20050730030136.000,3.1,34.1400,127.4700,전남 고흥군 남남동쪽 38km 해역,,KBS, MBC, SBS
2,200508081800,303,20050808173401.000,6.1,-3.7000,140.4000,인도네시아 자야푸라 남서쪽 약 140km 지역,,위 자료는 태평양지진해일경보센터(PTWC) 분석결과임.\n이 지진정보는 내부기관 참고용임.,,=
2,200508091515,305,20050809140924.000,6.1,28.8000,53.1000,이란 쉬라즈 남동쪽 약 100Km 지역,,위 자료는 태평양지진해일경보센터(PTWC) 분석결과임.\n이 지진정보는 내부기관 참고용임.,,=
2,200508161156,323,20050816114643.000,6.8,38.1500,142.2000,일본 센다이 동쪽 약 120km 해역,,위 자료는 일본기상청(JMA) 분석결과임.\n이 지진정보는 내부기관 참고용임.,,=
3,200508240513,331,20050824050626.000,3.5,34.1000,127.0000,전남 완도군 동남동쪽 31km 해역,,이 지진은 무감지진으로 지진계에 의해서만 감지되었음.\n이 지진정보는 자동분석 결과이며 상세분석 후 변경될 수 있음.\n,,=
2,200508241940,332,20050824191514.000,6.2,38.5000,143.4000,일본 센다이 북동쪽 약 175km 해역,,위 자료는 일본기상청(JMA) 분석결과임.\n이 지진정보는 내부기관 참고용임.\n,,=
3,200508251937,333,20050825193347.000,2.2,36.7500,126.3000,충남 태안군 북동쪽 2km 지역,,이 지진은 무감지진으로 지진계에 의해서만 감지되었음.\n이 지진정보는 자동분석 결과이며 상세분석 후 변경될 수 있음.\n,,=
2,200508310323,342,20050831031627.000,6.2,38.4000,143.5000,미아기현 센다이 동쪽 230Km 해역,,위 자료는 일본기상청(JMA) 분석결과임.\n이 지진정보는 내부기관 참고용입니다.,,=
2,200508310323,342,20050831031100.000,6.2,38.4000,143.5000,일본 미아기현 센다이 동쪽 230Km 해역,,위 자료는 일본기상청(JMA) 분석결과임.\n이 지진정보는 내부기관 참고용입니다.,,=
3,200508311302,346,20050831125810.000,2.1,37.1200,129.7000,경북 울진군 동북동쪽 35km 해역,,이 지진은 무감지진으로 지진계에 의해서만 감지되었음.,,=
3,200509071715,349,20050907171110.000,2.1,37.0900,127.8600,충북 음성군 동북동쪽 22km 지역,,이 지진은 무감지진으로 지진계에 의해서만 감지되었음.\n이 지진정보는 자동분석 결과이며 상세분석 후 변경될 수 있음.\n,,=
2,200509091647,350,20050909162650.000,7.3,-4.5000,153.4200,파퓨야뉴기니아 타론 동쪽 약 40km 해역,,위 자료는 태평양지진해일경보센터(PTWC) 분석결과임.\n이 지진정보는 내부기관 참고용임.\n,,=
3,200509122037,355,20050912201856.000,4.0,33.7000,130.1000,일본 후쿠오카 북서쪽 약 45km 해역,,이 지진으로 인하여 부산, 울산 지역에서 지진동이 감지되었음.\n위 자료는 일본방재연구소(NIED) 분석결과임.,
3,200509122050,355,20050912201856.000,4.2,33.7000,130.1000,일본 후쿠오카 북서쪽 약 45km 해역,,KBS, MBC, SBS
2,200509261122,380,20050926105600.000,7.5,-5.7000,-76.2000,페루 북부 지역,,위 자료는 태평양지진해일경보센터(PTWC) 분석결과임.\n이 지진정보는 내부기관 참고용임.,,=
3,200510031923,388,20051003191838.000,2.1,35.6200,129.4000,울산 북구 동북동쪽 6km 지역,,이 지진은 무감지진으로 지진계에 의해서만 감지되었음.\n이 지진정보는 자동분석 결과이며 상세분석 후 변경될 수 있음.\n,,=
2,200510081311,398,20051008125100.000,7.5,34.8000,73.7000,파키스탄 북부 지역,,위 자료는 태평양지진해일경보센터(PTWC) 분석결과임.,,=
3,200510100854,408,20051010085106.000,3.4,37.9300,124.9000,인천광역시 백령도 동쪽 25km 해역,,이 지진은 무감지진으로 지진계에 의해서만 감지되었음.\n이 지진정보는 자동분석 결과이며 상세분석 후 변경될 수 있음.\n\n,,=
3,200510131125,416,20051013112229.000,2.5,36.9500,129.4300,경북 울진군 남동쪽 4km 해역,,이 지진은 무감지진으로 지진계에 의해서만 감지되었음.\n이 지진정보는 자동분석 결과이며 상세분석 후 변경될 수 있음.\n,,=
5,200510160106,421,20051016005109.000,6.5,24.8100,123.7900,대만 키룽시 동쪽 205km 해역,,이 정보는 2005년 10월 16일 00시 56분에 발표한 지진의 2차 통보임.\n위 자료는 대만 기상국(CWB) 분석결과임.,,=
2,200510192101,440,20051019204400.000,6.2,36.4000,141.0000,일본 동경 북동쪽 약 130km 해역,,위 자료는 일본기상청(JMA) 분석결과임.,,=
3,200510211204,443,20051021120030.000,3.0,37.8900,125.0100,인천광역시 백령도 동쪽 37km 해역,,이 지진은 무감지진으로 지진계에 의해서만 감지되었음.\n이 지진정보는 자동분석 결과이며 상세분석 후 변경될 수 있음.\n,,=
3,200510230107,468,20051023010245.000,2.5,34.9700,127.0700,전남 화순군 동남동쪽 11km 지역,,KBS, MBC, SBS
3,200510230107,468,20051023010245.000,2.5,34.9700,127.0700,전남 화순군 동남동쪽 11km 지역,,KBS, MBC, SBS
2,200510231922,496,20051023190900.000,6.3,37.4000,134.7000,일본 가나자와 북서쪽 약 190km 해역,,위 자료는 일본기상청(JMA) 분석결과임.,,=
3,200511061300,469,20051106125245.000,2.2,35.9800,128.1300,경북 김천시 남남동쪽 약 11km 지역,,이 지진은 무감지진으로 지진계에 의해서만 감지되었음. \n이 지진정보는 자동분석 결과이며 상세분석 후 변경될 수 있음.,,=
3,200511061300,559,20051106125245.000,2.2,35.9800,128.1300,경북 김천시 남남동쪽 11km 지역,,이 지진은 무감지진으로 지진계에 의해서만 감지되었음.\n이 지진정보는 자동분석 결과이며 상세분석 후 변경될 수 있음.\n,,=
3,200511061300,559,20051106125245.000,2.2,35.9800,128.1300,경북 김천시 남남동쪽 11km 지역,,이 지진은 무감지진으로 지진계에 의해서만 감지되었음.\n이 지진정보는 자동분석 결과이며 상세분석 후 변경될 수 있음.\n,,=
2,200511110452,574,20051111042957.000,6.1,57.4000,120.5000,러시아 네륜구리(몽골 경계) 북서쪽 지역,,위 자료는 태평양지진해일경보센터(PTWC) 분석결과임.,,=
2,200511150650,593,20051115063800.000,6.9,38.0000,145.0000,일본 혼슈 북부 해역,,위 자료는 일본기상청(JMA) 분석결과임.,,=
3,200511150916,594,20051115091049.000,3.0,37.2000,128.7900,강원 영월군 동쪽 19km 지역,,이 지진으로 인하여 경북 죽변지역에서 지진동이 감지되었음\n이 지진정보는 자동분석 결과이며 상세분석 후 변경될 수 있음,,=
2,200511180457,606,20051118042650.000,6.9,-22.4000,-67.8000,칠레 안토파가스타 북동쪽 약 300km 지역,,위 자료는 미지질조사소(USGS) 분석결과임.,,=
2,200511220050,629,20051122003600.000,6.0,30.9000,130.3000,일본 큐슈 가고시마현 가이만 남서쪽 약 30km 해역,,위 자료는 일본기상청(JMA) 분석결과임.,,=
3,200511271151,655,20051127114715.000,2.5,37.4600,125.2300,인천광역시 백령도 동남동쪽 69km 해역,,이 지진은 무감지진으로 지진계에 의해서만 감지되었음.\n이 지진정보는 자동분석 결과이며 상세분석 후 변경될 수 있음.\n,,=
5,200511271210,657,20051127114704.000,3.1,38.3500,123.9900,인천광역시 백령도 서북서쪽 80km 해역,,2005년 11월 27일 11시 51분에 발표한 지진의 2차 통보임.,,=
2,200512022227,676,20051202221307.000,6.4,38.1000,142.3000,일본 센다이 동쪽 125km 해역,,위 자료는 일본기상청(JMA) 분석결과임,,=
2,200512040122,680,20051204011000.000,6.1,29.1000,130.8000,일본 가고시마 남쪽 약 270km 해역,,위 자료는 일본기상청(JMA) 분석결과임.,,=
2,200512052205,688,20051205212003.000,6.8,-5.3000,29.9000,탄자니아 타보라 서쪽 약 310km 지역,,위 자료는 태평양지진해일경보센터(PTWC) 분석결과임.,,=
3,200512071806,691,20051207180211.000,2.2,36.6300,127.7700,충북 보은군 북북동쪽 11km 지역,,이 지진정보는 자동분석 결과이며 상세분석 후 변경될 수 있습니다.,,=
2,200512112345,698,20051211232043.000,7.0,-6.5000,152.3000,파퓨아뉴기니 뉴브리튼 남쪽 254km 해역,,위 자료는 미지질조사소(USGS) 분석결과임.,,=
2,200512130712,701,20051213064749.000,6.6,36.5000,71.2000,아프카니스탄 페이자바드 남동쪽 약 90km 지역,,위 자료는 태평양지진해일경보센터(PTWC) 분석결과임.,,=
2,200512170345,704,20051217033200.000,6.2,38.3000,142.7000,일본 미야기현 동쪽 해역,,위 자료는 일본기상청(JMA) 분석결과임.,,=
3,200512180003,706,20051217235958.000,2.5,34.2600,127.9100,전남 여수시 남동쪽 44km 해역,,이 지진정보는 자동분석 결과이며 상세분석 후 변경될 수 있습니다.,,=
5,200512180016,707,20051218000003.000,2.2,34.6400,127.6100,전남 여수시 남남서쪽 9km 지역,,이 지진은 2005년 12월 18일 00시 03분에 발표한 지진의 2차 통보입니다.,위,경도 변경 및 규모 수정
3,200512250402,730,20051225035848.000,2.4,34.7400,127.2200,전남 보성군 동쪽 16km 지역,,이 지진정보는 자동분석 결과이며 상세분석 후 변경될 수 있습니다.\n이 지진은 무감지진으로 지진계에 의해서만 감지되었음,,=
2,200601021543,7,20060102151049.000,7.3,-60.8600,-21.3900,칠레 푼타아레나스 남동 3037km 해역,,위 자료는 미지질조사소(USGS) 분석결과임.,,=
2,200601030739,10,20060103071335.000,7.1,-19.9000,-178.1000,남태평양 피지제도 수바 남동쪽 약400Km해역,,위 자료는 태평양지진해일경보센터(PTWC) 분석결과임.,,=
2,200601082059,19,20060108203452.000,7.0,36.4000,23.5000,그리스 아테네 남쪽 약 150km 해역,,위 자료는 태평양지진해일경보센터(PTWC) 분석결과임.,,=
3,200601191241,64,20060119123534.000,3.2,37.2100,128.8000,강원 영월군 동쪽 20km 지역,,이 지진으로 인하여 영월 등지에서 지진동이 감지 되었음.\n이 지진정보는 자동분석 결과이며 상세분석 후 변경될 수 있습니다.,,=
3,200601192301,67,20060119225330.000,2.0,37.1900,128.7700,강원 정선군 동남동쪽 14km 지역,,이 지진으로 인하여 강원 태백지역에서 지진동이 감지되었음.\n이 지진정보는 자동분석 결과이며 상세분석 후 변경될 수 있음.\n,,=
3,200601211133,71,20060121112949.000,2.1,36.3300,127.2600,대전 유성구 서쪽 11km 지역,,이 지진정보는 자동분석 결과이며 상세분석 후 변경될 수 있습니다.,,=
2,200601280219,99,20060128015852.000,7.7,-5.4000,128.2000,인도네시아 암본 남쪽 191km 해역,,위 자료는 미국지질조사소(USGS) 분석결과임.,,=
3,200602140339,139,20060214033202.000,3.0,38.6700,126.0300,황해도 사리원 동북동쪽 31km 지역,,이 지진은 지진계에 의해서만 감지되었음.,,=
2,200602230746,172,20060223071908.000,7.2,-21.0000,33.3000,모잠비크 북부 지역,,위 자료는 태평양지진해일경보센터(PTWC) 분석결과임.,,=
3,200602280015,184,20060228001122.000,2.3,35.8100,127.8900,경남 거창군 북북서쪽 9km 지역,,이 지진정보는 자동분석 결과이며 상세분석 후 변경될 수 있습니다.,,=
2,200602281656,192,20060228163105.000,6.3,28.3000,56.8000,이란 케르만 남쪽 약 200km 지역,,위 자료는 태평양지진해일경보센터(PTWC) 분석결과임.,,=
3,200602281858,193,20060228185238.000,2.3,36.2200,127.6600,충북 옥천군 동남동쪽 11km 지역,,이 지진정보는 자동분석 결과이며 상세분석 후 변경될 수 있음.,,=
3,200603100602,228,20060310055717.000,2.5,33.3000,127.1500,제주 남제주군 동쪽 65km 해역,,이 지진정보는 자동분석 결과이며 상세분석 후 변경될 수 있음.,,=
3,200603110455,230,20060311045222.000,2.1,37.1300,126.0000,충남 태안군 북서쪽 42km 해역,,이 지진정보는 자동분석 결과이며 상세분석 후 변경될 수 있습니다.,,=
3,200603150441,240,20060315043654.000,2.4,38.1900,125.9400,황해도 해주 동북동쪽 27km 지역,,이 지진정보는 자동분석 결과이며 상세분석 후  변경될 수 있음,,=
3,200603191404,249,20060319135947.000,2.9,36.3400,127.3600,대전 서구 서남서쪽 2km 지역,,이 지진으로 인하여 청주에서 지진동이 감지 되었음.\n이 지진으로 인한 피해사항은 아직 확인된 바 없음.\n,,=
3,200603191409,250,20060319140346.000,2.0,36.3300,127.3400,대전 유성구 남서쪽 3km 지역,,지진발생 및 인근지역에서는 장소에 따라 지진동이 감지될 수 있음.\n이 지진은 무감지진으로 지진계에 의해서만 감지되었음.\n* 14시 04분 발표된 지진규모 2.9에 이은 2차 지진임*\n,,=
3,200603230748,262,20060323074255.000,2.5,38.3200,127.3000,강원 철원군 북쪽 12km 지역,,이 지진정보는 자동분석 결과이며 상세분석 후 변경될 수 있음.,,=
2,200603251656,270,20060325162902.000,6.0,27.6000,55.7000,이란 반다르아바스 북서쪽 약 70km 지역,,위 자료는 태평양지진해일경보센터(PTWC) 분석결과임.,,=
3,200603260759,273,20060326075450.000,2.4,35.6600,126.2600,전남 영광군 북서쪽 38km 해역,,이 지진정보는 자동분석 결과이며 상세분석 후 변경될 수 있음.,,=
3,200603271204,278,20060327115000.000,5.5,32.6000,132.2000,일본 오이타 남동쪽 84km 해역,,위 자료는 일본기상청(JMA) 분석결과임.\n진도 : 일본 고지현 지역 5약 정도임.,,=
2,200603282250,282,20060328223300.000,6.0,32.2000,138.6000,일본 혼슈 나고야 남동쪽 306km 해역,,위 자료는 일본기상청(JMA) 분석결과임.\n,,=
2,200604011935,307,20060401190224.000,6.5,22.9000,121.3000,대만 타이툰 북동 해역,,위 자료는 태평양지진해일경보센터(PTWC) 분석결과임.,,=
3,200604020008,308,20060402000437.000,2.0,35.3800,127.2200,전북 순창군 동쪽 9km 지역,,이 지진정보는 자동분석 결과이며 상세분석 후 변경될 수 있음.,,=
3,200604031821,313,20060403181404.000,3.3,38.6800,125.9600,황해도 사리원 동북동쪽 24km 지역,,이 지진정보는 자동분석 결과이며 상세분석 후 변경될 수 있음.,,=
3,200604130114,341,20060413010947.000,2.8,34.7400,125.0100,전남 신안군 흑산면 서쪽 52km 해역,,이 지진정보는 자동분석 결과이며 상세분석 후 변경될 수 있음.,,=
2,200604162108,363,20060416205000.000,6.0,30.4000,139.4000,일본 요코하마 남쪽 약565km 해역,,위 자료는 일본기상청(JMA) 분석결과임.,,=
3,200604190939,366,20060419093447.000,2.4,37.2700,131.8800,경북 울릉군 독도 북동쪽 4km 해역,,이 지진정보는 자동분석 결과이며 상세분석 후 변경될 수 있음.,,=
5,200604191001,367,20060419093510.000,2.4,37.0700,129.9300,경북 울진군 동쪽 59km 해역,,이 자료는 2006년 4월 19일 09시 39분에 발표한 지진의 2차 통보임,진앙지 수정,=
3,200604191007,368,20060419094934.000,3.0,37.0500,129.9600,경북 울진군 동쪽 62km 해역,,,,=
3,200604191101,369,20060419105756.000,2.5,37.1000,129.9100,경북 울진군 동쪽 57km 해역,,,,=
3,200604191606,376,20060419160132.000,2.4,37.1000,129.9200,경북 울진군 동쪽 58km 해역,,이 지진정보는 자동분석 결과이며 상세분석 후 변경될 수 있음.\n\n,,=
3,200604191627,377,20060419161813.000,2.1,37.0100,129.8200,경북 울진군 동쪽 46km 해역,,이 지진정보는 자동분석 결과이며 상세분석 후 변경될 수 있음.\n\n,,=
2,200604210844,386,20060421082503.000,7.7,61.0600,167.1700,러시아 코라키아 지역,,위 자료는 미지질조사소(USGS) 분석결과임.,,=
3,200604282355,408,20060428234755.000,3.0,37.0900,129.9200,경북 울진군 동쪽 58km 해역,,이 지진정보는 자동분석 결과이며 상세분석 후 변경될 수 있음.,,=
3,200604282359,409,20060428235456.000,2.5,37.1200,129.9300,경북 울진군 동쪽 59km 해역,,이 지진정보는 자동분석 결과이며 상세분석 후 변경될 수 있음.,,=
3,200604290107,410,20060429010100.000,2.5,37.0700,129.8100,경북 울진군 동쪽 46km 해역,,이 지진정보는 자동분석 결과이며, 상세분석 후 변경될 수 있음.,
3,200604291108,411,20060429110112.000,3.5,37.0900,129.9200,경북 울진군 동쪽 58km 해역,,이 지진정보는 자동분석 결과이며, 상세분석 후 변경될 수 있음.,
2,200604300219,415,20060430015806.000,6.8,60.4000,167.6000,러시아 코라키아 지역,,위 자료는 미지질조사소(USGS) 분석결과임.,,=
3,200604300955,419,20060430095004.000,2.5,37.0500,129.8400,경북 울진군 동쪽 49km 해역,,이 지진정보는 자동분석 결과이며 상세분석 후 변경될 수 있음.,,=
2,200605010447,422,20060501041715.000,6.4,-26.9800,-70.7800,칠레 코피아코 북서쪽 약 60km 지역,,위 자료는 미지질조사소(USGS) 분석결과임,,=
2,200605040053,430,20060504002639.000,8.1,-19.9200,-174.3400,통가 네이아푸 남남서쪽 146km 해역,,위 자료는 미지질조사소(USGS) 분석결과임,,=
3,200605080705,441,20060508065915.000,2.4,36.2200,129.5400,경북 포항시 북구 북동쪽 23km 해역,,이 지진정보는 상세분석 결과임.,,=
2,200605131930,452,20060513191400.000,3.9,34.0000,129.1000,일본 대마도 이즈하라 남서쪽 30km해역,,위 자료는 일본기상청(JMA) 분석결과임.,,=
2,200605162003,465,20060516193917.000,7.5,-31.5000,-179.3000,뉴질랜드 케르마데크 제도 남남서쪽 285km 해역,,위 자료는 미지질조사소(USGS) 분석결과임,,=
2,200605222032,474,20060522201202.000,6.7,60.7900,165.8300,러시아 코라키아지역,,위 자료는 미지질조사소(USGS) 분석결과임,,=
2,200605222252,476,20060522220802.000,6.2,54.3200,158.4300,러시아 캄차카반도 지역,,위 자료는 미지질조사소(USGS) 분석결과임,,=
2,200605281247,489,20060528121200.000,6.7,-5.7000,151.3000,파푸아뉴기니 뉴프리튼 지역,,위 자료는 태평양지진해일경보센터(PTWC) 분석결과임.,,=
3,200606011201,503,20060601115801.000,2.4,34.6000,128.1600,경남 남해군 동남동쪽 34km 해역,,이 지진정보는 자동분석 결과이며, 상세분석 후  변경될 수 있습니다.,
3,200606120511,539,20060612050137.000,5.3,32.9800,131.3500,일본 구마모토 북동쪽 약 62km 지역,,위 자료는 일본방재연구소(NIED) 분석결과임.\n부산 및 포항 일대에서 약한 진동을 느낌.,,=
5,200606120525,539,20060612050100.000,6.1,33.2000,131.4000,일본 오이타 서쪽 약 20km 지역,,위 자료는 일본기상청(JMA) 분석결과임.\n이 자료는 2006년 6월 12일 05시 11분에 발표한 지진의 2차 통보임.\n부산, 포항, 울산 일대에서 약한 진동을 느낌.
2,200606271157,593,20060627113929.000,7.1,51.7800,175.6000,알라스카 알루시안 열도 해역,,위 자료는 미지질조사소(USGS) 분석결과임.,,=
2,200607041759,616,20060704125627.000,4.9,39.1200,116.2200,중국 베이징 남쪽 80km 지역,,위 자료는 미지질조사소(USGS) 분석결과임\n,,=
2,200607090601,626,20060709054004.000,7.5,51.3900,-179.3700,미국 알래스카 알루샨열도 남쪽해역,,  위 자료는 미지질조사소(USGS) 분석결과임,,=
2,200607090643,627,20060709054004.000,6.2,51.3900,-179.3700,미국 알래스카 알루샨열도 남쪽 해역,,2006년 7월 9일 06시 01분에 발표한 지진의 2차 정보임.\n위 자료는 미지질조사소(USGS)의 수정 분석결과임.\n수정사항 : 규모 7.5를 6.2로 수정,,=
2,200607171805,635,20060717171900.000,7.2,-9.3000,107.3000,인도네시아 자바섬 남쪽 약 200km 해역,,위 자료는 태평양지진해일경보센터(PTWC) 분석결과임.,,=
3,200607181455,645,20060718144953.000,2.0,36.1300,126.6500,충남 서천군 북서쪽 6km 지역,,이 지진정보는 자동분석 결과이며, 상세분석 후 변경될 수 있음\n\n,
3,200607240250,652,20060724024417.000,2.0,37.1700,126.3200,충남 서산시 북북서쪽 30km 해역,,이 지진정보는 자동분석 결과이며, 상세분석 후 변경될 수 있음.\n\n,
3,200607252333,657,20060725232918.000,2.5,35.7900,127.8900,경남 거창군 북북서쪽 8km 지역,,이 지진정보는 자동분석 결과이며, 상세분석 후 변경될 수 있음.,
3,200607260255,659,20060726025038.000,2.0,35.8000,127.8800,경남 거창군 북북서쪽 9km 지역,,이 지진정보는 자동분석 결과이며, 상세분석 후 변경될 수 있음.,
3,200608011301,680,20060801125736.000,2.0,35.7400,127.8200,경남 거창군 서북서쪽 11km 지역,,이 지진정보는 자동분석 결과이며, 상세분석 후 변경될 수 있음.,
2,200608052332,692,20060805230344.000,5.9,-33.0000,-68.7000,아르헨티나 멘도자 남동쪽 약 20km 지역,,위 자료는 미지질조사소(USGS) 분석결과임,,=
2,200608070341,695,20060807031700.000,6.2,26.5000,144.2000,일본 동경 남남동쪽 약 1100km해역,,위 자료는 일본기상청(JMA) 분석결과임.,,=
3,200608071424,697,20060807141833.000,2.8,35.6000,124.6300,전남 신안군 흑산면 서북서쪽 111km 해역,,이 지진정보는 자동분석 결과이며, 상세분석 후 변경될 수 있음,
2,200608080746,701,20060808071900.000,7.0,-15.8000,167.8000,바누아투 펜테코스트섬 서쪽 40km 해역,,위 자료는 태평양지진해일경보센터(PTWC) 분석결과임.,,=
3,200608090821,702,20060809081619.000,2.3,35.7000,124.8000,제주 서귀포시 서쪽 118km 해역,,이 지진정보는 자동분석 결과이며, 상세분석 후 변경될 수 있음,
5,200608090824,702,20060809081619.000,2.3,35.7000,124.8000,충남 태안군 서격렬비열도 남서쪽 100km 해역,,2006년 8월 9일 08시 21분에 발표한 지진의 2차 통보임.,위경도 및 규모 동일, 진앙의 위치 수정
2,200608112358,707,20060811233044.000,5.9,18.6200,-100.9100,멕시코 미초아칸 지역,,위 자료는 미지질조사소(USGS) 분석결과임.,,=
2,200608130352,711,20060813033900.000,5.7,28.6000,130.5000,일본 가고시마 남쪽 217km 해역,,위 자료는 일본기상청(JMA) 분석결과임.,,=
2,200608172045,736,20060817201138.000,6.2,55.6800,161.6600,러시아 캄차카반도 동쪽 지역,,위 자료는 미지질조사소(USGS) 분석결과임.,,=
2,200608180037,739,20060818002000.000,6.0,46.7000,142.0000,러시아 사할린섬 지역,,위 자료는 일본기상청(JMA) 분석결과임.,,=
2,200608251016,768,20060825094443.000,6.4,-24.3000,-66.9000,아르헨티나 살타 북서쪽 약 150km 지역,,위 자료는 미지질조사소(USGS) 분석결과임.,,=
3,200608260747,777,20060826074416.000,2.2,37.2100,128.8100,강원 태백시 서쪽 20km 지역,,이 지진은 무감지진으로 지진계에 의해서만 감지되었음.,,=
2,200608311751,786,20060831171800.000,4.8,35.6000,140.0000,일본 동경만 해역,,위 자료는 일본기상청(JMA) 분석결과임.,,=
2,200609010812,788,20060901075800.000,5.7,28.6000,130.5000,일본 가고시마 남쪽 217km 해역,,위 자료는 일본기상청(JMA) 분석결과임.,,=
2,200609011953,790,20060901191853.000,6.8,-6.8000,155.5000,파푸아뉴기니 보겐빌 지역,,위 자료는 미지질조사소(USGS) 분석결과임.,,=
2,200609161135,812,20060916112300.000,5.6,41.3000,136.2000,일본 아키타 서북서쪽 459km 해역,,위 자료는 일본기상청(JMA) 분석결과임,,=
2,200609161921,814,20060916184523.000,6.0,-3.1000,129.5000,인도네시아 말루쿠 암본 동북동쪽 155km지역,,위 자료는 미지질조사소(USGS) 분석결과임,,=
3,200609200009,816,20060920000311.000,2.6,35.9200,129.5600,경북 포항시 남구 동남동쪽 23km 해역,,이 지진정보는 자동분석 결과이며, 상세분석 후 변경될 수 있음,
3,200609201418,818,20060920141533.000,2.1,34.6200,128.8100,경남 거제시 남동쪽 27km 해역,,이 지진정보는 자동분석 결과이며, 상세분석 후 변경될 수 있음.,
2,200609221209,824,20060922113224.000,6.0,-26.7800,-63.0300,아르헨티나 산티아고델에스테로 북동쪽 지역,,위 자료는 미지질조사소(USGS) 분석결과임,,=
2,200609260750,825,20060926070300.000,5.2,33.5000,131.9000,일본 큐슈 오이타 동북동쪽 41km 해역,,위 자료는 일본기상청(JMA) 분석결과임.,,=
3,200609292313,842,20060929230752.000,3.4,34.1000,124.9000,전남 신안군 흑산면 서남서쪽 73km 해역,,이 지진정보는 자동분석 결과이며, 상세분석 후 변경될 수 있음.,
2,200610010311,848,20061001025000.000,6.8,46.4000,153.9000,러시아 쿠릴열도 동쪽 해역,,위 자료는 일본기상청(JMA) 분석결과임.,,=
3,200610040533,855,20061004052922.000,2.2,36.6700,127.6700,충북 청원군 동쪽 20km 지역,,이 지진정보는 자동분석 결과이며, 상세분석 후 변경될 수 있음.,
2,200610110927,861,20061011085800.000,6.0,37.2000,143.1000,일본 센다이 동남동쪽 230km 해역,,위 자료는 일본기상청(JMA) 분석결과임.,,=
2,200610130357,867,20061013030558.000,6.1,-31.3100,-71.3500,칠레 코퀸보 지역,,위 자료는 미지질조사소(USGS) 분석결과임.,,=
2,200610160323,881,20061016020748.000,6.3,19.8400,-156.0600,하와이 칼라오아 북북서 14km 해역,,위 자료는 미지질조사소(USGS) 분석결과임.,,=
3,200610161418,882,20061016141258.000,2.4,37.3500,124.8800,인천광역시 백령도 남남동쪽 44km 해역,,이 지진정보는 자동분석 결과이며, 상세분석 후 변경될 수 있음.,
2,200610202016,899,20061020194859.000,6.6,-13.3000,-76.5000,페루 리마 남남동쪽 약 160km 해역,,위 자료는 미지질조사소(USGS) 분석결과임.,,=
3,200610221413,906,20061022140916.000,2.2,37.1300,125.9800,충남 태안군 북서쪽 44km 해역,,이 지진정보는 자동분석 결과이며 상세분석 후 변경될 수 있음,,=
2,200610240633,910,20061024061800.000,6.8,29.7000,142.2000,일본 도쿄 남남동쪽 587km 해역,,위 자료는 일본기상청(JMA) 분석결과임.,,=
3,200610251819,914,20061025181425.000,2.6,33.3600,125.7500,제주 북제주군 서쪽 84km 해역,,이 지진정보는 자동분석 결과이며, 상세분석 후 변경될 수 있음.,
2,200611012335,934,20061101232100.000,5.0,42.3000,143.1000,일본 홋카이도 삿포로 남동쪽 약165km 지역,,위 자료는 일본기상청(JMA) 분석결과임.,,=
3,200611110120,945,20061111011601.000,2.4,35.9700,127.4500,충남 금산군 남남서쪽 10km 지역,,이 지진정보는 자동분석 결과이며, 상세분석 후 변경될 수 있음.,
3,200611120856,949,20061112081934.000,2.9,38.5900,125.1200,황해남도 장연 북쪽 22km 지역,,이 지진정보는 자동분석 결과이며, 상세분석 후 변경될 수 있음.,
2,200611131108,955,20061113102634.000,6.7,-26.0800,-63.2900,아르헨티나 산티아고델에스테로 북북동쪽 지역,,위 자료는 미지질조사소(USGS) 분석결과임.,,=
2,200611152044,961,20061115201419.000,7.7,46.7000,153.5000,일본 북해도 북동쪽(쿠릴열도해역),,-위 자료는 미지질조사소(USGS) 분석결과임.\n-우리나라 해안은 지진해일 가능성이 없음.\n-일본 북해도 등에 지진해일 경보가 발령됨.,,=
2,200611180338,968,20061118030300.000,6.2,28.5000,130.2000,일본 가고시마 동쪽 약 50km 해역,,위 자료는 일본기상청(JMA) 분석결과임.,,=
2,200611222031,998,20061122201500.000,5.5,44.0000,146.8000,일본 홋카이도 동쪽 약 150km 해역,,위 자료는 일본기상청(JMA) 분석결과임,,=
3,200611260310,999,20061126030534.000,2.4,34.1400,127.4800,전남 고흥군 남동쪽 38km 해역,,이 지진정보는 자동분석 결과이며, 상세분석 후 변경될 수 있음.,
2,200612011332,977,20061201125823.000,6.3,3.5000,99.1000,인도네시아 수마트라 북부지역,,위 자료는 미지질조사소(USGS) 분석결과임.,,=
2,200612012332,979,20061201230148.000,6.3,-8.2200,118.7800,인도네시아 순바와섬 북쪽 해역,,위 자료는 미지질조사소(USGS) 분석결과임.,,=
3,200612040056,980,20061204005141.000,2.7,36.4600,127.9200,충북 보은군 동쪽 21km 지역,,이 지진정보는 자동분석 결과이며, 상세분석 후 변경될 수 있음.\n\n,
3,200612100146,982,20061210013952.000,2.5,33.0600,126.2200,제주 서귀포시 서남서쪽 35km 해역,,이 지진정보는 자동분석 결과이며, 상세분석 후 변경될 수 있음.,
2,200612110042,985,20061211002800.000,5.6,29.7000,130.7000,일본 가고시마 남쪽 139km 해역,,위 자료는 일본기상청(JMA) 분석결과임.,,=
3,200612200121,986,20061220011819.000,2.1,37.1400,129.9000,경북 울진군 동쪽 56km 해역,,지진정보는 자동분석 결과이며 상세분석 후 변경될 수 있음.,,=
2,200612230520,988,20061223045048.000,6.1,10.6800,92.3900,인도 안다만섬 지역,,위 자료는 미지질조사소(USGS) 분석결과임.,,=
2,200612262146,990,20061226212600.000,7.2,21.8500,120.5900,대만 남서쪽 해역,,위 자료는 미지질조사소(USGS) 분석결과임.\n\n,,=
2,200612262310,991,20061226213414.000,7.0,22.0200,120.5400,대만 카우슝 남남동 69km 해역,,위 자료는 미지질조사소(USGS) 분석결과임.\n\n이 지진은 21시 26분경에 발생한 대만지진의 2차지진임.,,=
3,200612280949,992,20061228094451.000,2.2,36.1100,128.1100,경북 김천시 남동쪽 2km 지역,,이 지진정보는 자동분석 결과이며, 상세분석 후 변경될 수 있음.,
3,200701060553,6,20070106054716.000,2.4,39.1100,127.9800,강원도 원산 동쪽 61km 해역,,이 지진정보는 계기분석 결과이며 상세분석 후 변경될 수 있음.,,=
3,200701110812,8,20070111080625.000,2.8,35.6600,125.3700,충남 태안군 서격렬비열도 남남서쪽 63km 해역,,이 지진정보는 계기분석 결과이며, 상세분석 후 변경될 수 있음.,
5,200701110919,8,20070111080611.000,3.1,35.2700,123.9400,충남 서격렬비열도 남서쪽 200km 해역,,- 이 자료는 2007년 1월 11일 08시 12분에 발표한 \n  지진의 정밀분석결과 통보임.\n- 이 지진은 무감지진임.,위/경도 및 규모,=
2,200701131352,10,20070113132400.000,8.3,46.1000,154.2000,일본 북해도 북동쪽 (쿠릴열도) 해역,,-위 자료는 일본기상청(JMA) 분석결과임.\n-일본 북해도, 미국 알라스카, 태평양 일부 해안에 \n 지진해일 주의보 발령됨.\n-우리나라 해안은 지진해일 가능성이 없음.
2,200701160330,13,20070116031800.000,5.7,35.0000,138.9000,일본 도쿄 서남서쪽 110km 지역,,위 자료는 일본기상청(JMA) 분석결과임,,=
3,200701190910,14,20070119090623.000,2.0,37.6900,128.5700,강원 정선군 북북서쪽 24km 지역,,이 지진정보는 계기분석 결과이며 상세분석 후 변경될 수 있음.,,=
3,200701202103,15,20070120205651.000,4.8,37.7500,128.6900,강원 강릉시 서쪽 23km 지역,,KBS, MBC, SBS
2,200701212056,17,20070121202742.000,7.3,1.2100,126.2900,인도네시아 몰루카 서북서쪽 129km 해역,,위 자료는 미지질조사소(USGS) 분석결과임.,,=
3,200701241718,19,20070124163156.000,2.4,38.6200,125.5900,황해도 안악 북동쪽 13km 지역,,이 지진정보는 계기분석 결과이며, 상세분석 후 변경될 수 있음.,
2,200701252020,21,20070125195917.000,6.2,22.8600,121.9100,대만 타이퉁 동쪽 80km 해역,,위 자료는 대만기상국의 분석결과임.\n,,=
3,200702060040,24,20070206003503.000,2.2,35.1300,129.4100,부산 기장군 동남동쪽 22km 해역,,이 지진정보는 자동계기분석 결과이며 상세분석 후 변경될 수 있음.,,=
2,200702170916,31,20070217090300.000,6.6,41.6000,143.9000,일본 홋카이도 삿포로 동남동쪽 270km 해역,,위 자료는 일본기상청(JMA) 분석결과임,,=
2,200703061328,34,20070306124941.000,6.3,-0.5360,100.4980,인도네시아 수마트라 파당 북쪽50km지역,,위 자료는 미지질조사소(USGS) 분석결과임,,=
2,200703081417,37,20070308140400.000,6.0,30.0000,141.1000,일본 도쿄 남남동쪽 약 512km 해역,,위 자료는 일본기상청(JMA) 분석결과임.,,=
2,200703091302,42,20070309122241.000,6.2,43.3400,133.6500,러시아 블라디보스토크 동쪽 150km 지역,,위 자료는 미지질조사소(USGS) 분석결과임,,=
3,200703101822,45,20070310181841.000,2.0,37.2100,128.8500,강원 태백시 서북서쪽 16km 지역,,이 지진정보는 자동계기분석 결과이며, 상세분석 후 변경될 수 있음.,
2,200703111627,48,20070311160900.000,5.6,43.7000,147.8000,일본 삿포로 동쪽 733km 해역,,위 자료는 일본기상청(JMA) 분석결과임,,=
3,200703150535,60,20070315053012.000,2.9,36.1800,127.9700,경북 김천시 서북서쪽 14km 지역,,이 지진정보는 자동계기분석 결과이며 상세분석 후 변경될 수 있음,,=
2,200703181040,62,20070318103100.000,5.8,42.1000,144.3000,일본 훗카이도 구시로 남쪽 80km 해역,,위 자료는 일본기상청(JMA) 분석결과임.,,=
2,200703251018,67,20070325094200.000,7.1,37.3000,136.5000,일본 도야마 서북서쪽 93km 영역,,위 자료는 일본기상청(JMA) 분석결과임.\n이 지진으로 인해 한반도 동해안 및 남해안에는 0.5m 이하의 파고의 가능성 있음\n* 예상도달시각 \n -울릉도  10:48\n -속초    11:17\n -부산    12:02,,=
2,200703251055,67,20070325094200.000,7.1,37.3000,136.5000,일본 도야마 서북서쪽 93km 영역,,이 자료는 2007년 3월 25일 10시 18분에 발표한 지진의 2차 통보임.\n이 지진으로 인해 우리나라 해안에는 지진해일의 영향이 거의 없을것으로 판담됨. 일본 진앙지 부근에서 10cm정도의 지진해일이 발생하였음.\n  \n,,=
3,200703280255,70,20070328024715.000,2.8,38.6400,125.6000,황해남도 안악 북동쪽 15km 지역,,이 지진정보는 자동계기분석 결과이며, 상세분석 후 변경될 수 있음.,
2,200704011206,74,20070401115200.000,5.7,32.4000,137.7000,일본 나고야 남남동쪽 240km 해역,,위 자료는 일본기상청(JMA) 분석결과임.,,=
3,200704012251,75,20070401221604.000,2.3,38.5800,125.6300,황해북도 사리원(서울북서쪽 166km지역),,이 지진정보는 자동계기분석 결과이며, 상세분석 후 변경될 수 있음.,
2,200704020600,76,20070402054004.000,7.7,-8.5600,157.3700,솔로몬섬 지역,,위 자료는 미지질조사소(USGS) 분석결과임,,=
2,200704031300,78,20070403123506.000,6.2,36.5300,70.6700,아프가니스탄 카불 약 북동쪽 260km,,위 자료는 미지질조사소(USGS) 분석결과임,,=
2,200704131517,79,20070413144223.000,6.0,17.4000,-100.1000,멕시코 멕시코시티 남남서쪽 약 250km 지역,,  위 자료는 미지질조사소(USGS) 분석결과임,,=
2,200704151230,80,20070415121900.000,5.3,34.8000,136.4000,일본 나고야 서남서쪽 62km 지역,,위 자료는 일본기상청(JMA) 분석결과임.,,=
2,200704190019,82,20070419000700.000,5.5,42.6000,142.0000,일본 홋카이도 삿포로 남동쪽 75km 지역,,위 자료는 일본기상청(JMA) 분석결과임.,,=
2,200704200937,84,20070420092600.000,6.2,25.8000,125.1000,대만 타이베이 동북동쪽 380km 해역,,위 자료는 일본기상청(JMA) 분석결과임,,=
2,200704201059,85,20070420104600.000,6.7,25.7000,125.2000,대만 타이베이 동북동쪽 380km 해역,,위 자료는 일본기상청(JMA) 분석결과임.\n우리나라는 지진해일의 영향이 없을 것으로 추정됨.,,=
2,200704201136,87,20070420112300.000,6.2,25.7000,125.0000,대만 타이베이 동북동쪽 360km 해역,,위 자료는 일본기상청(JMA) 분석결과임.\n우리나라는 지진해일의 영향이 없을 것으로 추정됨.,,=
2,200704210453,90,20070421043800.000,5.9,27.5000,128.5000,일본 가고시마 남서쪽 364km 해역,,위 자료는 일본기상청(JMA) 분석결과임. \n우리나라는 지진해일의 영향이 없을 것으로 추정됨.\n,,=
2,200704220323,92,20070422025344.000,6.4,-45.1700,-73.1200,칠레 푸에르토아이센 북북서쪽 33km 지역,,위 자료는 미지질조사소(USGS) 분석결과임,,=
3,200704250840,93,20070425083640.000,2.0,36.9400,126.5300,충남 당진군 서북서쪽 12km 해역,,이 지진정보는 자동계기분석 결과이며 상세분석 후 변경될 수 있음.,,=
2,200704260913,94,20070426090300.000,5.4,33.9000,133.6000,일본 시코쿠 고치 북북동쪽 29km 지역,,위 자료는 일본기상청(JMA) 분석결과임.,,=
3,200705031227,96,20070503122407.000,2.2,36.1300,127.8500,충북 영동군 동남동쪽 8km 지역,,이 지진정보는 자동계기분석 결과이며 상세분석 후 변경될 수 있음.,,=
3,200705031828,97,20070503182401.000,2.1,36.6000,127.8300,충북 보은군 북동쪽 13km 지역,,이 지진정보는 자동계기분석 결과이며 상세분석 후 변경될 수 있음.,,=
2,200705051818,99,20070505175143.000,6.0,34.2800,81.9000,티벳 서부 지역,,위 자료는 미지질조사소(USGS) 분석결과임.,,=
3,200705110556,101,20070511055151.000,2.1,35.5500,129.9100,울산 동구 동쪽 55km 해역,,이 지진정보는 자동계기분석 결과이며, 상세분석 후 변경될 수 있음.,
3,200705131625,102,20070513162247.000,2.2,35.9200,128.0100,경북 김천시 남남서쪽 18km 지역,,이 지진정보는 자동계기분석 결과이며, 상세분석 후 변경될 수 있음.,
3,200705160500,107,20070516045608.000,2.5,35.7200,129.2200,경북 경주시 남쪽 8km 지역,,이 지진정보는 자동계기분석 결과이며, 상세분석 후 변경될 수 있음.,
2,200705161824,110,20070516175618.000,6.1,20.4800,100.8200,라오스 비엔티안 북서쪽 330km 지역,,- 위 자료는 미지질조사소(USGS) 분석결과임.\n- 지역정보 \n 국가:라오스(동남아시아 인도차이나반도 중앙부 위치)\n 수도:비엔티안,,=
3,200705190757,114,20070519075325.000,2.4,36.5700,129.0000,경북 영양군 서남서쪽 14km 지역,,이 지진정보는 자동계기분석 결과이며, 상세분석 후 변경될 수 있음.,
3,200705262003,118,20070526195926.000,2.5,36.1000,125.0500,충남 태안군 서격렬비열도 서남서쪽 63km 해역,,이 지진정보는 자동계기분석 결과이며, 상세분석 후 변경될 수 있음.,
3,200705280056,119,20070528005158.000,2.1,35.2300,128.5700,경남 마산시 북쪽 3km 지역,,이 지진정보는 자동계기분석 결과이며, 상세분석 후 변경될 수 있음.,
2,200705310538,120,20070531052213.000,6.4,52.0400,157.6200,러시아 캄차카반도  남부 지역,,위 자료는 미지질조사소(USGS) 분석결과임.,,=
2,200706030656,123,20070603063502.000,6.1,22.9900,100.8700,중국 윈난성 거주지역,,위 자료는 미지질조사소(USGS) 분석결과임.,,=
2,200706230732,131,20070623072000.000,5.1,42.5000,142.2000,일본 홋카이도 삿포로 동남동쪽 119km지역,,위 자료는 일본기상청(JMA) 분석결과임.,,=
3,200706260006,132,20070626000123.000,2.2,35.6100,130.1500,울산 동구 동쪽 82km 해역,,이 지진정보는 자동계기분석 결과이며, 상세분석 후 변경될 수 있음.,
2,200706281242,135,20070628115213.000,6.7,-7.9500,154.6000,남태평양 솔로몬 해역,,  위 자료는 미지질조사소(USGS) 분석결과임\n  우리나라에는 영향이 없음,,=
2,200707011320,138,20070701131200.000,5.6,43.5000,144.9000,일본 홋카이도 구시로 북동쪽 73km 지역,,위 자료는 일본기상청(JMA) 분석결과임.,,=
2,200707061037,141,20070706100921.000,6.1,16.7000,-93.5000,멕시코 치아빠스 뚝스뜰라 서쪽 약 40km 지역,,  위 자료는 미지질조사소(USGS) 분석결과임,,=
3,200707081932,144,20070708192831.000,2.3,37.3700,129.6600,강원 삼척시 동남동쪽 44km 해역,,이 지진정보는 자동계기분석 결과이며 상세분석 후 변경될 수 있음.,,=
2,200707121500,146,20070712142349.000,6.0,-7.9300,-74.3590,페루 뿌깔빠 북북동쪽 약 55km 지역,,위 자료는 미지질조사소(USGS) 분석결과임.,,=
2,200707161025,148,20070716101300.000,6.6,37.5000,138.6000,일본 혼슈 니가타 남서쪽 63km 해안,,위 자료는 일본기상청(JMA) 분석결과임.\n우리나라에는 지진해일의 영향이 없을 것으로 예상됨.,,=
2,200707161550,150,20070716153700.000,5.6,37.5000,138.7000,일본 혼슈 니가타 남남서쪽 57km 지역,,위 자료는 일본기상청(JMA) 분석결과임.\n한반도 지진해일 영향 없겠음.\n지진발생 지역은 울릉도 동쪽 690km 임.,,=
2,200707162333,152,20070716231800.000,6.6,36.8000,135.2000,일본 혼슈 후쿠이 북서쪽 123km 해역,,위 자료는 일본기상청(JMA) 분석결과임.\n우리나라에는 지진해일의 영향이 없을것으로 예상됨.,,=
3,200707192105,154,20070719210112.000,2.2,37.0900,129.0100,강원 태백시 남남동쪽 8km 지역,,이 지진정보는 자동계기분석 결과이며 상세분석 후 변경될 수 있음.,,=
2,200707212300,156,20070721222703.000,6.1,-7.9800,-71.1300,브라질 아마조나스 지역,,  위 자료는 미지질조사소(USGS) 분석결과임,,=
3,200707221354,157,20070722134927.000,2.6,36.8800,126.6600,충남 당진군 동남동쪽 3km 지역,,이 지진정보는 자동계기분석 결과이며, 상세분석 후 변경될 수 있음. 서산일대에서 약한 진동을 느껴짐,
2,200707232314,159,20070723224001.000,5.6,23.6400,121.5700,대만 화롄 남쪽 약 37km 해역,,  위 자료는 미지질조사소(USGS) 분석결과임,,=
2,200707261459,163,20070726144022.000,7.4,2.8900,127.5400,인도네시아 몰루카해역,,위 자료는 미지질조사소(USGS) 분석결과임.,,=
3,200707270143,165,20070727013708.000,2.1,39.1600,126.6500,강원 원산(북한) 서쪽 67km 지역,,이 지진정보는 자동계기분석 결과이며 상세분석 후 변경될 수 있음.,,=
2,200708010023,169,20070801000700.000,6.1,27.3000,126.8000,일본 오키나와 북서쪽 약 140km 해역,,위 자료는 일본기상청(JMA) 분석결과임.\n우리나라는 영향 없음.,,=
2,200708020231,170,20070802020851.000,7.4,-15.7700,167.8200,남서태평양 바누아투 해역,,- 위 자료는 미지질조사소(USGS) 분석결과임.\n- 우리나라에는 영향 없음.,,=
2,200708021202,171,20070802113800.000,6.4,47.3000,142.2000,러시아 유즈노사할린스크 북서쪽 약 50km 지역,,위 자료는 일본기상청(JMA) 분석결과임.,,=
2,200708070935,173,20070807090200.000,6.4,27.6000,126.5000,일본 오키나와 북서쪽 약 180 km 해역,,- 위 자료는 일본기상청(JMA) 분석결과임.\n- 우리나라에는 지진해일 영향이 없을 것으로 판단됨.,,=
3,200708071843,174,20070807183949.000,2.4,37.2300,128.8000,강원 정선군 남동쪽 20km 지역,,이 지진정보는 자동계기분석 결과이며 상세분석 후 변경될 수 있음.,,=
3,200708071843,174,20070807183949.000,2.4,37.2300,128.8000,강원 정선군 남동쪽 20km 지역,,이 지진정보는 자동계기분석 결과이며 상세분석 후 변경될 수 있음.,,=
2,200708090222,176,20070809020459.000,7.3,-6.1400,107.7200,인도네시아 자바섬 파마누칸 북동쪽 약20km 해역,,위 자료는 미지질조사소(USGS) 분석결과임.,,=
2,200708091016,177,20070809095557.000,5.3,22.7600,120.6400,대만 카오슝 동북동쪽 45km 지역,,위 자료는 미지질조사소(USGS) 분석결과임.,,=
3,200708120456,179,20070812045231.000,2.1,36.0500,127.7400,충북 영동군 남남서쪽 14km 지역,,이 지진정보는 자동계기분석 결과이며, 상세분석 후 변경될 수 있음.,
2,200708160914,182,20070816084101.000,7.5,-13.5000,-76.7000,페루 리마 남남동쪽 160km 해역,,위 자료는 미지질조사소(USGS) 분석결과임.,,=
3,200708181514,184,20070818150935.000,2.5,35.9900,125.7800,충남 태안군 서격렬비열도 남남동쪽 71km 해역,,이 지진정보는 자동계기분석 결과이며, 상세분석 후 변경될 수 있음.,
2,200708181710,185,20070818165500.000,5.1,35.4000,140.4000,일본 혼슈 도쿄 동남동쪽 68km 지역,,위 자료는 일본기상청(JMA) 분석결과임.\n우리나라는 영향 없음.,,=
2,200708221636,187,20070822162600.000,5.2,42.0000,140.8000,일본 홋카이도 삿포로 남남서쪽 125km 지역,,위 자료는 일본기상청(JMA) 분석결과임. 우리나라 영향없음.,,=
2,200708291216,195,20070829120019.000,5.6,21.7300,121.3900,대만 카오슝 남동쪽 152km 해역,,위 자료는 미지질조사소(USGS) 분석결과임.\n우리나라 영향 없음.,,=
3,200708301641,196,20070830161257.000,2.9,38.6900,125.6400,황해북도 송림 남쪽 5km 지역,,이 지진정보는 상세분석 후 변경될 수 있음.,,=
2,200709021024,198,20070902100520.000,7.5,-11.8300,165.6400,솔로몬섬 호니아라시 동남동쪽 432km 해역,,위 자료는 미지질조사소(USGS) 분석결과임.,,=
2,200709070309,200,20070907025128.000,6.5,24.3000,122.3000,대만 화련 동쪽 약 73km 해역,,위 자료는 미지질조사소(USGS) 분석결과임.\n우리나라 영향 없음.,,=
3,200709120655,203,20070912065059.000,2.7,36.4600,129.4700,경북 영덕군 동북동쪽 11km 해역,,이 지진정보는 자동계기분석 결과이며, 상세분석 후 변경될 수 있음.\n신고된피해없음.\n,
3,200709121324,205,20070912131859.000,2.1,34.7300,128.7600,경남 거제시 남동쪽 21km 해역,,이 지진정보는 자동계기분석 결과이며, 상세분석 후 변경될 수 있음.\n신고된피해없음.\n,
3,200709121532,207,20070912152757.000,2.2,34.7300,128.7400,경남 거제시 남남동쪽 20km 해역,,이 지진정보는 자동계기분석 결과이며, 상세분석 후 변경될 수 있음.\n신고된피해없음.\n,
2,200709122029,208,20070912201031.000,7.8,-3.8400,102.1700,인도네시아 수마트라 벵클루즈 남서쪽 13km 해역,,위 자료는 미지질조사소(USGS) 분석결과임.\n우리나라에는 지진해일영향 없음.,,=
2,200709130918,210,20070913084859.000,7.9,-2.6700,100.8000,인도네시아 수마트라 벵클루 북서쪽 약 205km 해역,,위 자료는 미지질조사소(USGS) 분석결과임.\n우리나라 영향 없음.\n인도양 연안 지진해일주의보 발표됨.,,=
3,200709170121,212,20070917011631.000,3.0,36.4500,129.6900,경북 영덕군 동쪽 29km 해역,,이 지진정보는 자동계기분석 결과이며, 상세분석 후 변경될 수 있음.,
3,200709240028,218,20070924002411.000,2.2,36.4500,129.4300,경북 영덕군 북동쪽 7km 지역,,이 지진정보는 자동계기분석 결과이며, 상세분석 후 변경될 수 있음. 신고된 피해 없음.,
2,200709282309,221,20070928224100.000,7.4,21.9000,142.7000,일본 혼슈 도쿄 남쪽 1561km 해역,,위 자료는 일본기상청(JMA) 분석결과임.\n우리나라 영향 없음.,,=
2,200709301131,222,20070930110829.000,7.0,10.4840,145.6090,태평양 괌 남남동쪽 약 340km 해역,,위 자료는 미지질조사소(USGS) 분석결과임.\n일본 도쿄 남남동쪽 약 2800km 해역임.\n우리나라 영향 없음.,,=
2,200709301450,223,20070930142336.000,7.3,-49.3900,163.8400,태평양 뉴질랜드 인버카길 남서쪽 약 470km 해역,,위 자료는 미지질조사소(USGS) 분석결과임.\n우리나라 영향 없음.,,=
3,200710010108,226,20071001010244.000,2.2,36.4400,129.5400,경북 영덕군 동북동쪽 16km 해역,,이 지진정보는 자동계기분석 결과이며, 상세분석 후 변경될 수 있음.\n신고된피해없음.\n,
3,200710050001,235,20071004235607.000,2.9,36.4300,129.5500,경북 영덕군 동쪽 16km 해역,,이 지진정보는 자동계기분석 결과이며, 상세분석 후 변경될 수 있음.\n신고된피해없음\n,
3,200710060911,247,20071006090808.000,2.5,35.5900,125.9600,전남 영광군 북서쪽 61km 해역,,이 지진정보는 자동계기분석 결과이며, 상세분석 후 변경될 수 있음.\n신고된피해없음.\n\n,
3,200710082313,248,20071008223654.000,2.2,38.9000,125.7600,평양(북한) 남쪽 13km 지역,,이 지진정보는 상세분석 후 변경될 수 있음.\n신고된 피해없음.,,=
3,200710130418,253,20071013041335.000,2.1,36.4400,129.6300,경북 영덕군 동쪽 24km 해역,,이 지진정보는 자동계기분석 결과이며, 상세분석 후 변경될 수 있음.\n신고된피해없음.\n,
3,200710161504,254,20071016145903.000,2.9,37.4500,128.9700,강원 동해시 서남서쪽 15km 지역,,이 지진정보는 자동계기분석 결과이며 상세분석 후 변경될 수 있음.,,=
3,200710172011,256,20071017200626.000,2.1,36.4300,129.5700,경북 영덕군 동쪽 18km 해역,,이 지진정보는 자동계기분석 결과이며, 상세분석 후 변경될 수 있음.\n신고된피해없음.\n,
2,200710250627,259,20071025060249.000,7.1,-4.0800,100.8000,인도네시아 수마트라 벵클루 남서쪽 약 170km 해역,,위 자료는 미지질조사소(USGS) 분석결과임,,=
3,200710290237,264,20071029023201.000,2.5,36.6200,128.4200,경북 예천군 남서쪽 5km 지역,,이 지진정보는 자동계기분석 결과이며, 상세분석 후 변경될 수 있음.\n신고된피해없음.\n\n,
2,200711150109,272,20071115004053.000,7.7,-22.1900,-69.8400,칠레 칼라마 서북서쪽 101km 지역,,위 자료는 미지질조사소(USGS) 분석결과임.,,=
2,200711160048,273,20071116000601.000,6.8,-22.8800,-70.0700,칠레 안토파가스타 북북동 93km지역,,위 자료는 미지질조사소(USGS) 분석결과임.\n※ 앞서 03분 11초경 동일지역에서 규모 6.2의 지진이 발생하였음.\n,,=
2,200711161244,274,20071116121259.000,6.7,-2.3000,-77.7900,에콰도르 이바라 북동쪽 약 50km 지역,,위 자료는 미지질조사소(USGS) 분석결과임.,,=
2,200711181529,275,20071118144009.000,6.0,-22.5700,-66.2200,아르헨티나 후후이 북북서쪽 200km 지역,,위 자료는 미지질조사소(USGS) 분석결과임.,,=
3,200711190555,276,20071119055122.000,2.1,34.7800,126.4800,전남 영암군 서쪽 20km 지역,,이 지진정보는 자동계기분석 결과이며, 상세분석 후 변경될 수 있음.\n신고된피해없음.\n,
2,200711260124,282,20071126010221.000,6.8,-8.3400,118.4200,인도네시아 숨바와섬 라바 서북서쪽 약 40km 지역,,위 자료는 미지질조사소(USGS) 분석결과임.\n,,=
2,200711262301,284,20071126225100.000,5.9,37.3000,141.8000,일본 혼슈 센다이 남동쪽 143km 해역(태평양쪽),,위 자료는 일본기상청(JMA) 분석결과임.,,=
2,200711300435,285,20071130040009.000,7.3,14.9200,-61.2600,대서양 마티니크 센인트피어 북서쪽 약 21km 해역,,위 자료는 미지질조사소(USGS) 분석결과임.,,=
2,200712071003,286,20071207094736.000,6.0,30.0600,141.4300,일본 혼슈 도쿄 남남동쪽 643km 해역(태평양쪽),,위 자료는 미지질조사소(USGS) 분석결과임.,,=
2,200712091654,287,20071209162800.000,7.6,-26.1600,-177.4500,케르마데크제도 라울섬 북동쪽 260km 해역,,위 자료는 미지질조사소(USGS) 분석결과임.,,=
3,200712160008,291,20071216000435.000,2.2,35.6300,127.8000,경남 함양군 북북동쪽 14km 지역,,이 지진정보는 자동계기분석 결과이며, 상세분석 후 변경될 수 있음.\n신고된피해없음.\n,
2,200712161736,292,20071216170920.000,6.7,-22.5600,-69.9800,칠레 칼라마 서쪽 110km 지역,,위 자료는 미지질조사소(USGS) 분석결과임.,,=
2,200712191844,293,20071219183029.000,7.3,51.2700,-179.4300,알래스카 아닥 서남서쪽 204km 해역,,위 자료는 미지질조사소(USGS) 분석결과임.,,=
2,200712201724,295,20071220165519.000,6.4,-38.8000,177.9100,뉴질랜드 기스본 남남서쪽 18km지역,,위 자료는 미지질조사소(USGS) 분석결과임.,,=
3,200712221107,296,20071222095422.000,2.6,38.6300,125.5000,황해남도 안악 북쪽 14km 지역,,이 지진정보는 상세분석 결과임.\n\n\n,,=
2,200712221637,297,20071222161111.000,6.4,-2.4200,139.0600,인도네시아 자야푸라 서쪽 182km 지역,,위 자료는 미지질조사소(USGS) 분석결과임.,,=
2,200712252315,298,20071225230400.000,5.6,38.5000,142.2000,일본 혼슈 센다이 동쪽 126km 해역,,위 자료는 일본기상청(JMA) 분석결과임,,=
3,200712280409,299,20071228040322.000,2.7,34.9800,129.6400,부산 해운대구 동남동쪽 48km 해역,,이 지진정보는 자동계기분석 결과이며, 상세분석 후 변경될 수 있음.\n신고된피해없음.\n,
3,200801010734,2,20080101063333.000,3.0,40.2000,127.1800,함경남도 장진 남남서쪽 21km 지역,,이 지진정보는 상세분석 후 변경될 수 있음.,,=
2,200801020423,5,20080102035501.000,6.2,-5.9700,146.8600,파푸아뉴기니 라에 북쪽 88km 지역,,위 자료는 미지질조사소(USGS) 분석결과임.,,=
2,200801061432,8,20080106141420.000,6.1,37.2300,22.7300,그리스 아테네 남서쪽 124km 지역,,위 자료는 미지질조사소(USGS) 분석결과임.,,=
2,200801091752,9,20080109172645.000,6.3,32.3400,85.1500,네팔 카트만두 북쪽 약 516km 지역,,위 자료는 미지질조사소(USGS) 분석결과임.,,=
3,200801102257,13,20080110225155.000,2.2,35.0900,125.0600,전남 신안군 흑산면 북서쪽 62km 해역,,이 지진정보는 자동계기분석 결과이며, 상세분석 후 변경될 수 있음.\n신고된피해없음.\n,
3,200801141807,16,20080114180314.000,2.2,36.1900,127.5400,충남 금산군 북북동쪽 10km 지역,,이 지진정보는 자동계기분석 결과이며, 상세분석 후 변경될 수 있음.\n신고된피해없음.\n,
3,200801162003,19,20080116195800.000,3.9,35.6500,125.3700,충남 태안군 서격렬비열도 남쪽 107km 해역,,이 지진정보는 자동계기분석 결과이며, 상세분석 후 변경될 수 있음.\n신고된피해없음.\n,
2,200802050226,32,20080205020130.000,6.6,-20.0200,-69.8400,칠레 이키케 북동쪽 40km 지역,,위 자료는 미지질조사소(USGS) 분석결과임.,,=
3,200802051045,33,20080205100612.000,2.3,38.4100,125.9000,황해북도 사리원 남동쪽 16km 지역,,이 지진정보는 자동계기분석 결과이며, 상세분석 후 변경될 수 있음.\n,
2,200802122212,34,20080212215022.000,6.4,16.4900,-94.1200,멕시코 치아파스 아리아가 북서쪽 37km 지역,,위 자료는 미지질조사소(USGS) 분석결과임.,,=
2,200802141930,38,20080214190924.000,7.3,36.6490,21.6200,그리스 칼라마타 남서쪽 약 61km 해역,,위 자료는 미지질조사소(USGS) 분석결과임.,,=
2,200802170046,40,20080216114511.000,6.0,-21.2300,-68.0100,볼리비아 포토시 남서쪽 299km 지역,,위 자료는 미지질조사소(USGS) 분석결과임.,,=
2,200802180607,41,20080218053303.000,5.8,23.2800,121.4500,대만 카오슝 동북동쪽 145km 해역,,위 자료는 대만기상국(CWB) 분석결과임.\n우리나라는 영향없음.,,=
2,200802201727,47,20080220170832.000,7.6,2.6000,95.9500,인도네시아 시뮤루섬 지역,,위 자료는 미국지질조사소(USGS) 분석결과임.\n우리나라는 영향없음.,,=
2,200802212346,48,20080221231605.000,6.3,41.0800,-114.7700,미국 네바다주 웰스 동남동쪽 약 17km 지역,,위 자료는 미국지질조사소(USGS) 분석결과임.,,=
3,200802231824,55,20080223181939.000,2.2,35.8200,129.3300,경북 경주시 동쪽 11km 지역,,이 지진정보는 자동계기분석 결과이며, 상세분석 후 변경될 수 있음.\n신고된피해없음.\n,
2,200802251752,61,20080225173635.000,7.1,-2.5600,100.0400,인도네시아 수마트라 파당 남쪽 182km 지역,,위 자료는 미지질조사소(USGS) 분석결과임.\n우리나라 영향 없음.,,=
3,200802260946,62,20080226091058.000,2.6,37.9500,124.8500,인천 백령도 동쪽 15km 해역(북한),,자연지진임. 신고된 피해 없음.,,=
3,200802262327,65,20080226232248.000,2.5,35.9700,126.5600,전북 군산시 서쪽 14km 해역,,이 지진정보는 자동계기분석 결과이며 상세분석 후 변경될 수 있음. 신고된 피해 없음.,,=
2,200802271615,71,20080227155425.000,6.4,26.8400,142.4200,일본 보닌섬 치치시마 남동쪽 34km 해역,,위 자료는 미지질조사소(USGS) 분석결과임.,,=
3,200802290543,75,20080229053752.000,2.3,33.5900,126.3900,제주 제주시 북서쪽 17km 해역,,이 지진정보는 자동계기분석 결과이며, 상세분석 후 변경될 수 있음.\n신고된피해없음.\n,
3,200802291630,82,20080229155300.000,3.2,38.7500,126.2300,황해북도 신계 북서쪽 38km 지역,,이 지진정보는 자동계기분석 결과이며, 상세분석 후 변경될 수 있음. 자연지진으로 신고된 피해없음.\n,
2,200803050256,89,20080305023148.000,5.5,23.2200,120.7200,대만 신잉 동쪽 약 43km 지역,,위 자료는 대만중앙기상국(CWB) 분석결과임.,,=
3,200803081810,94,20080308180500.000,2.0,35.6600,128.8000,경북 청도군 동북동쪽 6km 지역,,이 지진정보는 자동계기분석 결과이며, 상세분석 후 변경될 수 있음.\n신고된피해없음.\n,
3,200803091832,95,20080309180710.000,2.2,38.7500,125.8400,황해북도 송림 동쪽 18km 지역,,이 지진정보는 상세분석 후 변경될 수 있음.\n자연지진으로 신고된 피해 없음.,,=
3,200803150143,102,20080315013801.000,2.0,38.1100,127.1000,경기 연천군 북동쪽 3km 지역,,이 지진정보는 자동계기분석 결과이며, 상세분석 후 변경될 수 있음.\n신고된피해없음.\n,
3,200803150745,103,20080315073200.000,6.3,27.3000,143.2000,일본 혼슈 도쿄 남남동쪽 990km 해역,,위 자료는 일본기상청(JMA) 분석결과임.,,=
2,200803210757,106,20080321073300.000,7.4,35.5200,81.6700,중국 신장 호탄 남동쪽 약 235km 지역,,위 자료는 미국지질조사소(USGS) 분석결과임.,,=
3,200803220003,109,20080321235729.000,2.7,35.1500,124.5700,전남 신안군 흑산면 북서쪽 99km 해역,,이 지진정보는 자동계기분석 결과이며, 상세분석 후 변경될 수 있음.\n신고된피해없음.\n,
3,200803271634,112,20080327162921.000,2.8,37.7800,126.4000,인천 강화군 서북서쪽 9km 지역,,이 지진정보는 자동계기분석 결과이며, 상세분석 후 변경될 수 있음.\n신고된피해없음.\n,
2,200804041910,116,20080404190200.000,5.0,36.2000,139.8000,일본 혼슈 도쿄 북쪽 56km 지역,,위 자료는 일본기상청(JMA) 분석결과임.\n,,=
2,200804092210,117,20080409214618.000,7.5,-20.2100,168.8100,바누아투 포트빌라 남쪽 278km 해역,,위 자료는 미지질조사소(USGS) 분석결과임.,,=
2,200804121000,123,20080412093013.000,7.3,-55.5600,158.3100,태평양 뉴질랜드 인버카길 남서쪽 약 1240km 해역,,\n위 자료는 미지질조사소(USGS) 분석결과임.,,=
2,200804170427,141,20080417041900.000,5.7,39.0000,140.3000,일본 혼슈 아키타 남쪽 72km 지역,,위 자료는 일본기상청(JMA) 분석결과임.,,=
2,200804231041,144,20080423102700.000,5.6,33.7000,141.1000,일본 혼슈 도쿄 남남동쪽 255km 해역,,위 자료는 일본기상청(JMA) 분석결과임.\n\n* 우리나라 영향없음,,=
2,200804240349,148,20080424032845.000,6.2,22.9300,121.7500,대만 타이퉁 북동쪽 약 65km 해역,,위 자료는 미국지질조사소 분석결과임.\n우리나라는 영향 없음.,,=
2,200804291438,154,20080429142600.000,5.5,41.4000,142.1000,일본 혼슈 아오모리 북동쪽 약130km 해역,,위 자료는 일본기상청(JMA) 분석결과임.\n우리나라에 영향없음.,,=
2,200805080118,155,20080508010200.000,6.3,36.2000,142.1000,일본 혼슈 미토 동쪽 153km 해역,,위 자료는 일본기상청(JMA) 분석결과임.\n우리나라 영향 없음.,,=
2,200805080118,155,20080508010200.000,6.3,36.2000,142.1000,일본 혼슈 미토 동쪽 153km 해역,,위 자료는 일본기상청(JMA) 분석결과임.\n우리나라 영향 없음.,,=
2,200805090829,156,20080509082100.000,5.7,36.3000,141.9000,일본 혼슈 미토 동쪽 134km 해역,,위 자료는 일본기상청(JMA) 분석결과임.\n우리나라 영향 없음.,,=
2,200805121545,161,20080512152804.000,7.8,31.1100,103.3300,중국 청두 북서쪽 약 90km 지역,,위 자료는 미국지질조사소(USGS) 분석결과임.,,=
2,200805180236,166,20080518020825.000,6.0,32.2700,104.9800,중국 쓰촨성 청두 북동쪽 약193km 지역,,위 자료는 미국지질조사소(USGS) 분석결과임.\n위 지진은 5월 12일 발생한 규모 7.9 지진의 여진임.,,=
2,200805191928,168,20080519191000.000,6.3,42.5000,132.6000,러시아 블라디보스톡 동남쪽 90km 해역,,위 자료는 일본기상청(JMA) 분석결과임.\n심발지진(깊이 약 600km)으로 우리나라 영향 없음.,,=
3,200805261104,172,20080526110106.000,2.6,35.8500,130.0100,경북 포항시 남구 동남동쪽 61km 해역,,이 지진정보는 자동계기분석 결과이며, 상세분석 후 변경될 수 있음.\n신고된피해없음.\n,
2,200805300116,178,20080530004601.000,6.1,64.0300,-20.9900,아이슬란드 수도 레이캬비크 동남동쪽 약50km 지역,,위 자료는 미국지질조사소(USGS) 분석결과임.,,=
3,200805312204,180,20080531215930.000,4.2,33.4980,125.6900,제주 제주시 서쪽 78km 해역,,이 지진정보는 자동계기분석 결과이며 상세분석 후 변경될 수 있음. 전라남도 완도 일대에서 진동을 느낌,,=
2,200806020216,183,20080602015924.000,6.0,24.9500,121.7600,대만 타이베이 동남동쪽 28km 지역,,위 자료는 대만기상국(CWB) 분석결과임,,=
2,200806082145,186,20080608212529.000,6.1,38.0300,21.4600,그리스 파트라스 남서쪽 약 33km 지역,,위 자료는 미지질조사소(USGS) 분석결과임.,,=
2,200806140850,195,20080614084300.000,7.0,39.0000,140.9000,일본 혼슈 모리오카 남남서쪽 78km 지역,,위 자료는 일본기상청(JMA) 분석결과임.,,=
3,200806212333,200,20080621233012.000,2.2,35.5700,128.6000,경남 밀양시 북서쪽 17km 지역,,이 지진정보는 자동계기분석 결과이며 상세분석 후 변경될 수 있음.,,=
3,200806300339,216,20080630033410.000,2.6,35.2200,124.9700,전남 신안군 흑산면 북서쪽 78km 해역,,이 지진정보는 자동계기분석 결과이며, 상세분석 후 변경될 수 있음.\n신고된피해없음.\n,
3,200807011637,225,20080701163250.000,2.1,35.5400,128.8500,경남 밀양시 북동쪽 10km 지역,,이 지진정보는 자동계기분석 결과이며, 상세분석 후 변경될 수 있음.\n신고된피해없음.\n,
3,200807041952,231,20080704193912.000,2.3,39.1500,127.0400,강원 원산(북한) 서쪽 34km 지역,,이 지진정보는 자동계기분석 결과이며, 상세분석 후 변경될 수 있음.\n신고된피해없음.\n,
3,200807042112,232,20080704204848.000,2.3,39.0900,127.1000,강원 원산(북한) 서남서쪽 29km 지역,,이 지진정보는 자동계기분석 결과이며, 상세분석 후 변경될 수 있음. 신고된 피해없음.\n이 지진은 금일 19시 39분 발생 지진과 비슷한 위치임.,
2,200807051130,234,20080705111116.000,7.6,53.8000,153.2000,러시아  페트로파블로프스크-캄차츠키 약 370km 해역,,위 자료는 미지질조사소(USGS) 분석결과임.\n우라나라 해일 영향 없음.,,=
2,200807081655,240,20080708164200.000,6.0,27.5000,128.5000,일본 큐슈 가고시마 남남서쪽 494km 해역,,위 자료는 일본기상청(JMA) 분석결과임. 우리나라에는 해일영향없음.,,=
2,200807081845,244,20080708181302.000,6.0,-15.9600,-71.6800,페루 아레키파 북북서쪽 55km 지역,,위 자료는 미지질조사소(USGS) 분석결과임.,,=
2,200807140014,245,20080713235836.000,6.5,21.0300,120.8700,대만 카오슝 남남동쪽 186km 해역,,위 자료는 미지질조사소(USGS) 분석결과임.\n우리나라 영향없음,,=
2,200807191146,253,20080719113900.000,6.6,37.5000,142.5000,일본 혼슈 센다이 동남동쪽 176km 해역,,위 자료는 일본기상청(JMA) 분석결과임.\n우리나라 영향 없음.,,=
2,200807212040,257,20080721203000.000,6.1,37.1000,142.3000,일본 혼슈 미토 동북동쪽 186km 해역,,위 자료는 일본기상청(JMA) 분석결과임.\n우리나라 영향없음.,,=
3,200807222316,261,20080722231126.000,2.0,35.3800,129.6800,울산 동구 동남동쪽 27km 해역,,이 지진정보는 자동계기분석 결과이며, 상세분석 후 변경될 수 있음.\n신고된피해없음.\n,
3,200807231935,266,20080723192959.000,2.8,34.5000,128.1200,경남 남해군 남남동쪽 43km 해역,,이 지진정보는 자동계기분석 결과이며, 상세분석 후 변경될 수 있음.\n신고된피해없음.\n,
2,200807240038,267,20080724002600.000,6.8,39.7000,141.7000,일본 혼슈 모리오카 동쪽 50km 지역,,위 자료는 일본기상청(JMA) 분석결과임.\n우리나라 영향없음.,,=
2,200807241138,268,20080724112800.000,5.0,39.6000,141.6000,일본 혼슈 모리오카 동남동쪽 42km 지역,,위 자료는 일본기상청(JMA) 분석결과임. 위 지진은 24일 00시 26분에 발생한 지진의 여진임. 우리나라 영향없음,,=
3,200807271810,271,20080727171318.000,2.4,39.4000,126.0300,평안남도 평성 북동쪽 23km 지역,,이 지진정보는 상세분석 결과 입니다.\n이 지진은 자연지진 입니다.,,=
3,200807272153,272,20080727214848.000,2.2,34.4500,128.0800,경남 남해군 남남동쪽 46km 해역,,이 지진정보는 자동계기분석 결과이며, 상세분석 후 변경될 수 있음.\n신고된피해없음.,
2,200808051904,273,20080805184922.000,6.0,32.7000,105.3500,중국 츠촨성 광유안 남서쪽 53km 지역,,위 자료는 미지질조사소(USGS) 분석결과임.\n우리나라 영향없음.,,=
3,200808191112,274,20080819110742.000,2.4,34.5300,125.4200,전남 신안군 흑산면 남남서쪽 14km 해역,,이 지진정보는 자동계기분석 결과이며, 상세분석 후 변경될 수 있음.\n신고된피해없음.\n,
5,200808191140,275,20080819110726.000,2.7,34.0500,124.4000,전남 신안군 흑산면 남서쪽 119km 해역,,2008년 8월 19일 11시 12분에 발표한 지진의 2차 통보임.,위·경도 및 규모 변경.,=
3,200808201449,281,20080820144526.000,2.2,35.7200,125.6900,전남 영광군 서북서쪽 90km 해역,,이 지진정보는 자동계기분석 결과이며, 상세분석 후 변경될 수 있음.\n신고된피해없음.\n,
2,200808252244,283,20080825222201.000,6.6,30.9900,83.6500,중국 시짱(티벳) 서부 지역,,위 자료는 미지질조사소(USGS) 분석결과임.,,=
2,200808270625,285,20080827060037.000,6.3,-7.5500,-74.4700,페루 푸칼파 북쪽 93km 지역,,위 자료는 미지질조사소(USGS) 분석결과임.,,=
2,200808271056,286,20080827103531.000,6.3,51.7300,104.2500,러시아 이르쿠츠크 서쪽 65km 지역(바이칼호),,위 자료는 미지질조사소(USGS) 분석결과임.,,=
2,200808301616,288,20080830155406.000,6.3,-6.1900,147.2600,파푸아뉴기니 라에 북북동쪽 68km 지역,,위 자료는 미지질조사소(USGS) 분석결과임.\n우리나라 영향 없음.,,=
2,200809032058,292,20080903202513.000,6.0,-26.5700,-63.1800,아르헨티나 산티아고델에스테로 북동쪽 171km 지역,,위 자료는 미지질조사소(USGS) 분석결과임.,,=
3,200809040051,294,20080904004436.000,2.5,34.8900,125.5000,전남 신안군 흑산면 북쪽 27km 해역,,이 지진정보는 자동계기분석 결과이며, 상세분석 후 변경될 수 있음.,
3,200809081538,296,20080908153505.000,2.6,34.5700,128.2500,경남 통영시 남남서쪽 36km 해역,,이 지진정보는 자동계기분석 결과이며, 상세분석 후 변경될 수 있음.\n신고된피해없음.\n,
2,200809090417,298,20080909035210.000,7.0,-13.4900,166.8800,남태평양 바누아투 산토 북쪽 229km 해역,,위 자료는 미지질조사소(USGS) 분석결과임.\n우리나라 영향없음.,,=
2,200809102024,299,20080910200040.000,6.1,27.0100,55.7800,이란 벤다르 아바스 서남서 55km 지역,,위 자료는 미지질조사소(USGS) 분석결과임,,=
2,200809110931,300,20080911092100.000,7.0,41.5000,144.4000,일본 홋카이도 구시로 남쪽 164km 해역(태평양쪽),,위 자료는 일본기상청(JMA) 분석결과임.\n우리나라 영향 없음.,,=
3,200809111050,302,20080911104610.000,2.4,38.0800,127.1200,경기 연천군 동남동쪽 4km 지역,,이 지진정보는 자동계기분석 결과이며, 상세분석 후 변경될 수 있음.\n신고된피해없음.\n,
3,200809131209,306,20080913120508.000,2.5,35.6000,126.9900,전북 정읍시 동북동쪽 12km 지역,,이 지진정보는 자동계기분석 결과이며, 상세분석 후 변경될 수 있음.\n신고된피해없음.\n,
3,200809201129,308,20080920112400.000,2.6,34.1200,124.8800,전남 신안군 흑산면 남서쪽 80km 해역,,이 지진정보는 자동계기분석 결과이며, 상세분석 후 변경될 수 있음.\n신고된피해없음.\n,
2,200809271230,314,20080927120913.000,6.1,13.4000,120.4800,필리핀 마닐라 남남서쪽 145km 지역,,위 자료는 미지질조사소(USGS) 분석결과임.,,=
2,200809300057,315,20080930001932.000,7.3,-29.9000,-177.7800,태평양 뉴질랜드 오클랜드 북동쪽 1035km 해역,,위 자료는 미지질조사소(USGS) 분석결과임.\n우리나라 영향 없음.,,=
2,200810011853,319,20081001183900.000,5.6,30.3000,139.5000,일본 혼슈 도쿄 남남동쪽 595km 해역,,위 자료는 일본기상청(JMA) 분석결과임.,,=
2,200810060109,321,20081006005250.000,6.9,39.7000,73.8800,키르기즈스탄  사리타쉬 동쪽 61km 지역,,위 자료는 미지질조사소(USGS) 분석결과임.,,=
2,200810060831,322,20081006075633.000,6.0,33.9500,69.4800,아프카니스탄 카불 남남동쪽 약 70km 지역,,위 자료는 미지질조사소(USGS) 분석결과임.,,=
2,200810061748,323,20081006173049.000,6.5,29.7600,90.4100,중국 티벳 라사 서쪽 약 74km 지역,,위 자료는 미지질조사소(USGS) 분석결과임.,,=
3,200810081108,326,20081008110434.000,2.1,38.1200,127.1100,경기 연천군 북동쪽 4km 지역,,이 지진정보는 자동계기분석 결과이며, 상세분석 후 변경될 수 있음. 신고된피해없음.\n,
2,200810191435,334,20081019141033.000,7.1,-21.8100,-173.4900,통가 누쿠알로파 동남동쪽 약 195km 해역,,위 자료는 미지질조사소(USGS) 분석결과임.\n우리나라 영향 없음,,=
2,200810290827,346,20081029080957.000,6.2,30.7500,67.3400,파키스탄 퀘타 북북동쪽 69km 지역,,위 자료는 미국지질조사소(USGS) 분석결과임.,,=
3,200810290931,347,20081029092614.000,3.4,36.3500,127.2500,충남 공주시 남동쪽 15km 지역,,충남 일부 지역에서 지진동이 감지되었음,,=
2,200810292050,350,20081029203249.000,6.1,30.6300,67.5200,파키스탄 퀘타 북동쪽 69km 지역,,위 자료는 미지질조사소(USGS) 분석결과임.,,=
2,200811040445,354,20081104042202.000,6.1,1.1900,97.3800,인도네시아 수마트라 시볼가 서남서쪽 168km 지역,,위 자료는 미지질조사소(USGS) 분석결과임.,,=
3,200811051816,355,20081105181231.000,2.3,37.0700,129.1100,경북 봉화군 동북동쪽 38km 지역,,이 지진정보는 자동계기분석 결과이며, 상세분석 후 변경될 수 있음.\n신고된피해없음.\n,
2,200811101043,358,20081110102201.000,6.5,37.6200,95.8500,중국 칭하이성 거얼무 북북동쪽 약 162km 지역,,위 자료는 미지질조사소(USGS) 분석결과임.,,=
3,200811112154,365,20081111212053.000,3.0,38.5400,125.6500,황해북도 사리원 서북서쪽 10km 지역,,이 지진정보는 상세분석 후 변경될 수 있음.\n\n* 자연지진 임.,,=
3,200811112220,366,20081111213002.000,3.0,38.5500,125.6700,황해북도 사리원 서북서쪽 9km 지역,,이 지진정보는 상세분석 후 변경될 수 있음.\n\n- 자연지진 임.\n\n* 21시 21분경 황해북도 사리원 서북서쪽 10km 지역\n  에서 규모 3.0의 지진이 발생한 바 있음.,,=
3,200811120032,367,20081111233754.000,2.5,38.5600,125.6600,황해북도 사리원 북서쪽 11km 지역,,이 지진정보는 상세분석 후 변경될 수 있음.\n- 자연지진 임.\n\n* 11월 11일 21시 21분경 사리원 서북서쪽 10km 지역에서 규모 3.0의 지진이 발생한 바 있음.\n* 11월 11일 21시 30분경 사리원 서북서쪽 9km 지역에서 규모 3.0의 지진이 발생한 바 있음.,,=
2,200811170223,370,20081117020234.000,7.8,1.3500,122.1200,인도네시아 술라웨시섬 고론탈로 북서쪽 139km 해역,,위 자료는 미지질조사소(USGS) 분석결과임.\n우리나라 영향없음.,,=
2,200811241822,381,20081124180258.000,7.0,54.2000,154.5000,러시아 캄차카반도 서쪽 약 85km 해역,,위 자료는 미지질조사소(USGS) 분석결과임. 우리나라에 영향 없음.,,=
2,200812040830,406,20081204081700.000,6.1,38.5000,143.3000,일본 혼슈 센다이 동쪽 221km 해역,,위 자료는 일본기상청(JMA) 분석결과임.\n* 우리나라 영향 없음,,=
2,200812041223,408,20081204121100.000,5.7,38.6000,143.2000,일본 혼슈 센다이 동쪽 214km 해역,,위 자료는 일본기상청(JMA) 분석결과임.\n* 우리나라 영향 없음.,,=
3,200812070234,410,20081207022807.000,2.1,36.4500,129.5700,경북 영덕군 동북동쪽 19km 해역,,이 지진정보는 자동계기분석 결과이며, 상세분석 후 변경될 수 있음.\n신고된피해없음.\n,
3,200812071833,411,20081207180214.000,2.3,37.7900,125.0200,황해남도 옹진 서남서쪽 34km 해역,,이 지진정보는 자동계기분석 결과이며, 상세분석 후 변경될 수 있음.\n신고된피해없음. 자연지진임.\n,
3,200812080855,413,20081208084944.000,2.3,35.1200,124.6400,전남 신안군 흑산면 북서쪽 92km 해역,,이 지진정보는 자동계기분석 결과이며, 상세분석 후 변경될 수 있음.\n신고된피해없음.\n,
2,200812091604,414,20081209152402.000,7.0,-31.0600,-177.0300,뉴질랜드 오클랜드 북동쪽 990km 해역,,위 자료는 미지질조사소(USGS) 분석결과임.\n우리나라 영향없음,,=
3,200812111956,423,20081211193120.000,2.7,40.3800,126.8700,자강도 용림(북한) 남남동쪽 14km 지역,,이 지진정보는 자동계기분석 결과이며, 상세분석 후 변경될 수 있음.\n신고된피해없음.\n** 자연지진임 **\n,
2,200812181557,438,20081218154700.000,5.7,38.3000,143.8000,일본 혼슈 센다이 동쪽 264km 해역,,위 자료는 일본기상청(JMA) 분석결과임. \n* 우리나라 영향 없음.\n,,=
3,200812182342,439,20081218233815.000,2.0,36.4600,129.5500,경북 영덕군 동북동쪽 17km 해역,,이 지진정보는 자동계기분석 결과이며, 상세분석 후 변경될 수 있음.\n신고된피해없음.\n,
3,200812191758,447,20081219175341.000,3.2,36.4300,129.7000,경북 영덕군 동쪽 30km 해역,,이 지진정보는 자동계기분석 결과이며, 상세분석 후 변경될 수 있음.\n신고된피해없음.\n,
3,200812192158,449,20081219215349.000,2.2,37.3600,129.8300,경북 울진군 북동쪽 56km 해역,,이 지진정보는 자동계기분석 결과이며, 상세분석 후 변경될 수 있음.\n신고된피해없음.\n,
2,200812201938,451,20081220192900.000,6.5,36.5000,142.6000,일본 혼슈 미토 동쪽 197km 해역,,위 자료는 일본기상청(JMA) 분석결과임.\n우리나라 영향없음.,,=
2,200812211828,452,20081221181700.000,6.2,36.6000,142.5000,일본 혼슈 미토 동쪽 188km 해역,,위 자료는 일본기상청(JMA) 분석결과임.\n우리나라 영향없음,,=
3,200812290555,468,20081229055117.000,2.1,35.6500,126.4000,전북 부안군 서남서쪽 32km 해역,,이 지진정보는 자동계기분석 결과이며, 상세분석 후 변경될 수 있음.\n신고된피해없음.\n,
3,200901010650,1,20090101064535.000,2.1,36.3100,128.3500,경북 구미시 북쪽 22km 지역,,이 지진정보는 자동계기분석 결과이며, 상세분석 후 변경될 수 있음.\n신고된피해없음.,
3,200901011603,6,20090101155810.000,2.2,36.4900,129.0800,경북 청송군 북북동쪽 7km 지역,,이 지진정보는 자동계기분석 결과이며, 상세분석 후 변경될 수 있음.\n신고된피해없음.\n,
3,200901020820,7,20090102081553.000,2.2,33.9400,127.6700,전남 고흥군 남남동쪽 82km 해역,,이 지진정보는 자동계기분석 결과이며, 상세분석 후 변경될 수 있음.\n신고된피해없음.\n,
2,200901040504,9,20090104044359.000,7.8,-0.7000,132.8000,인도네시아 이리안자야 마노콰리 서쪽 144km 지역,,위 자료는 미지질조사소(USGS) 분석결과임.\n우리나라 영향없음,,=
2,200901040544,11,20090104052320.000,6.2,36.5300,70.7800,아프카니스탄 페이자바드 남남동쪽 66km 지역,,위 자료는 미지질조사소(USGS) 분석결과임\n우리나라 영향없음.,,=
2,200901040752,12,20090104073341.000,7.5,-0.7000,133.3800,인도네시아 이리안자야 마노콰리 서북서쪽 81km 해역,,위 자료는 미지질조사소(USGS) 분석결과임.\n우리나라 영향없음.,,=
3,200901050305,14,20090105025959.000,2.5,33.4500,127.3400,제주 제주시 동쪽 75km 해역,,이 지진정보는 자동계기분석 결과이며, 상세분석 후 변경될 수 있음.\n신고된피해없음.\n,
2,200901090501,15,20090109042139.000,6.1,10.2100,-84.2500,코스타리카 산호세 북서쪽 32km 지역,,위 자료는 미지질조사소(USGS) 분석결과임.,,=
3,200901092123,20,20090109205323.000,2.8,38.6700,125.9000,황해북도 사리원 북북동쪽 22km 지역,,이 지진정보는 자동계기분석 결과이며, 상세분석 후 변경될 수 있음.\n자연지진임.\n,
3,200901131912,23,20090113190700.000,2.6,36.4200,129.6100,경북 영덕군 동쪽 22km 해역,,이 지진정보는 자동계기분석 결과이며, 상세분석 후 변경될 수 있음.\n신고된피해없음.\n,
2,200901160310,25,20090116024940.000,7.7,46.9900,155.1100,일본 홋카이도 구시로 동북동쪽 955km (쿠릴열도) 해역,,위 자료는 미지질조사소(USGS) 분석결과임.\n우리나라 영향없음,,=
2,200902010704,31,20090201065200.000,5.8,36.7000,141.4000,일본 혼슈 미토 동북동쪽 95km 해역,,위 자료는 일본기상청(JMA) 분석결과임.\n우리나라 영향없음.,,=
2,200902120312,38,20090212023452.000,7.0,3.8700,126.4100,인도네시아 탈라우드 남쪽 해역,,위 자료는 미지질조사소(USGS) 분석결과임.\n우리나라 영향 없음.,,=
3,200902121749,54,20090212174615.000,2.9,35.2000,127.5400,전남 구례군 동쪽 7km 지역,,이 지진정보는 자동계기분석 결과이며, 상세분석 후 변경될 수 있음.\n신고된 피해없음.\n,
3,200902151301,56,20090215125705.000,2.1,35.8500,127.7200,전북 무주군 남남동쪽 18km 지역,,이 지진정보는 자동계기분석 결과이며, 상세분석 후 변경될 수 있음.\n신고된 피해없음.\n,
2,200902151834,58,20090215182400.000,6.0,40.3000,142.5000,일본 혼슈 모리오카 동북동쪽 137km 해역,,위 자료는 일본기상청(JMA) 분석결과임.\n우리나라 영향없음.,,=
3,200902152246,60,20090215224157.000,3.0,35.7600,125.7100,전남 영광군 북서쪽 91km 해역,,이 지진정보는 자동계기분석 결과이며, 상세분석 후 변경될 수 있음.\n신고된 피해없음.,
2,200902180658,66,20090218064700.000,5.1,35.7000,136.3000,일본 혼슈 후쿠이 남쪽 43km 지역,,위 자료는 일본기상청(JMA) 분석결과임.,,=
3,200902190048,71,20090219000139.000,2.3,39.7200,126.8900,함경남도 요덕 북북동쪽 9km 지역,,이 지진정보는 자동계기분석 결과이며, 상세분석 후 변경될 수 있음.\n자연지진임.\n,
2,200902190714,73,20090219065343.000,7.3,-27.3000,-175.7000,뉴질랜드 라울섬 북동쪽 303km 해역,,위 자료는 미지질조사소(USGS) 분석결과임.,,=
3,200902232151,75,20090223214717.000,2.6,37.1300,126.0100,충남 태안군 북북서쪽 50km 해역,,이 지진정보는 자동계기분석 결과이며, 상세분석 후 변경될 수 있음.\n신고된 피해없음.\n,
3,200902261508,81,20090226150357.000,2.5,35.1200,129.5200,부산 기장군 동남동쪽 30km 해역,,이 지진정보는 자동계기분석 결과이며, 상세분석 후 변경될 수 있음.\n신고된 피해없음.\n,
3,200902262057,83,20090226205304.000,2.2,36.9400,129.3600,경북 울진군 남서쪽 7km 지역,,이 지진정보는 자동계기분석 결과이며, 상세분석 후 변경될 수 있음.\n신고된 피해없음.\n,
2,200902280945,90,20090228093600.000,5.4,42.6000,142.2000,일본 홋카이도 삿포로 남동쪽 95km 지역,,위 자료는 일본기상청(JMA) 분석결과임.,,=
3,200903021425,91,20090302142028.000,3.4,37.1100,124.6000,인천 백령도 남쪽 94km 해역,,이 지진정보는 자동계기분석 결과이며 상세분석 후 변경될 수 있음.\n신고된 피해 없음.,,=
2,200903200340,102,20090320031737.000,7.9,-23.0200,-174.7800,통가 남남동쪽 약 213km 해역,,위 자료는 미지질조사소(USGS) 분석결과임.,,=
3,200903241956,104,20090324194754.000,3.1,35.1100,129.5300,부산 기장군 동남동쪽 31km 해역,,이 지진정보는 자동계기분석 결과이며, 상세분석 후 변경될 수 있음.\n신고된 피해없음.\n,
3,200903260235,109,20090326023214.000,2.3,33.3800,127.1400,제주 제주시 동남동쪽 58km 해역,,이 지진정보는 자동계기분석 결과이며, 상세분석 후 변경될 수 있음.\n신고된 피해없음.\n,
3,200903262117,110,20090326211102.000,2.3,35.1100,129.6800,부산 기장군 동남동쪽 44km 해역,,이 지진정보는 자동계기분석 결과이며, 상세분석 후 변경될 수 있음.\n신고된 피해없음.\n,
3,200903262225,112,20090326222125.000,2.7,38.0900,127.1100,경기 연천군 동쪽 3km 지역,,이 지진정보는 자동계기분석 결과이며, 상세분석 후 변경될 수 있음.\n신고된 피해없음.\n,
2,200903270448,115,20090327042000.000,5.7,27.4000,126.8000,일본 오키나와 나하 북서쪽 158km 해역,,위 자료는 일본기상청(JMA) 분석결과임.,,=
2,200903290320,116,20090329025928.000,6.0,-2.9300,139.5600,인도네시아 자야푸라 서남서쪽 134km 지역,,위 자료는 미지질조사소(USGS) 분석결과임.\n우리나라 영향없음.,,=
3,200903300602,118,20090330055817.000,2.3,36.2100,128.0800,경북 김천시 북쪽 8km 지역,,이 지진정보는 자동계기분석 결과이며, 상세분석 후 변경될 수 있음.\n신고된 피해없음.\n,
3,200904022031,119,20090402202800.000,3.0,37.6000,125.9500,인천 강화군 서남서쪽 50km 해역,,이 지진정보는 자동계기분석 결과이며, 상세분석 후 변경될 수 있음.\n신고된 피해없음.\n,
2,200904051846,122,20090405183600.000,5.6,31.9000,131.9000,일본 큐슈 미야자키 동쪽 46km 해역,,위 자료는 일본기상청(JMA) 분석결과임.\n우리나라 영향없음.,,=
2,200904061052,125,20090406103244.000,6.7,42.4800,13.1600,이탈리아 로마 북동쪽 86km 지역,,위 자료는 미지질조사소(USGS) 분석결과임.,,=
3,200904140518,130,20090414045133.000,2.5,38.4500,125.6500,황해북도 사리원 서남서쪽 11km 지역,,이 지진정보는 자동계기분석 결과이며, 상세분석 후 변경될 수 있음.\n자연지진임.\n,
2,200904181315,134,20090418125631.000,5.0,42.9400,130.6000,러시아 블라디보스토크 서남서쪽 111km 지역,,위 자료는 미지질조사소(USGS) 분석결과임.,,=
3,200904182022,135,20090418201901.000,2.5,33.3900,127.0700,제주 제주시 동남동쪽 51km 해역,,이 지진정보는 자동계기분석 결과이며, 상세분석 후 변경될 수 있음.\n신고된 피해없음.\n,
3,200904211750,136,20090421174457.000,2.0,35.4500,128.2200,경남 의령군 북북서쪽 15km 지역,,이 지진정보는 자동계기분석 결과이며, 상세분석 후 변경될 수 있음.\n신고된 피해없음.\n,
3,200904291221,142,20090429121542.000,3.2,33.4500,127.4600,제주 제주시 동쪽 86km 해역,,이 지진정보는 자동계기분석 결과이며, 상세분석 후 변경될 수 있음.\n신고된 피해없음.\n,
3,200905020805,145,20090502075827.000,3.8,36.6100,128.7600,경북 안동시 북북동쪽 6km 지역,,이 지진정보는 자동계기분석 결과이며 상세분석 후 변경될 수 있음.\nKBS, MBC, SBS
3,200905021232,148,20090502122829.000,2.6,36.5700,128.7100,경북 안동시 서북서쪽 2km 지역,,이 지진정보는 자동계기분석 결과이며 상세분석 후 변경될 수 있음.\n\n\n,,=
2,200905040205,149,20090504012146.000,6.1,14.6600,-91.1400,과테말라 과테말라시 서쪽 70km 지역(아티틀란호),,위 자료는 미지질조사소(USGS) 분석결과임.\n우리나라 영향없음.,,=
2,200905100454,155,20090510043400.000,5.5,36.7000,142.6000,일본 혼슈 미토 동쪽 199km 해역,,위 자료는 일본기상청(JMA) 분석결과임.\n우리나라 영향없음.,,=
2,200905121044,159,20090512102628.000,6.1,-5.7800,149.6700,파퓨아뉴기니 뉴브리튼 칸드리안 지역,,위 자료는 미국지질조사소(USGS) 분석결과임.,,=
3,200905142053,163,20090514205012.000,2.1,36.2800,127.1200,충남 논산시 북쪽 11km 지역,,이 지진정보는 자동계기분석 결과이며, 상세분석 후 변경될 수 있음.\n신고된 피해없음.,
3,200905152244,164,20090515224131.000,2.2,36.5700,126.4400,충남 홍성군 서쪽 20km 해역,,이 지진정보는 자동계기분석 결과이며, 상세분석 후 변경될 수 있음.\n신고된 피해없음.\n,
3,200905251816,184,20090525181230.000,2.4,36.9500,129.3300,경북 울진군 남서쪽 8km 지역,,이 지진정보는 자동계기분석 결과이며, 상세분석 후 변경될 수 있음.\n신고된 피해없음.\n,
3,200905261904,188,20090526185902.000,2.2,36.5700,129.2200,경북 영양군 남동쪽 14km 지역,,이 지진정보는 자동계기분석 결과이며, 상세분석 후 변경될 수 있음.\n신고된 피해없음.\n,
2,200905281834,193,20090528172445.000,7.1,16.7800,-86.1700,온두라스 라 세이바 북북동쪽 130km 해역,,위 자료는 미지질조사소(USGS) 분석결과임.,,=
3,200905310014,195,20090531001058.000,2.5,33.5200,125.8500,제주 제주시 서쪽 63km 해역,,이 지진정보는 자동계기분석 결과이며, 상세분석 후 변경될 수 있음.\n신고된 피해없음.\n,
3,200905311530,198,20090531152407.000,2.3,38.6000,126.4300,황해북도 신계 북서쪽 14km 지역,,이 지진정보는 자동계기분석 결과이며, 상세분석 후 변경될 수 있음.\n신고된 피해없음.\n자연지진임.,
3,200906031603,200,20090603155602.000,2.4,33.1900,126.3300,제주 서귀포시 서남서쪽 18km 해역,,이 지진정보는 자동계기분석 결과이며, 상세분석 후 변경될 수 있음.\n신고된 피해없음.\n,
3,200906032025,202,20090603200938.000,2.9,38.5700,126.5000,황해북도 신계 북북서쪽 9km 지역,,이 지진정보는 자동계기분석 결과이며, 상세분석 후 변경될 수 있음. 자연지진임,
2,200906051240,206,20090605123000.000,6.3,41.7000,143.7000,일본 홋카이도 구시로 남남서쪽 152km 해역,,위 자료는 일본기상청(JMA) 분석결과임.\n우리나라 영향없음.,,=
3,200906060052,207,20090606004942.000,2.8,38.6300,127.4400,강원 회양(북한) 서남서쪽 16km 지역,,이 지진정보는 자동계기분석 결과이며, 상세분석 후 변경될 수 있음.\n신고된 피해없음.\n,
3,200906060200,208,20090606015639.000,2.2,35.1300,125.1400,전남 신안군 흑산면 북북서쪽 61km 해역,,이 지진정보는 자동계기분석 결과이며, 상세분석 후 변경될 수 있음.\n신고된 피해없음.\n,
2,200906061503,210,20090606145800.000,5.9,35.6000,141.4000,일본 혼슈 미토 남동쪽 126km 해역,,위 자료는 일본기상청(JMA) 분석결과임.\n우리나라 영향없음.\n,,=
3,200906200413,225,20090620040551.000,2.6,37.0900,124.8000,충남 태안군 서격렬비열도 북서쪽 85km 해역,,이 지진정보는 자동계기분석 결과이며, 상세분석 후 변경될 수 있음.\n신고된 피해없음.\n,
3,200906202136,226,20090620211452.000,2.2,38.0300,126.6200,개성(북한) 북동쪽 8km 지역,,이 지진정보는 자동계기분석 결과이며, 상세분석 후 변경될 수 있음.\n신고된 피해없음.\n\n자연지진임.\n,
2,200906231650,229,20090623163700.000,5.5,38.9000,142.5000,일본 혼슈 모리오카 남동쪽 147km 해역,,위 자료는 일본기상청(JMA) 분석결과임.\n우리나라 영향없음.,,=
2,200906232339,237,20090623231920.000,7.0,-5.3300,153.6300,파푸아뉴기니아 라바울섬 남동쪽 203km 해역,,위 자료는 미지질조사소(USGS) 분석결과임.\n우리나라 영향없음,,=
3,200906251325,239,20090625130601.000,2.2,39.3100,126.0600,평안남도 성천 서북서쪽 15km 지역,,이 지진정보는 자동계기분석 결과이며, 상세분석 후 변경될 수 있음.\n자연지진임.\n,
3,200906282213,247,20090628220748.000,3.0,35.7800,128.2900,경북 고령군 북북동쪽 7km 지역,,이 지진정보는 자동계기분석 결과이며, 상세분석 후 변경될 수 있음.\n신고된 피해없음.\n,
3,200906291156,248,20090629115253.000,2.5,37.1400,126.0200,충남 태안군 북북서쪽 51km 해역,,이 지진정보는 자동계기분석 결과이며, 상세분석 후 변경될 수 있음.\n신고된 피해없음.\n,
3,200907010925,249,20090701085504.000,2.5,37.7500,124.9000,인천 백령도 남동쪽 30km 해역,,이 지진정보는 자동계기분석 결과이며, 상세분석 후 변경될 수 있음.\n신고된 피해없음.\n,
2,200907070748,251,20090707073500.000,5.7,24.9000,128.1000,대만 타이베이 동쪽 667km 해역,,위 자료는 일본기상청(JMA) 분석결과임.\n우리나라 영향없음.,,=
2,200907121549,258,20090712151245.000,6.0,-15.0800,-70.5100,페루 줄리아카 북서쪽 59km 지역,,위 자료는 미지질조사소(USGS) 분석결과임.\n우리나라 영향없음,,=
2,200907140325,261,20090714030503.000,6.3,24.0700,122.1700,대만 타이베이 남남동쪽 125km 해역,,위 자료는 대만기상국(CWB) 분석결과임.\n우리나라 영향없음,,=
3,200907150409,262,20090715040450.000,3.1,35.1200,125.1200,전남 신안군 흑산면 북북서쪽 61km 해역,,이 지진정보는 자동계기분석 결과이며, 상세분석 후 변경될 수 있음.\n신고된 피해없음.\n\n,
2,200907151858,264,20090715182300.000,7.8,-46.1000,166.3000,뉴질랜드 남섬(S.IsIand) 남서쪽 해역,,위 자료는 태평양지진해일경보센터(PTWC) 분석결과임.,,=
3,200907171322,267,20090717131405.000,2.4,38.4400,126.1400,황해북도 평산 서북서쪽 25km 지역,,이 지진정보는 자동계기분석 결과이며, 상세분석 후 변경될 수 있음.\n신고된 피해없음.\n자연지짐임.,
2,200907300021,274,20090729235208.000,5.5,22.6000,143.3400,일본 화산섬 이오지마 남동쪽 318km 해역,,위 자료는 미지질조사소(USGS) 분석결과임.\n우리나라 영향없음,,=
3,200907300931,276,20090730092737.000,2.6,35.5000,126.2900,전남 영광군 북서쪽 32km 해역,,이 지진정보는 자동계기분석 결과이며, 상세분석 후 변경될 수 있음.\n신고된 피해없음.\n,
2,200908021819,280,20090802175435.000,6.1,-0.5000,132.9000,인도네시아  마노콰리 서북서쪽 142km 지역,,위 자료는 미지질조사소(USGS) 분석결과임.,,=
2,200908050956,281,20090805091800.000,6.4,24.2300,125.0100,대만 타이베이 동남동쪽 367km 해역,,위 자료는 미지질조사소(USGS) 분석결과임.\n우리나라 영향없음.,,=
2,200908092007,282,20090809195600.000,6.9,33.1000,138.5000,일본 혼슈 나고야 남남동쪽 269km 해역,,위 자료는 일본기상청(JMA) 분석결과임.\n우리나라 영향없음.,,=
2,200908110518,283,20090811045539.000,7.6,14.0100,92.9200,인도 벵골만 포트블레어 북쪽 262km 해역,,위 자료는 미지질조사소(USGS) 분석결과임.\n우리나라 영향없음.\n,,=
2,200908110551,284,20090811050700.000,6.6,34.8000,138.5000,일본 혼슈 나고야 동남동쪽 150km 해역,,위 자료는 일본기상청(JMA) 분석결과임\n우리나라 영향없음.,,=
2,200908130757,285,20090813074900.000,6.5,33.0000,140.8000,일본 혼슈 도쿄 남남동쪽 315km 해역,,위 자료는 일본기상청(JMA) 분석결과임,,=
3,200908150323,289,20090815031812.000,2.2,36.5300,129.5800,경북 영덕군 북동쪽 23km 해역,,이 지진정보는 자동계기분석 결과이며, 상세분석 후 변경될 수 있음.\n신고된 피해없음.\n,
2,200908161704,290,20090816163826.000,7.0,-1.4100,99.5000,인도네시아 수마트라 파당 서남서쪽 110km 해역,,위 자료는 미지질조사소(USGS) 분석결과임.,,=
2,200908170917,291,20090817090600.000,6.8,23.2000,123.8000,대만 타이베이 남동쪽 309km 해역,,위 자료는 일본기상청(JMA) 분석결과임.\n국내영향없음.,,=
3,200908171529,292,20090817152422.000,2.3,36.5500,129.5800,경북 영덕군 북동쪽 24km 해역,,이 지진정보는 자동계기분석 결과이며, 상세분석 후 변경될 수 있음.\n신고된 피해없음.\n,
2,200908171926,296,20090817191600.000,6.5,23.1000,123.7000,대만 타이베이 남동쪽 309km 해역,,위 자료는 일본기상청(JMA) 분석결과임.\n국내영향없음.,,=
2,200908182241,298,20090818222226.000,5.9,23.3000,123.5000,대만 타이베이 남동쪽 279km 해역,,위 자료는 일본기상청(JMA) 분석결과임\n국내영향없음\n,,=
3,200908212316,300,20090821230222.000,3.8,38.8200,125.7900,황해북도 송림 북동쪽 16km 지역,,이 지진정보는 자동계기분석 결과이며, 상세분석 후 변경될 수 있음.\n자연지진임.\n,
3,200908252315,306,20090825230829.000,2.4,37.6900,124.5500,인천 백령도 남남서쪽 31km 해역,,이 지진정보는 자동계기분석 결과이며, 상세분석 후 변경될 수 있음.\n신고된 피해없음.\n,
2,200908281130,311,20090828105206.000,6.2,37.7200,95.6800,중국 칭하이성 북부 지역,,위 자료는 미지질조사소(USGS) 분석결과임.,,=
2,200909021724,318,20090902165502.000,7.4,-7.8400,107.2600,인도네시아 자바섬 반둥 남남서쪽 104km 해역,,위 자료는 미지질조사소(USGS) 분석결과임.,,=
2,200909032237,321,20090903222600.000,6.0,31.1000,130.3000,일본 큐슈 가고시마 남남서쪽 57km 해역,,위 자료는 일본기상청(JMA) 분석결과임\n\n국내영향없음,,=
2,200909080808,323,20090908074137.000,6.2,42.7100,43.4800,그루지야 쿠타이시 북동쪽 80km 지역,,위 자료는 미지질조사소(USGS) 분석결과임.,,=
2,200909211841,328,20090921175305.000,6.3,27.2800,91.4300,부탄 팀부 동쪽 175km 지역,,위 자료는 미지질조사소(USGS) 분석결과임.,,=
2,200909290432,333,20090929042300.000,5.9,27.8000,127.9000,일본 큐슈 가고시마 남남서쪽 490km 해역,,위 자료는 일본기상청(JMA) 분석결과임.\n우리나라 영향없음.,,=
2,200909300325,337,20090930024814.000,7.9,-15.5500,-172.1400,남태평양 통가 히히포 동북동쪽 180km 해역,,위 자료는 미지질조사소(USGS) 분석결과임.\n국내영향없음\n,,=
2,200909301935,340,20090930191610.000,7.9,-0.8000,99.9300,인도네시아 수마트라 파당 서북서 50km,,위 자료는 미지질조사소(USGS) 분석결과임.\n국내영향없음,,=
2,200910011122,342,20091001105230.000,6.8,-2.5380,101.6250,인도네시아 수마트라 뱅클루 북북서쪽 154km 지역,,- 위 자료는 미지질조사소(USGS) 분석결과임.\n- 어제(9/30) 발생한 인도네시아 지진(규모 7.6) \n  진앙으로부터 남동쪽으로 약 260km 지점임.\n- 국내영향없음.,,=
3,200910012138,345,20091001213005.000,2.9,38.1200,126.0200,황해남도 해주 동북동쪽 28km 지역,,이 지진정보는 자동계기분석 결과이며, 상세분석 후 변경될 수 있음.\n자연지진임.\n,
2,200910040304,346,20091004023605.000,6.1,23.6400,121.5700,대만 화련 남쪽 35km 해역,,위 자료는 미지질조사소(USGS) 분석결과임.\n국내영향없음\n,,=
3,200910041249,348,20091004120005.000,2.4,39.3700,125.9700,평안남도 평성 북북동쪽 17km 지역,,이 지진정보는 자동계기분석 결과이며, 상세분석 후 변경될 수 있음.\n자연지진임.,
2,200910080726,351,20091008070313.000,8.1,-12.2800,166.2800,바누아투 루간빌 북북서쪽 373km 해역,,위 자료는 미지질조사소(USGS) 분석결과임.\n국내영향없음\n*바누아투는 남서태평양 솔로몬제도와 뉴질랜드 사이에 위치한 섬나라임.,,=
2,200910080728,351,20091008070313.000,8.1,-12.2800,166.2800,바누아투 루간빌 북북서쪽 373km 해역,,위 자료는 미지질조사소(USGS) 분석결과임.\n국내영향없음\n*바누아투는 남서태평양 솔로몬제도와 뉴질랜드 사이에 위치한 섬나라임.,,=
2,200910081803,354,20091008172851.000,7.0,-13.2000,166.2000,바누아투 루간빌 북북서쪽 278km 해역,,위 자료는 미지질조사소(USGS) 분석결과임.\n국내영향없음\n,,=
3,200910161319,357,20091016131224.000,2.3,33.5200,125.8600,제주 제주시 서쪽 62km 해역,,이 지진정보는 자동계기분석 결과이며, 상세분석 후 변경될 수 있음.\n신고된 피해없음.\n,
2,200910230511,359,20091023045128.000,6.2,36.4700,70.9300,아프카니스탄 페이자바드 남남동쪽 77km 지역,,위 자료는 미지질조사소(USGS) 분석결과임.,,=
2,200910250027,363,20091024234044.000,7.0,-6.1600,130.3500,인도네시아 타님바르제도 북북서쪽 230km 해역,,위 자료는 미지질조사소(USGS) 분석결과임.\n국내영향없음.,,=
2,200910250600,363,20091024234044.000,7.0,-6.1600,130.3500,인도네시아 타님바르제도 북북서쪽 230km 해역,,위 자료는 미지질조사소(USGS) 분석결과임.\n국내영향없음.,,=
2,200910292301,368,20091029222800.000,5.0,32.5200,105.2900,중국 쓰촨성 광위안 서쪽 50km 지역,,위 자료는 미지질조사소(USGS) 분석결과임.\n국내영향없음\n* 2008년 5월 12일 쓰촨성지진 발생지점으로부터 북동쪽 약 240km 위치함.,,=
2,200910300308,370,20091030024431.000,6.0,36.4700,70.7200,아프가니스탄 카불 북북동쪽 255km 지역,,위 자료는 미지질조사소(USGS) 분석결과임.\n국내영향없음.\n,,=
2,200910301610,373,20091030160300.000,6.8,29.2000,129.9000,일본 큐슈 가고시마 남남서쪽 272km 해역,,위 자료는 일본기상청(JMA) 분석결과임.\n국내영향없음.,,=
3,200911050447,375,20091105043125.000,2.5,38.4000,124.5500,황해남도 장연 서북서쪽 50km 해역,,이 지진정보는 자동계기분석 결과이며, 상세분석 후 변경될 수 있음.\n자연지진임.\n,
2,200911051856,377,20091105183256.000,5.7,23.6100,120.6700,대만 타이베이 남남서쪽 185km 지역,,위 자료는 미지질조사소(USGS) 분석결과임.\n국내영향없음\n,,=
2,200911092100,383,20091109194454.000,7.2,-17.2100,178.4100,피지 수바 북쪽 약 100km 해역,,위 자료는 미국지질조사소(USGS) 분석결과임.\n국내영향없음\n,,=
2,200911131251,385,20091113120555.000,6.5,-19.3500,-70.2500,칠레 아리카 남쪽 95km 지역,,위 자료는 미지질조사소(USGS) 분석결과임.,,=
3,200911140531,387,20091114052842.000,2.3,35.6400,126.9800,전북 정읍시 북동쪽 14km 지역,,이 지진정보는 자동계기분석 결과이며, 상세분석 후 변경될 수 있음.\n신고된 피해없음.\n,
3,200911142131,392,20091114212757.000,2.5,34.8100,127.9300,경남 남해군 남동쪽 4km 지역,,이 지진정보는 자동계기분석 결과이며, 상세분석 후 변경될 수 있음.\n신고된 피해없음.\n,
2,200911150548,393,20091115044422.000,6.1,-22.8900,-66.5300,아르헨티나  산 살바도르 데 후후이 북서쪽 190km 지역,,위 자료는 미지질조사소(USGS) 분석결과임.\n국내영향없음.\n,,=
3,200911170541,396,20091117053849.000,2.3,36.0700,126.9300,전북 익산시 북쪽 14km 지역,,이 지진정보는 자동계기분석 결과이며, 상세분석 후 변경될 수 있음.\n신고된 피해없음\n,
2,200911241441,397,20091124142600.000,5.8,43.3000,146.9000,일본 홋카이도 동쪽 해역(태평양),,위 자료는 일본기상청(JMA) 분석결과임.\n국내영향없음.,,=
3,200911271037,399,20091127103440.000,2.4,37.6900,129.5700,강원 동해시 동북동쪽 44km 해역,,이 지진정보는 자동계기분석 결과이며, 상세분석 후 변경될 수 있음.\n신고된 피해없음.\n,
3,200912040518,407,20091204051456.000,2.8,36.7200,128.5500,경북 예천군 북동쪽 11km 지역,,이 지진정보는 자동계기분석 결과이며, 상세분석 후 변경될 수 있음.\n신고된 피해없음.\n,
3,200912111317,411,20091211131331.000,2.8,33.6900,125.6400,제주 제주시 서북서쪽 85km 해역,,이 지진정보는 자동계기분석 결과이며, 상세분석 후 변경될 수 있음.\n신고된 피해없음.\n,
3,200912150727,416,20091215071953.000,2.3,38.8000,125.9400,황해북도 송림 동북동쪽 27km 지역,,이 지진정보는 자동계기분석 결과이며, 상세분석 후 변경될 수 있음.\n자연지진임.\n,
3,200912150905,417,20091215090213.000,2.4,36.7600,127.1000,충남 아산시 동남동쪽 9km 지역,,이 지진정보는 자동계기분석 결과이며, 상세분석 후 변경될 수 있음.\n신고된 피해없음.\n,
2,200912180559,421,20091218054100.000,5.1,36.4000,139.7000,일본 혼슈 도쿄 북쪽 78km 지역,,위 자료는 일본기상청(JMA) 분석결과임\n국내영향없음,,=
2,200912192223,425,20091219220216.000,6.4,23.7600,121.6900,대만 화련현 남남동쪽 25km 해역,,위 자료는 미국지질조사소(USGS) 분석결과임.\n(대만 타이베이 남쪽 140km 해역)\n국내영향없음.\n,,=
2,200912240938,429,20091224092400.000,6.2,42.0000,134.7000,러시아 블라디보스토크 남동쪽 260km 해역,,위 자료는 일본기상청(JMA) 분석결과임.\n국내영향없음.,,=
3,200912261128,430,20091226105550.000,2.2,37.8700,124.9100,인천 백령도 동남동쪽 22km 해역,,이 지진정보는 자동계기분석 결과이며, 상세분석 후 변경될 수 있음.\n신고된 피해없음.\n\n자연지진임.\n,
2,201001040803,6,20100104073630.000,7.2,-8.9100,157.3100,솔로몬제도 기조 남남동쪽 103km 해역,,위 자료는 미지질조사소(USGS) 분석결과임.\n국내영향없음.\n,,=
3,201001052015,7,20100105201211.000,2.6,36.9700,126.5200,충남 당진군 북서쪽 13km 지역,,이 지진정보는 자동계기분석 결과이며, 상세분석 후 변경될 수 있음.\n신고된 피해없음.\n,
3,201001101207,12,20100110115808.000,2.1,38.8000,126.0700,평양(북한) 남동쪽 37km 지역,,이 지진정보는 자동계기분석 결과이며, 상세분석 후 변경될 수 있음.\n자연지진임.,
2,201001130723,17,20100113065309.000,7.0,18.4500,-72.4500,아이티 수도 포르토프랭스 남서쪽 15km 지역,,위 자료는 미지질조사소(USGS) 분석결과임.\n국내영향없음.\n,,=
2,201001152019,19,20100115200800.000,5.5,26.8000,126.3000,대만 타이베이 동북동쪽 521km 해역,,위 자료는 일본기상청(JMA) 분석결과임.\n우리나라 영향없음.,,=
2,201001171523,21,20100117150500.000,5.5,38.0000,143.6000,일본 혼슈 센다이 동쪽 250km 해역,,위 자료는 일본기상청(JMA) 분석결과임.\n(일본 도쿄 북동쪽 430km 해역)\n국내영향없음.,,=
2,201001190130,22,20100119004032.000,6.0,13.8100,-90.2000,과테말라 과테말라시티 서남서쪽 75km 지역,,위 자료는 미지질조사소(USGS) 분석결과임.\n국내영향없음.\n,,=
2,201001202029,24,20100120200344.000,6.1,18.4300,-72.8800,아이티 포르토프랭스 서남서쪽 59km 지역,,위 자료는 미국지질조사소(USGS) 분석결과임.\n* 아이티 지진(1/13, M7.0)에서 서남서쪽 45km 지역\n,
3,201001231757,27,20100123175413.000,2.1,36.5900,128.1700,경북 상주시 북쪽 20km 지역,,이 지진정보는 자동계기분석 결과이며, 상세분석 후 변경될 수 있음.\n신고된 피해없음.\n,
2,201001241206,29,20100124113614.000,5.0,35.4980,110.6260,중국 북경 남서쪽 705km 지역,,위 자료는 미지질조사소(USGS) 분석결과임.\n국내영향없음.\n,,=
3,201002010504,37,20100201050012.000,2.3,33.3000,127.1400,제주 서귀포시 동쪽 59km 해역,,이 지진정보는 자동계기분석 결과이며, 상세분석 후 변경될 수 있음.\n신고된 피해없음.\n,
3,201002010646,38,20100201064217.000,2.4,33.3400,127.1800,제주 제주시 동남동쪽 62km 해역,,이 지진정보는 자동계기분석 결과이며, 상세분석 후 변경될 수 있음.\n신고된 피해없음.\n,
3,201002032102,39,20100203205707.000,2.6,33.3300,127.1900,제주 서귀포시 동쪽 64km 해역,,이 지진정보는 자동계기분석 결과이며, 상세분석 후 변경될 수 있음.\n신고된 피해없음.\n,
2,201002071539,41,20100207151003.000,6.6,23.4800,123.6400,대만 화렌 동남동쪽 216km 해역,,위 자료는 미지질조사소(USGS) 분석결과임.,,
3,201002091813,43,20100209180814.000,3.0,37.4500,126.8000,경기 시흥시 북쪽 8km 지역,,이 지진정보는 자동계기분석 결과이며 상세분석 후 변경될 수 있음.\nKBS, MBC, SBS
3,201002091816,40,20100209180814.000,3.0,37.4500,126.8000,경기 시흥시 북쪽 8km 지역,,이 지진정보는 자동계기분석결과이며 상세분석 후 변경될 수 있음.\nKBS, MBC, SBS
3,201002091816,40,20100209180814.000,3.0,37.4500,126.8000,경기 시흥시 북쪽 8km 지역,,이 지진정보는 자동계기분석결과이며 상세분석 후 변경될 수 있음.\nKBS, MBC, SBS
3,201002091816,41,20100209180814.000,3.0,37.4500,126.8000,경기 시흥시 북쪽 8km 지역,,이 지진정보는 자동계기분석결과이며 상세분석 후 변경될 수 있음.\nKBS, MBC, SBS
3,201002161858,48,20100216185330.000,3.2,35.6500,130.1000,울산 동구 동북동쪽 64km 해역,,이 지진정보는 자동계기분석 결과이며, 상세분석 후 변경될 수 있음.\n신고된 피해없음.\n,
2,201002181033,55,20100218101317.000,6.7,42.5600,130.8400,러시아 블라디보스크 남서쪽 110km 지역,,위 자료는 미지질조사소(USGS) 분석결과임.\n국내영향없음\n\n* 중국-러시아-북한 경계지역임,,=
3,201002212120,59,20100221211701.000,2.3,36.7500,127.1000,충남 천안시 남서쪽 8km 지역,,이 지진정보는 자동계기분석 결과이며, 상세분석 후 변경될 수 있음.\n신고된 피해없음.\n,
2,201002221435,62,20100222142102.000,6.0,23.8900,123.2300,대만 타이베이 남동쪽 216km 해역,,위 자료는 대만기상국(CWB) 분석결과임.\n우리나라 영향없음.,,=
3,201002222331,64,20100222232930.000,3.0,33.2900,127.1700,제주 서귀포시 동쪽 61km 해역,,이 지진정보는 자동계기분석 결과이며, 상세분석 후 변경될 수 있음.\n신고된 피해없음.\n,
2,201002261022,65,20100226100756.000,5.5,23.5200,122.9600,대만 타이베이 남동쪽 223km 해역,,위 자료는 미지질조사소(USGS) 분석결과임.\n국내영향없음\n,,=
2,201002270543,68,20100227053100.000,6.9,26.3000,128.2000,일본 큐슈 가고시마 남남서쪽 629km 해역,,위 자료는 일본기상청(JMA) 분석결과임. 일본 오키나와섬 주변 지진해일 경보. 우리나라 영향 없음.,,=
2,201002271550,69,20100227153413.000,8.5,-36.1000,-72.6000,칠레 산티아고 남남서쪽 339km 지역,,위 자료는 미지질조사소(USGS) 분석결과임.\n국내영향없음\n,,=
2,201002271735,71,20100227153414.000,8.8,-35.8460,-72.7190,칠레 산티아고 남서쪽 325km 해역,,위 자료는 미지질조사소(USGS) 분석결과임.\n금일 15시 50분에 발표한 칠레 산티아고 지진의 상세분석자료임\n변경사항 : 규모 8.5->8.8, 지역->해역,
2,201002280123,72,20100228004541.000,6.3,-24.5900,-65.4300,아르헨티나 살타 북쪽 20km 지역,,위 자료는 미지질조사소(USGS) 분석결과임.\n국내영향없음\n* 2/27일 15시 34분경 칠레에서 발생한 규모 8.8 지진의 진앙지로부터 북북동쪽으로 약 1,400km 떨어진 지점임,
2,201003010723,75,20100301070800.000,5.1,39.4000,140.7000,일본 혼슈 모리오카 남서쪽 47km 지역,,위 자료는 일본기상청(JMA) 분석결과임.\n국내영향없음.\n,,=
3,201003012209,76,20100301215803.000,2.2,38.4100,125.6200,황해남도 안악 남동쪽 15km 지역,,이 지진정보는 자동계기분석 결과이며, 상세분석 후 변경될 수 있음.\n신고된 피해없음.\n\n자연지진임.\n,
2,201003040935,79,20100304091853.000,6.4,22.9000,120.9100,대만 카오슝 동북동쪽 76km 지역,,위 자료는 미국지질조사소(USGS) 분석결과임.\n국내영향없음.\n,,=
2,201003050803,80,20100305073923.000,6.4,-22.3200,-68.1000,칠레 칼라마 동북동쪽 87km 지역,,위 자료는 미지질조사소(USGS) 분석결과임.\n국내영향없음.\n* 2월 27일 지진발생지역에서 북쪽으로 약 1,566km 떨어진 지역임.,
3,201003091252,84,20100309125014.000,3.2,36.4200,125.7500,충남 태안군 서격렬비열도 남동쪽 28km 해역,,이 지진정보는 자동계기분석 결과이며, 상세분석 후 변경될 수 있음.\n신고된 피해없음.\n,
2,201003120006,100,20100311233948.000,7.2,-34.2900,-71.9500,칠레 산티아고 남서쪽 147km 지역,,위 자료는 미지질조사소(USGS) 분석결과임.\n국내영향없음.\n※ 2월 27일 발생한 규모 8.8 지진으로부터 북동쪽으로 약 180km 떨어진 지역임.\n,,=
2,201003132155,103,20100313214600.000,5.7,37.6000,141.5000,일본 혼슈 센다이 남동쪽 101km 해역,,위 자료는 일본기상청(JMA) 분석결과임.\n국내영향없음.\n,,=
2,201003132158,103,20100313214600.000,5.7,37.6000,141.5000,일본 혼슈 센다이 남동쪽 101km 해역,,위 자료는 일본기상청(JMA) 분석결과임.\n국내영향없음.\n,,=
2,201003141716,107,20100314170800.000,6.6,37.7000,141.9000,일본 혼슈 센다이 남동쪽 119km 해역,,위 자료는 일본기상청(JMA) 분석결과임.\n우리나라 영향없음.,,=
2,201003270024,110,20100326235206.000,6.2,-27.9900,-70.7100,칠레 산티아고 북쪽 613km 지역,,위 자료는 미지질조사소(USGS) 분석결과임.\n국내영향없음.\n※2월27일 발생한 규모 8.8 지진으로부터 북쪽 약 920km 떨어진 지역임.,,=
2,201003301012,112,20100330100300.000,5.7,43.2000,138.6000,일본 홋카이도 삿포로 서쪽 214km 해역,,위 자료는 일본기상청(JMA) 분석결과임.\n우리나라 영향없음.,,=
3,201004041255,116,20100404124950.000,2.3,38.5100,126.0600,황해북도 사리원 동쪽 26km 지역,,이 지진정보는 자동계기분석 결과이며, 상세분석 후 변경될 수 있음.\n자연지진임.,
2,201004050758,119,20100405074039.000,6.9,32.0900,-115.2500,멕시코 과달루프 빅토리아 남남서쪽 26km 지역,,위 자료는 미지질조사소(USGS) 분석결과임.,,=
2,201004070734,126,20100407071502.000,7.8,2.2400,97.0500,인도네시아 수마트라 시볼가 서북서 204km 해역,,위 자료는 미지질조사소(USGS) 분석결과임.\n국내영향없음.\n,,=
2,201004072354,128,20100407233305.000,6.0,-3.8630,141.8610,파푸아뉴기니 바니모 남남동쪽 148km 지역,,위 자료는 미지질조사소(USGS) 분석결과임.\n국내영향없음.,,=
2,201004111854,137,20100411184032.000,7.5,-11.0000,161.1300,솔로몬제도 키라키라 남서쪽 107km 해역,,위 자료는 미지질조사소(USGS) 분석결과임.\n국내영향없음.\n,,=
3,201004120121,138,20100412011827.000,2.2,34.1200,125.6600,전남 신안군 흑산면 남남동쪽 61km 해역,,이 지진정보는 자동계기분석 결과이며, 상세분석 후 변경될 수 있음.\n피해 예상 안됨.\n,
2,201004120738,139,20100412070810.000,6.2,37.0800,-3.4700,스페인 마드리드 남쪽 372km 지역,,위 자료는 미지질조사소(USGS) 분석결과임.\n국내영향없음.,,=
3,201004130218,141,20100413021421.000,2.5,34.0200,125.4400,전남 신안군 흑산면 남쪽 70km 해역,,이 지진정보는 자동계기분석 결과이며, 상세분석 후 변경될 수 있음.\n피해 예상 안됨.\n,
2,201004140909,143,20100414084942.000,6.9,33.2600,96.6700,중국 시짱(티벳) 창두 북북서 239km 지역,,위 자료는 미지질조사소(USGS) 분석결과임.\n국내영향없음.\n,,=
3,201004162005,145,20100416195611.000,2.3,38.7200,125.9700,황해북도 송림 동쪽 29km 지역,,이 지진정보는 자동계기분석 결과이며, 상세분석 후 변경될 수 있음.\n피해 예상 안됨.\n,
2,201004231954,150,20100423190307.000,6.1,-37.4200,-72.9400,칠레 콘셉시온 남쪽 65km 지역,,위 자료는 미지질조사소(USGS) 분석결과임.\n국내영향없음.\n,,=
2,201004261215,154,20100426115942.000,6.9,22.2500,123.7300,대만 카오슝 동쪽 360km 해역,,위 자료는 미지질조사소(USGS) 분석결과임.\n국내영향없음.\n,,=
3,201004271933,158,20100427192916.000,2.3,36.8000,128.7500,경북 안동시 북쪽 26km 지역,,이 지진정보는 자동계기분석 결과이며, 상세분석 후 변경될 수 있음.\n피해 예상 안됨.\n,
3,201004281445,160,20100428144200.000,2.1,36.5500,128.7100,경북 안동시 남서쪽 3km 지역,,이 지진정보는 자동계기분석 결과이며, 상세분석 후 변경될 수 있음.\n피해 예상 안됨.\n,
2,201005031941,162,20100503192800.000,6.1,29.8000,141.6000,일본 혼슈 도쿄 남동쪽 약 680km 해역,,위 자료는 일본기상청(JMA) 분석결과임.\n국내영향없음.\n,,=
2,201005031943,162,20100503192800.000,6.1,29.8000,141.6000,일본 혼슈 도쿄 남동쪽 약 680km 해역,,위 자료는 일본기상청(JMA) 분석결과임.\n국내영향없음.\n,,=
2,201005061229,164,20100506114244.000,6.4,-18.0000,-70.4900,페루 타크나 서쪽 25km 지역,,위 자료는 미지질조사소(USGS) 분석결과임.\n국내영향없음.\n,,=
2,201005091513,165,20100509145943.000,7.4,3.6000,96.0400,인도네시아 수마트라 반다아체 남남동쪽 226km 해역,,위 자료는 미지질조사소(USGS) 분석결과임.\n국내영향없음.\n,,=
3,201005151447,172,20100515144459.000,2.2,36.0000,127.8400,전북 무주군 동쪽 16km 지역,,자동계기분석 결과이며, 상세분석 후 변경될 수 있음.\n피해 없을 것으로 예상\n,
3,201005161457,173,20100516143657.000,2.5,40.3700,129.2000,함경남도 단천 동남동쪽 26km 해역,,이 지진정보는 자동계기분석 결과이며, 상세분석 후 변경될 수 있음.\n자연지진임.\n,
2,201005191342,176,20100519131542.000,6.0,-5.0700,-77.5600,페루 모요밤바 북서쪽 약125km 지역,,위 자료는 미국지질조사소(USGS) 분석결과임.\n국내영향없음.\n,,=
2,201005250143,186,20100525011829.000,6.3,-8.0700,-71.5700,브라질 끄루제이로두술 동남동쪽 127km 지역,,위 자료는 미지질조사소(USGS) 분석결과임.\n국내영향없음.\n,,=
3,201005261526,202,20100526152216.000,2.4,37.6000,129.6800,강원 삼척시 동북동쪽 48km 해역,,자동계기분석 결과이며, 상세분석 후 변경될 수 있음.\n피해 없을 것으로 예상\n,
2,201005261815,205,20100526175308.000,6.4,25.8000,129.9600,일본 오키나와 나하 동쪽 240km 해역,,위 자료는 미지질조사소(USGS) 분석결과임.\n국내영향없음.,,=
2,201005280231,212,20100528021447.000,7.5,-13.6700,166.5400,바누아투 산토 북북서쪽 217km 해역,,위 자료는 미지질조사소(USGS) 분석결과임.\n국내영향없음.\n,,=
3,201006111338,228,20100611130208.000,2.1,38.7800,126.0700,황해북도 송림 동쪽 38km 지역,,이 지진정보는 자동계기분석 결과이며, 상세분석 후 변경될 수 있음.\n자연지진임.\n,
2,201006120150,232,20100612013800.000,5.9,26.6000,143.5000,일본 혼슈 도쿄 남남동쪽 1073km 해역,,위 자료는 일본기상청(JMA) 분석결과임.\n우리나라 영향 없음.,,=
2,201006130445,235,20100613042635.000,7.7,7.7200,91.9000,인도네시아 수마트라 반다아체 서북서쪽 452km 해역,,위 자료는 미지질조사소(USGS) 분석결과임.\n국내영향없음.\n,,=
2,201006131243,238,20100613123300.000,6.2,37.4000,141.8000,일본 혼슈 센다이 남동쪽 135km 해역,,지진정보는 일본기상청(JMA) 분석결과임.\n국내영향없음\n,,=
2,201006150954,239,20100615093117.000,5.6,24.0600,121.6300,대만 화련시 북쪽 9km 해역,,위 자료는 대만기상국(CWB) 분석결과임.\n국내영향없음.,,=
2,201006161237,253,20100616121629.000,7.4,-2.2700,136.5600,인도네시아 이리안자야 북쪽 172km 지역,,위 자료는 미지질조사소(USGS) 분석결과임.\n동일지역 12시 06분경 규모6.4의 지진발생.\n국내영향없음.\n,,=
3,201006222252,264,20100622222102.000,2.6,38.4600,125.6400,황해북도 사리원 서남서쪽 12km 지역,,자연지진임.\n,,=
2,201006241456,267,20100624143231.000,6.1,-5.6100,151.0900,파푸아뉴기니 뉴브리튼섬 칸드리안 동북동쪽 185km 지역,,위 자료는 미지질조사소(USGS) 분석결과임.\n국내영향없음.,,=
3,201006260504,274,20100626045909.000,2.7,32.3500,125.8800,제주 서귀포시 남남서쪽 116km 해역,,자동계기분석 결과이며, 상세분석 후 변경될 수 있음.\n피해 없을 것으로 예상\n,
3,201006281250,280,20100628121900.000,2.1,38.7500,126.0300,평양 남동쪽 40km 지역,,이 지진정보는 자동계기분석 결과이며, 상세분석 후 변경될 수 있음.\n자연지진임.\n,
2,201006282128,284,20100628210727.000,5.9,30.8000,142.1000,일본 혼슈 도쿄 남남동쪽 584km 해역,,위 자료는 미지질조사소(USGS) 분석결과임.\n국내영향없음.\n,,=
2,201006301648,291,20100630162227.000,6.5,16.5300,-97.7100,멕시코 오악사카 서남서쪽 120km 지역,,위 자료는 미지질조사소(USGS) 분석결과임.\n국내영향없음.\n,,=
2,201007040446,296,20100704043300.000,5.2,39.0000,140.9000,일본 혼슈 모리오카 남남서쪽 78km 지역,,지진정보는 일본기상청(JMA) 분석결과임.\n국내영향없음\n,,=
2,201007050706,299,20100705065600.000,6.3,39.6000,142.7000,일본 혼슈 모리오카 동쪽 136km 해역,,지진정보는 일본기상청(JMA) 분석결과임\n국내영향없음\n,,=
3,201007060349,304,20100706034413.000,2.3,36.4700,127.1300,충남 공주시 북북동쪽 3km 지역,,자동계기분석 결과이며, 상세분석 후 변경될 수 있음.\n피해 없을 것으로 예상\n,
2,201007090950,306,20100709094119.000,5.8,24.6600,122.6600,대만 타이베이 동남동쪽 125km 해역,,위 자료는 대만기상국(CWB) 분석결과임.\n국내영향없음.,,=
2,201007120937,311,20100712091118.000,6.2,-22.2600,-68.2100,칠레 칼라마 동북동쪽 78km 지역,,위 자료는 미지질조사소(USGS) 분석결과임.\n국내영향없음.\n,,=
2,201007141758,313,20100714173222.000,6.5,-38.0000,-73.2800,칠레 콘셉시온 남쪽 132km 지역,,위 자료는 미지질조사소(USGS) 분석결과임.\n국내영향없음.\n,,=
2,201007182227,315,20100718220413.000,6.9,-6.1200,150.5200,파푸아뉴기니 뉴브리튼섬 칸드리안 동쪽 110km 지역,,위 자료는 미지질조사소(USGS) 분석결과임.\n국내영향없음.,,=
2,201007210442,322,20100721041823.000,6.3,-5.9200,150.6800,파푸아뉴기니 뉴브리튼섬 칸드리안 동북동쪽 132km 지역,,위 자료는 미지질조사소(USGS) 분석결과임.\n국내영향없음.\n,,=
2,201007210630,325,20100721061900.000,5.1,34.2000,135.7000,일본 혼슈 오사카 남남동쪽 57km 지역,,위 자료는 일본기상청(JMA) 분석결과임.\n국내영향없음.\n,,=
2,201007230622,328,20100723060600.000,5.3,35.9000,140.5000,일본 혼슈 도쿄 동북동쪽 75km 지역,,위 자료는 일본기상청(JMA) 분석결과임.\n국내영향없음\n,,=
2,201007240751,333,20100724070811.000,7.3,6.7100,123.4800,필리핀 민다나오섬 코타바토 남서쪽 100km 해역,,위 자료는 미지질조사소(USGS) 분석결과임.\n국내영향없음.\n,,=
2,201007240815,334,20100724075111.000,7.4,6.4800,123.5300,필리핀 민다나오섬 코타바토 남서쪽 115km 해역,,위 자료는 미지질조사소(USGS) 분석결과임.\n국내영향없음.\n※ 07시 08분에 발생한 규모7.3 지진에서 남남동쪽 25km 거리임,,=
2,201007251310,338,20100725125212.000,5.6,22.8400,120.7400,대만 카오슝 동북동쪽 58km 지역,,위 자료는 대만기상국(CWB) 분석결과임.\n국내영향없음.,,=
3,201007271835,342,20100727183241.000,2.1,36.3400,127.2600,충남 공주시 남동쪽 17km 지역,,자동계기분석 결과이며, 상세분석 후 변경될 수 있음.\n피해 없을 것으로 예상\n,
2,201008050724,353,20100805070145.000,7.0,-5.8000,150.7700,파푸아뉴기니 뉴브리튼섬 칸드리안 동북동쪽 145km 지역,,위 자료는 미지질조사소(USGS) 분석결과임.\n국내영향없음.\n,,=
2,201008101443,354,20100810142346.000,7.5,-17.6000,167.9000,바누아투 포트빌라 서북서쪽 46km 해역,,위 자료는 미지질조사소(USGS) 분석결과임.\n국내영향없음.\n,,=
2,201008101500,356,20100810145000.000,6.2,39.3000,143.5000,일본 혼슈 모리오카 동남동쪽 209km 해역,,위 자료는 일본기상청(JMA) 분석결과임.\n국내영향없음.,,=
2,201008122120,357,20100812205414.000,6.9,-1.2800,-77.3700,에콰도르 키토 남동쪽 170km 지역,,위 자료는 미지질조사소(USGS) 분석결과임.\n국내영향없음.,,=
2,201008140640,359,20100814061936.000,7.2,12.5000,141.7000,괌 하갓냐 서남서 348km 해역,,위 자료는 미지질조사소(USGS) 분석결과임.\n국내영향없음\n,,=
3,201008240436,361,20100824035944.000,2.5,38.7100,125.9000,황해북도 송림 동쪽 23km 지역,,이 지진정보는 자동계기분석 결과이며, 상세분석 후 변경될 수 있음. \n자연지진임.\n,
2,201008270019,364,20100827000800.000,5.1,36.1000,136.9000,일본 혼슈 후쿠이 동쪽 58km 지역,,위 자료는 일본기상청(JMA) 분석결과임.\n우리나라 영향 없음.,,=
3,201008280740,365,20100828073552.000,3.2,32.9000,126.2700,제주 서귀포시 남남서쪽 45km 해역,,자동계기분석 결과이며, 상세분석 후 변경될 수 있음.\n피해 없을 것으로 예상\n\n,
2,201009040154,367,20100904013547.000,7.4,-43.6000,172.7000,뉴질랜드 크라이스트처치 남남동쪽 6km 지역,,위 자료는 미지질조사소(USGS) 분석결과임.\n국내영향없음.\n,,=
3,201009061935,373,20100906193243.000,2.8,36.5600,129.0100,경북 청송군 북북서쪽 15km 지역,,자동계기분석 결과이며, 상세분석 후 변경될 수 있음.\n피해 없을 것으로 예상\n,
2,201009131500,380,20100913144800.000,5.7,41.5000,142.1000,일본 홋카이도 삿포로 남남동쪽 183km 해역,,위 자료는 일본기상청(JMA) 분석결과임.,,=
2,201009180501,391,20100918042113.000,6.3,36.4900,70.8300,아프카니스탄 카불 북동쪽 265km 지역,,위 자료는 미지질조사소(USGS) 분석결과임.\n국내영향없음.,,=
2,201009291717,398,20100929170000.000,5.8,37.3000,140.0000,일본 혼슈 도쿄 북쪽 180km 지역,,위 자료는 일본기상청(JMA) 분석결과임.\n국내 영향 없음.,,=
3,201009300211,403,20100930020737.000,2.6,33.3600,127.2400,제주 제주시 동남동쪽 67km 해역,,자동계기분석 결과이며, 상세분석 후 변경될 수 있음.\n피해 없을 것으로 예상\n,
2,201009300323,406,20100930021124.000,7.2,-4.9200,133.7800,인도네시아  파푸아 에나로탈리 서남서쪽 310km 해역,,위 자료는 미지질조사소(USGS) 분석결과임.\n국내영향없음.,,=
2,201010042248,407,20101004222839.000,6.3,24.2900,125.3000,대만 타이베이 동남동쪽 394km 해역,,위 자료는 미지질조사소(USGS) 분석결과임.\n국내영향없음.\n,,=
3,201010042327,408,20101004232414.000,2.8,37.6700,129.7000,강원 삼척시 동북동쪽 53km 해역,,자동계기분석 결과이며, 상세분석 후 변경될 수 있음.\n피해 없을 것으로 예상\n,
3,201010070237,410,20101007023340.000,2.8,35.8700,129.7900,경북 포항시 남구 동남동쪽 41km 해역,,자동계기분석 결과이며, 상세분석 후 변경될 수 있음.\n피해 없을 것으로 예상\n,
3,201010141810,415,20101014180623.000,2.3,37.1400,129.7300,경북 울진군 동북동쪽 33km 해역,,자동계기분석 결과이며, 상세분석 후 변경될 수 있음.\n피해 없을 것으로 예상\n,
2,201010142307,417,20101014225900.000,5.4,42.3000,143.1000,일본 홋카이도 구시로 남서쪽 128km 지역,,위 자료는 일본기상청(JMA) 분석결과임.국내영향없음.,,=
3,201010221202,418,20101022115911.000,2.5,35.8500,128.1800,경북 성주군 남서쪽 12km 지역,,자동계기분석 결과이며, 상세분석 후 변경될 수 있음.\n피해 없을 것으로 예상\n,
3,201010240046,420,20101023234344.000,2.4,39.7700,126.7000,함경남도 요덕 북서쪽 19km 지역,,이 지진정보는 자동계기분석 결과이며, 상세분석 후 변경될 수 있음.\n자연지진임.\n,
3,201010251240,421,20101025123657.000,2.5,34.2900,127.3900,전남 고흥군 남남동쪽 37km 지역,,자동계기분석 결과이며, 상세분석 후 변경될 수 있음.\n피해 없을 것으로 예상\n,
2,201010260002,423,20101025234225.000,7.5,-3.1000,100.2000,인도네시아 수마트라 파당 남쪽 240km 해역,,위 자료는 미지질조사소(USGS) 분석결과임.\n국내영향없음.\n,,=
3,201011072034,428,20101107201134.000,2.9,40.2800,128.2000,함경남도 북청 서북서쪽 11km 지역,,이 지진정보는 자동계기분석 결과이며, 상세분석 후 변경될 수 있음. 자연지진임.\n,
3,201011200010,430,20101120000717.000,2.7,36.8300,126.7600,충남 당진군 동남동쪽 13km 지역,,자동계기분석 결과이며, 상세분석 후 변경될 수 있음.\n피해 없을 것으로 예상\n,
2,201011212154,432,20101121213145.000,5.7,23.8400,121.6900,대만 화련 남남동쪽 20km 해역,,위 자료는 미지질조사소(USGS) 분석결과임.\n국내영향없음.\n,,=
2,201011231836,434,20101123180108.000,6.0,-6.0200,148.9700,파푸아뉴기니 뉴브리튼섬 칸드리안 서북서쪽 67km 지역,,위 자료는 미지질조사소(USGS) 분석결과임.\n국내영향없음.,,=
3,201011270754,432,20101127075136.000,2.8,35.9500,129.7900,경북 포항시 남구 동쪽 39km 해역,,자동계기분석 결과이며, 상세분석 후 변경될 수 있음.\n피해 없을 것으로 예상\n,
3,201011281018,434,20101128101528.000,2.3,35.1800,127.0200,전남 담양군 남쪽 16km 지역,,자동계기분석 결과이며, 상세분석 후 변경될 수 있음.\n피해 없을 것으로 예상\n,
2,201011301236,439,20101130122500.000,6.9,28.4000,139.7000,일본 혼슈 나고야 남남동쪽 793km 해역,,위 자료는 일본기상청(JMA) 분석결과임.\n국내영향없음.,,=
2,201012021246,442,20101202121211.000,6.9,-6.1100,149.8500,파푸아뉴기니 뉴브리튼섬 칸드리안 동북동쪽 35km 지역,,위 자료는 미지질조사소(USGS) 분석결과임.\n국내영향없음.\n,,=
2,201012061642,443,20101206163000.000,5.7,40.8000,143.2000,일본 혼슈 아오모리 동쪽 209km 해역,,위 자료는 일본기상청(JMA) 분석결과임.\n국내영향없음.,,=
2,201012131052,445,20101213101443.000,6.1,-6.5600,155.6600,파푸아뉴기니 부건빌섬 아라와 남남동쪽 40km지역,,위 자료는 미지질조사소(USGS) 분석결과임.\n국내영향없음.\n,,=
3,201012190915,447,20101219091126.000,2.6,37.3100,129.3800,강원 삼척시 남동쪽 24km 해역,,자동계기분석 결과이며, 상세분석 후 변경될 수 있음.\n피해 없을 것으로 예상\n,
3,201012200700,448,20101220065606.000,2.2,36.8900,125.3700,충남 태안군 서격렬비열도 북북서쪽 35km 해역,,자동계기분석 결과이며, 상세분석 후 변경될 수 있음.\n피해 없을 것으로 예상\n,
2,201012210402,450,20101221034159.000,6.3,28.4400,59.1000,중국 북경 서남서쪽 5329km 영역,,위 자료는 미지질조사소(USGS) 분석결과임.\n국내영향없음.\n,,=
2,201012210402,450,20101221034159.000,6.3,28.4400,59.1000,이란 자헤단 남서쪽 213km 지역,,위 자료는 미지질조사소(USGS) 분석결과임.\n국내영향없음.\n,,=
2,201012212334,452,20101221230749.000,6.2,2.7400,95.9700,인도네시아 수마트라 랑사 남서쪽 295km 지역,,위 자료는 미지질조사소(USGS) 분석결과임.\n국내영향없음.\n,,=
2,201012220239,453,20101222022000.000,7.4,27.5000,143.4000,일본 혼슈 도쿄 남남동쪽 975km 해역,,위 자료는 일본기상청(JMA) 분석결과임.\n국내영향없음.,,=
2,201012230705,470,20101223065000.000,6.5,26.8000,143.8000,일본 혼슈 도쿄 남남동쪽 1062km 해역,,위 자료는 일본기상청(JMA) 분석결과임. \n국내영향없음.,,=
2,201012250243,475,20101225022700.000,5.7,27.2000,143.7000,일본 혼슈 도쿄 남남동쪽 1017km 해역,,위 자료는 일본기상청(JMA) 분석결과임.\n국내영향 없음.,,=
2,201012252234,477,20101225221638.000,7.6,-19.7600,167.9700,바누아투 이산겔 서쪽 138km 해역,,위 자료는 미지질조사소(USGS) 분석결과임.\n국내영향없음.\n,,=
2,201101011924,6,20110101185657.000,6.9,-26.8400,-63.1500,아르헨티나 산티아고 델에스테로 북동쪽 150km 지역,,위 자료는 미지질조사소(USGS) 분석결과임.\n국내영향없음.\n,,=
2,201101030551,8,20110103052016.000,7.1,-38.3600,-73.2800,칠레 아라우카니아 테무코 북서쪽 70km 지역,,위 자료는 미지질조사소(USGS) 분석결과임.\n국내영향없음.\n,,=
3,201101040126,11,20110104012207.000,2.0,36.4100,127.1500,충남 공주시 남동쪽 4km 지역,,자동계기분석 결과이며, 상세분석 후 변경될 수 있음.\n피해 없을 것으로 예상\n,
2,201101080904,16,20110108083411.000,5.0,43.0400,131.0200,러시아 블라디보스토크 서쪽 75km 지역,,위 자료는 미지질조사소(USGS) 분석결과임.\n러시아동부-중국북동부 경계지역\n국내영향없음.,,=
2,201101101942,18,20110110192500.000,6.1,23.8000,143.8000,일본 혼슈 도쿄 남남동쪽 1379km 해역,,위 자료는 일본기상청(JMA) 분석결과임.\n국내영향없음.\n,,=
2,201101121032,19,20110112101945.000,5.3,33.1700,123.6300,중국 상하이 북동쪽 295km 해역,,자동계기분석 결과이며, 상세분석 후 변경될 수 있음.\n* 전남, 제주 일대 유감
2,201101130647,24,20110113063400.000,6.6,27.4000,141.0000,일본 혼슈 도쿄 남쪽 930km 해역,,위 자료는 일본기상청(JMA) 분석결과임. \n국내영향없음.,,=
2,201101140138,25,20110114011641.000,7.3,-20.5900,168.5500,뉴칼레도니아 누메아 북동쪽 286km 해역,,위 자료는 미지질조사소(USGS) 분석결과임.\n국내영향없음.,,=
2,201101190539,28,20110119052318.000,7.4,28.9400,63.9300,파키스탄 달반딘 서쪽 55km 지역,,위 자료는 미지질조사소(USGS) 분석결과임.\n국내영향없음.,,=
3,201101211100,32,20110121105647.000,2.3,33.7200,127.3000,제주 제주시 동북동쪽 75km 해역,,자동계기분석 결과이며, 상세분석 후 변경될 수 있음.\n피해 없을 것으로 예상\n,
2,201101241212,36,20110124114529.000,6.1,38.4400,72.7500,타지키스탄 카라쿨 남서쪽 106km 지역,,위 자료는 미지질조사소(USGS) 분석결과임.\n국내영향없음.,,=
3,201101262218,39,20110126221554.000,2.7,33.4000,127.3300,제주 제주시 동쪽 75km 해역,,이 지진정보는 자동계기분석 결과이며 상세분석 후 변경될 수 있음. 피해 없을 것으로 예상.,,=
2,201102042315,50,20110204225347.000,6.4,24.6200,94.7400,미얀마 네피도 북북서쪽 550km 지역,,위 자료는 미지질조사소(USGS) 분석결과임.\n국내영향없음.\n,,=
2,201102090221,53,20110209014300.000,5.6,27.3000,143.6000,일본 혼슈 도쿄 남남동쪽 1003km 해역,,위 자료는 일본기상청(JMA) 분석결과임.\n국내영향없음.,,=
3,201102111925,56,20110211192127.000,2.2,37.1900,129.0600,강원 삼척시 남남서쪽 30km 지역,,이 지진정보는 자동계기분석 결과이며 상세분석 후 변경될 수 있음.\n피해 없을 것으로 예상\n,,=
2,201102151637,59,20110215161817.000,5.5,21.1800,121.0700,대만 타이둥 남쪽  172km 해역,,위 자료는 미지질조사소(USGS) 분석결과임.\n국내영향없음.\n,,=
2,201102152304,60,20110215223353.000,6.1,-2.4700,121.5400,인도네시아 술라웨시 팔로포 동북동쪽 160km 지역,,위 자료는 미지질조사소(USGS) 분석결과임.\n국내영향없음.\n,,=
2,201102220922,62,20110222085142.000,6.3,-43.5100,172.6400,뉴질랜드 크라이스트처치 북쪽 2km 지역,,위 자료는 미지질조사소(USGS) 분석결과임.\n국내영향없음.\n,,=
2,201102222328,65,20110222231000.000,5.8,22.4000,144.3000,일본 혼슈 도쿄 남남동쪽 1543km 해역,,위 자료는 일본기상청(JMA) 분석결과임.\n국내영향 없음.,,=
2,201102270548,74,20110227053800.000,5.4,36.1000,137.4000,일본 혼슈 도야마 남쪽 82km 지역,,위 자료는 일본기상청(JMA) 분석결과임.\n국내영향없음\n,,=
3,201102271856,75,20110227185050.000,3.7,33.6300,125.9400,제주 제주시 서북서쪽 57km 해역,,이 지진정보는 자동계기분석 결과이며 상세분석 후 변경될 수 있음.\n피해 없을 것으로 예상\n,,=
3,201103061113,76,20110306110440.000,2.9,38.6600,125.6700,황해북도 송림 남남동쪽 9km 지역,,이 지진정보는 자동계기분석 결과이며 상세분석 후 변경될 수 있음. 자연지진임.\n,,=
2,201103062159,81,20110306213156.000,6.2,-18.1100,-69.3800,칠레 아리카 동북동쪽 110km 지역,,위 자료는 미지질조사소(USGS) 분석결과임.\n국내영향없음.\n,,=
2,201103091200,82,20110309114517.000,7.2,38.3000,143.3000,일본 혼슈 센다이 동쪽 221km 해역,,위 자료는 미지질조사소(USGS) 분석결과임.\n국내영향없음.\n,,=
2,201103100702,93,20110310062451.000,6.6,-6.0200,149.6600,파푸아뉴기니 뉴브리튼섬 칸드리안 북북동쪽 27km 지역,,위 자료는 미지질조사소(USGS) 분석결과임.\n국내영향없음.,,=
3,201103111019,96,20110311095756.000,2.5,38.5100,127.5700,강원 회양(북한) 남쪽 22km 지역,,이 지진정보는 자동계기분석 결과이며, 상세분석 후 변경될 수 있음.\n자연지진임.\n,
2,201103111502,98,20110311144628.000,7.9,38.0000,142.9000,일본 혼슈 센다이 동쪽 179km 해역,,위 자료는 미지질조사소(USGS) 분석결과임.\n국내영향없음.\n,,=
3,201103120819,195,20110312081536.000,2.6,37.0000,125.2700,충남 태안군 서격렬비열도 북북서쪽 50km 해역,,이 지진정보는 자동계기분석 결과이며 상세분석 후 변경될 수 있음.\n피해 없을 것으로 예상\n,,=
3,201103130316,235,20110313031203.000,2.3,37.5000,125.3300,인천광역시 서쪽 약120km 해역,,이 지진정보는 자동계기분석 결과이며 상세분석 후 변경될 수 있음.\n피해 없을 것으로 예상\n,,=
2,201103141030,238,20110314100200.000,6.2,36.5000,141.1000,일본 혼슈 도쿄 북동쪽 150km 해역,,지진정보는 일본기상청(JMA) 분석결과임. \n국내영향없음.,,=
3,201103141450,241,20110314144711.000,2.9,34.6200,126.1000,전남 신안군 남서쪽 31km 해역,,이 지진정보는 자동계기분석 결과이며 상세분석 후 변경될 수 있음. 피해 없을 것으로 예상\n,,=
2,201103151907,245,20110315185000.000,6.3,37.2000,142.5000,일본 혼슈 센다이 남동쪽 195km 해역,,위 자료는 일본기상청(JMA) 분석결과임.\n국내영향없음.\n,,=
2,201103152239,249,20110315222800.000,6.2,37.6000,142.3000,일본 혼슈 센다이 동남동쪽 155km 해역,,위 자료는 일본기상청(JMA) 분석결과임.\n국내영향없음.\n,,=
2,201103162251,255,20110316223900.000,5.3,36.0000,140.5000,일본 혼슈 도쿄 동북동쪽 약80km 지역,,위 자료는 일본기상청(JMA) 분석결과임.\n국내영향없음.\n,,=
2,201103170848,256,20110317083800.000,5.6,39.2000,142.7000,일본 혼슈 모리오카 동남동쪽 146km 해역,,위 자료는 일본기상청(JMA) 분석결과임.\n국내영향없음.\n,,=
2,201103171322,258,20110317131400.000,5.8,40.1000,142.5000,일본 혼슈 모리오카 동북동쪽 127km 해역,,위 자료는 일본기상청(JMA) 분석결과임.\n국내영향없음.\n,,=
2,201103172146,259,20110317213200.000,5.8,35.7000,141.1000,일본 도쿄 동쪽 126km 해역,,위 자료는 일본기상청(JMA) 분석결과임. 국내영향없음.,,=
2,201103190844,271,20110319083300.000,5.6,39.2000,142.5000,일본 혼슈 모리오카 동남동쪽 130km 해역,,위 자료는 일본기상청(JMA) 분석결과임.\n국내영향없음.\n,,=
2,201103191032,273,20110319102300.000,5.9,39.7000,143.4000,일본 혼슈 모리오카 동쪽 195km 해역,,위 자료는 일본기상청(JMA) 분석결과임.\n국내영향없음\n,,=
2,201103191907,275,20110319185600.000,6.1,36.7000,140.7000,일본 혼슈 도쿄 북동쪽 약140km 지역,,위 자료는 일본기상청(JMA) 분석결과임.\n국내영향없음\n,,=
2,201103201146,282,20110320103000.000,5.7,36.9000,141.3000,일본 혼슈 센다이시 남남동쪽 157km 해역,,위 자료는 일본기상청(JMA) 분석결과임. 국내영향없음.,,=
2,201103202114,290,20110320210300.000,5.8,39.3000,142.1000,일본 혼슈 모리오카 동남동쪽 94km 해역,,위 자료는 일본기상청(JMA) 분석결과임.\n국내영향없음.\n,,=
2,201103221253,291,20110322123800.000,5.7,35.3000,141.2000,일본 혼슈 도쿄 동남동쪽 139km 해역,,위 자료는 일본기상청(JMA) 분석결과임.\n국내영향없음.\n,,=
2,201103221638,294,20110322161900.000,6.3,37.1000,143.9000,일본 혼슈 센다이 동남동쪽 306km 해역,,위 자료는 일본기상청(JMA) 분석결과임.\n국내영향없음.\n,,=
2,201103221833,295,20110322181900.000,6.3,37.4000,141.9000,일본 혼슈 센다이 남동쪽 141km 해역,,위 자료는 일본기상청(JMA) 분석결과임.\n국내영향없음.\n,,=
2,201103221855,296,20110322184400.000,6.2,39.8000,143.8000,일본 혼슈 모리오카 동쪽 230km 해역,,위 자료는 일본기상청(JMA) 분석결과임.\n국내영향없음.\n,,=
2,201103222114,301,20110322210400.000,5.9,36.2000,141.6000,일본 혼슈 미토 동남동쪽 109km 해역,,위 자료는 일본기상청(JMA) 분석결과임.\n국내영향없음.\n,,=
2,201103222301,304,20110322225100.000,5.9,35.9000,141.8000,일본 혼슈 미토 동남동쪽 137km 해역,,위 자료는 일본기상청(JMA) 분석결과임.\n국내영향없음.\n,,=
2,201103230015,306,20110323000300.000,5.9,35.9000,141.9000,일본 혼슈 미토 동남동쪽 145km 해역,,위 자료는 일본기상청(JMA) 분석결과임.\n국내영향없음.\n,,=
2,201103230723,312,20110323071200.000,6.0,37.1000,140.8000,일본 혼슈 이와키 북서쪽 10km 지역,,위 자료는 일본기상청(JMA) 분석결과임.\n국내영향없음.\n,,=
2,201103230744,316,20110323073600.000,5.8,37.1000,140.8000,일본 혼슈 이와키 북서쪽 10km 지역,,위 자료는 일본기상청(JMA) 분석결과임.\n국내영향없음.\n,,=
3,201103240438,317,20110324043512.000,2.8,36.3400,127.8300,충북 옥천군 동쪽 23km 지역,,이 지진정보는 자동계기분석 결과이며 상세분석 후 변경될 수 있음. 피해 없을 것으로 예상.\n\n,,=
2,201103241727,321,20110324172100.000,6.1,39.1000,142.4000,일본 혼슈 모리오카 동남동쪽 128km 해역,,위 자료는 일본기상청(JMA) 분석결과임.\n국내영향없음.\n,,=
2,201103242314,322,20110324225536.000,7.0,20.9000,99.8800,미얀마 네피도 북동쪽 약410km 지역,,위 자료는 미지질조사소(USGS) 분석결과임.\n국내영향없음.\n,,=
2,201103252045,329,20110325203600.000,6.2,38.7000,142.3000,일본 혼슈 센다이 동북동쪽 140km 해역,,위 자료는 일본기상청(JMA) 분석결과임.\n국내영향없음.\n,,=
2,201103272249,331,20110327224100.000,5.6,38.9000,142.4000,일본 혼슈 모리오카 남동쪽 140km 해역,,위 자료는 일본기상청(JMA) 분석결과임.\n국내영향없음.\n,,=
2,201103280732,334,20110328072400.000,6.5,38.3000,142.4000,일본 혼슈 센다이 동쪽 142km 해역,,위 자료는 일본기상청(JMA) 분석결과임.\n국내영향없음.\n,,=
3,201103281352,335,20110328135029.000,3.2,35.9700,129.9500,경북 포항시 북구 동쪽 53km 해역,,이 지진정보는 자동계기분석 결과이며 상세분석 후 변경될 수 있음.\n피해 없을 것으로 예상\n,,=
2,201103292001,345,20110329195400.000,6.4,37.4000,142.4000,일본 혼슈 센다이 남동쪽 175km 해역,,위 자료는 일본기상청(JMA) 분석결과임.\n국내영향없음.\n,,=
2,201103300205,346,20110330013546.000,5.5,39.6100,143.4900,일본 혼슈 모리오카 동쪽 203km 해역,,위 자료는 미지질조사소(USGS) 분석결과임.\n국내영향없음.\n,,=
2,201103311622,351,20110331161500.000,6.0,38.9000,142.1000,일본 혼슈 모리오카 남동쪽 121km 해역,,위 자료는 일본기상청(JMA) 분석결과임.\n국내영향없음.\n,,=
2,201104011958,357,20110401194900.000,5.1,40.3000,140.4000,일본 혼슈 아오모리 남남서쪽 63km 지역,,위 자료는 일본기상청(JMA) 분석결과임.\n국내영향없음.\n,,=
2,201104012105,358,20110401205800.000,5.9,39.3000,142.1000,일본 혼슈 모리오카 동남동쪽 94km 해역,,위 자료는 일본기상청(JMA) 분석결과임.\n국내영향없음.\n,,=
2,201104021704,361,20110402165600.000,5.0,36.2000,140.0000,일본 혼슈 도쿄 북동쪽 62km 지역,,위 자료는 일본기상청(JMA) 분석결과임.\n국내영향없음.\n,,=
3,201104030149,364,20110403014739.000,2.7,35.7700,128.5300,대구 달성군 남남서쪽 7km 지역,,이 지진정보는 자동계기분석 결과이며 상세분석 후 변경될 수 있음.\n피해 없을 것으로 예상\n,,=
2,201104072235,366,20110407221124.000,6.5,17.4300,-93.9800,멕시코 멕시코시티 남서쪽 585km 지역,,위 자료는 미지질조사소(USGS) 분석결과임.\n국내영향없음.\n,,=
2,201104072341,367,20110407233200.000,7.4,38.2000,142.0000,일본 혼슈 센다이 동쪽 108km 해역,,위 자료는 일본기상청(JMA) 분석결과임.\n국내영향없음\n,,=
2,201104080002,367,20110407233200.000,7.4,38.2000,142.0000,일본 혼슈 센다이 동쪽 108km 해역,,위 자료는 일본기상청(JMA) 분석결과임.\n국내영향없음\n,,=
2,201104092204,369,20110409215800.000,5.7,30.0000,131.9000,일본 큐슈 미야자키 남남동쪽 216km 해역,,위 자료는 일본기상청(JMA) 분석결과임.\n국내영향없음.\n,,=
3,201104110614,381,20110411061151.000,3.1,37.7200,129.0700,강원 강릉시 동남동쪽 16km 해역,,이 지진정보는 자동계기분석 결과이며 상세분석 후 변경될 수 있음.\n피해 없을 것으로 예상\n,,=
2,201104111729,383,20110411171600.000,7.1,36.9000,140.7000,일본 혼슈 미토 북북동쪽 62km 지역,,위 자료는 일본기상청(JMA) 분석결과임.\n국내영향없음.\n,,=
2,201104112050,385,20110411204200.000,5.9,36.9000,140.6000,일본 혼슈 미토 북북동쪽 59km 지역,,위 자료는 일본기상청(JMA) 분석결과임.\n국내영향없음.\n,,=
3,201104112357,388,20110411234819.000,2.8,39.1300,125.8700,평안남도 평성 남쪽 12km 지역,,이 지진정보는 자동계기분석 결과이며, 상세분석 후 변경될 수 있음.\n자연지진임.\n,
2,201104120734,390,20110412072600.000,5.5,36.8000,138.6000,일본 혼슈 나가노 북동쪽 40km 지역,,위 자료는 일본기상청(JMA) 분석결과임.\n국내영향없음.\n,,=
2,201104120816,391,20110412080800.000,6.3,35.4000,141.0000,일본 혼슈 도쿄 동남동쪽 119km 해역,,위 자료는 일본기상청(JMA) 분석결과임.\n국내영향없음.\n,,=
2,201104121418,392,20110412140700.000,6.3,37.0000,140.7000,일본 혼슈 미토 북북동쪽 72km 지역,,위 자료는 일본기상청(JMA) 분석결과임.\n국내영향없음.\n,,=
2,201104131026,395,20110413101100.000,5.8,36.9000,140.7000,일본 혼슈 미토 북북동쪽 62km 지역,,위 자료는 일본기상청(JMA) 분석결과임.\n국내영향없음.\n,,=
2,201104140503,404,20110414045700.000,6.1,39.5000,143.8000,일본 혼슈 모리오카 동쪽 231km 해역,,위 자료는 일본기상청(JMA) 분석결과임.\n국내영향없음.\n,,=
2,201104140742,407,20110414073500.000,5.2,36.8000,140.6000,일본 혼슈 미토 북북동쪽 48km 지역,,위 자료는 일본기상청(JMA) 분석결과임.\n국내영향없음.\n,,=
2,201104141219,408,20110414120900.000,5.5,37.0000,140.8000,일본 혼슈 미토 북북동쪽 76km 지역,,위 자료는 일본기상청(JMA) 분석결과임.\n국내영향없음.,,=
2,201104161021,410,20110416101100.000,5.7,25.2000,124.0000,대만 타이베이 동쪽 254km 해역,,위 자료는 일본기상청(JMA) 분석결과임.\n국내영향없음.\n,,=
2,201104161126,411,20110416111900.000,5.9,36.4000,140.0000,일본 혼슈 미토 서쪽 36km 지역,,위 자료는 일본기상청(JMA) 분석결과임.\n국내영향없음.\n,,=
2,201104192316,413,20110419231000.000,5.0,36.2000,139.8000,일본 혼슈 도쿄 북쪽 56km 지역,,위 자료는 일본기상청(JMA) 분석결과임.\n국내영향없음.\n,,=
2,201104212244,418,20110421223700.000,6.0,35.6000,140.9000,일본 혼슈 도쿄 동쪽 108km 해역,,위 자료는 일본기상청(JMA) 분석결과임.\n국내영향없음.\n,,=
2,201104220120,421,20110422011100.000,5.6,37.5000,141.5000,일본 혼슈 센다이 남동쪽 110km 해역,,위 자료는 일본기상청(JMA) 분석결과임.\n국내영향없음.\n,,=
2,201104230034,425,20110423002500.000,5.6,37.2000,141.3000,일본 혼슈 미토 북동쪽 120km 해역,,위 자료는 일본기상청(JMA) 분석결과임.\n국내영향없음.\n,,=
2,201104231919,426,20110423191300.000,6.0,39.2000,143.0000,일본 혼슈 모리오카 동남동쪽 170km 해역,,위 자료는 일본기상청(JMA) 분석결과임.\n국내영향없음.\n,,=
3,201104241658,428,20110424163730.000,3.1,37.8500,125.0100,황해남도 옹진 서남서쪽 33km 해역,,이 지진정보는 자동계기분석 결과이며, 상세분석 후 변경될 수 있음.\n자연지진임.\n,
2,201104262118,435,20110426211200.000,5.0,36.1000,140.0000,일본 혼슈 미토 남서쪽 49km 지역,,위 자료는 일본기상청(JMA) 분석결과임.\n국내영향없음.\n,,=
2,201104281833,440,20110428182800.000,5.7,37.4000,141.8000,일본 혼슈 센다이 남동쪽 135km 해역,,위 자료는 일본기상청(JMA) 분석결과임.\n국내영향없음.\n,,=
2,201104292228,442,20110429221247.000,6.2,21.3100,122.2300,대만 카오슝 남동쪽 250km 해역,,위 자료는 대만기상국(CWB) 분석결과임.\n국내영향없음\n,,=
2,201105060006,445,20110505235800.000,5.9,38.3000,143.9000,일본 혼슈 센다이 동쪽 273km 해역,,위 자료는 일본기상청(JMA) 분석결과임.\n국내영향없음.\n,,=
2,201105060215,447,20110506020400.000,5.3,37.1000,140.9000,일본 혼슈 이와키 북쪽 5km 지역,,위 자료는 일본기상청(JMA) 분석결과임.\n국내영향없음.\n,,=
2,201105080559,453,20110508055200.000,5.7,40.2000,142.4000,일본 혼슈 모리오카 동북동쪽 124km 해역,,위 자료는 일본기상청(JMA) 분석결과임.\n국내영향없음.\n,,=
2,201105100525,456,20110510051600.000,5.5,37.9000,143.5000,일본 혼슈 센다이 동남동쪽 243km 해역,,위 자료는 일본기상청(JMA) 분석결과임.\n국내영향없음\n,,=
2,201105101813,459,20110510175511.000,7.1,-20.2300,168.2000,바누아투 포트빌라 남쪽 270km 해역,,위 자료는 미지질조사소(USGS) 분석결과임.\n국내영향없음.\n,,=
2,201105110049,462,20110511002605.000,5.4,43.2800,131.0000,러시아 블라디보스토크 서쪽 77km 지역,,위 자료는 미지질조사소(USGS) 분석결과임.\n국내영향없음.\n,,=
3,201105112143,463,20110511210904.000,2.8,39.2200,126.0900,평안남도 성천 서남서쪽 11km 지역,,이 지진정보는 자동계기분석 결과이며, 상세분석 후 변경될 수 있음.\n자연지진임.\n,
2,201105140812,465,20110514074755.000,6.0,10.1100,-84.2600,코스타리카 산호세 서북서쪽 25km 지역,,위 자료는 미지질조사소(USGS) 분석결과임.\n국내영향없음.,,=
2,201105140843,467,20110514083600.000,5.7,37.3000,141.7000,일본 혼슈 센다이 남동쪽 138km 해역,,위 자료는 일본기상청(JMA) 분석결과임.\n국내영향없음.\n,,=
2,201105200534,470,20110520051523.000,6.0,39.1200,29.1200,터키 앙카라 서남서쪽 330km 지역,,위 자료는 미지질조사소(USGS) 분석결과임.\n국내영향없음.,,=
2,201105200954,471,20110520094600.000,5.8,35.8000,141.3000,일본 혼슈 도쿄 동쪽 143km 해역,,위 자료는 일본기상청(JMA) 분석결과임.\n국내영향없음.\n,,=
2,201105220717,474,20110522070600.000,5.5,35.8000,140.7000,일본 혼슈 아사히 북북동쪽 10km 지역,,위 자료는 일본기상청(JMA) 분석결과임.\n국내영향없음.\n,,=
2,201105222355,475,20110522234600.000,5.5,37.6000,143.4000,일본 혼슈 센다이 동남동쪽 243km 해역,,위 자료는 일본기상청(JMA) 분석결과임.\n국내영향없음.\n,,=
2,201105241248,476,20110524124100.000,5.8,39.7000,143.5000,일본 혼슈 모리오카 동쪽 204km 해역,,위 자료는 일본기상청(JMA) 분석결과임.\n국내영향없음.,,=
2,201105250549,477,20110525053600.000,5.1,37.1000,140.9000,일본 혼슈 이와키 북북동쪽 5km 지역,,위 자료는 일본기상청(JMA) 분석결과임.\n국내영향없음.\n,,=
3,201105251834,478,20110525182947.000,2.0,33.6500,127.2100,제주 제주시 동북동쪽 65km 해역,,이 지진정보는 자동계기분석 결과이며 상세분석 후 변경될 수 있음. 피해 없을 것으로 예상\n,,=
3,201105281545,486,20110528154150.000,2.5,35.9300,129.6900,경북 포항시 남구 동남동쪽 31km 해역,,이 지진정보는 자동계기분석 결과이며 상세분석 후 변경될 수 있음.\n피해 없을 것으로 예상\n,,=
3,201105291026,497,20110529102250.000,2.9,35.5800,128.7600,경북 청도군 남남동쪽 8km 지역,,이 지진정보는 자동계기분석 결과이며 상세분석 후 변경될 수 있음. 피해 없을 것으로 예상\n,,=
3,201106020814,500,20110602080957.000,2.5,33.6300,127.2300,제주 제주시 동북동쪽 66km 해역,,이 지진정보는 자동계기분석 결과이며 상세분석 후 변경될 수 있음. 피해 없을 것으로 예상\n,,=
3,201106021055,502,20110602105018.000,2.7,36.7100,127.9500,경북 문경시 서북서쪽 26km 지역,,이 지진정보는 자동계기분석 결과이며 상세분석 후 변경될 수 있음. 피해 없을 것으로 예상\n,,=
2,201106030912,508,20110603090500.000,5.9,37.3000,143.7000,일본 혼슈 센다이 동남동쪽 280km 해역,,위 자료는 일본기상청(JMA) 분석결과임.\n국내영향없음.\n,,=
2,201106040106,512,20110604010000.000,5.6,37.0000,141.2000,일본 혼슈 미토 북동쪽 98km 해역,,위 자료는 일본기상청(JMA) 분석결과임.\n국내영향없음.\n,,=
2,201106040203,513,20110604015700.000,5.1,35.1000,132.7000,일본 혼슈 마쓰에 남서쪽 58km 지역,,위 자료는 일본기상청(JMA) 분석결과임.\n국내영향없음.\n,,=
3,201106052256,519,20110605225335.000,2.0,36.0500,127.5300,충남 금산군 남남동쪽 7km 지역,,이 지진정보는 자동계기분석 결과이며 상세분석 후 변경될 수 있음.\n피해 없을 것으로 예상\n,,=
2,201106081238,520,20110608120618.000,6.0,-17.0600,-69.5000,페루 타크나 북동쪽 131km 지역,,위 자료는 미지질조사소(USGS) 분석결과임.\n국내영향없음.\n,,=
3,201106081427,521,20110608142139.000,2.8,35.2300,125.2200,전남 신안군 흑산면 북북서쪽 68km 해역,,이 지진정보는 자동계기분석 결과이며 상세분석 후 변경될 수 있음.\n피해 없을 것으로 예상\n,,=
3,201106091517,525,20110609151337.000,2.3,35.8900,129.7200,경북 포항시 남구 동남동쪽 35km 해역,,이 지진정보는 자동계기분석 결과이며 상세분석 후 변경될 수 있음.\n피해 없을 것으로 예상\n,,=
2,201106091948,528,20110609193800.000,5.7,36.5000,140.9000,일본 혼슈 미토 동북동쪽 46km 해역,,위 자료는 일본기상청(JMA) 분석결과임.\n국내영향없음.\n,,=
2,201106131145,535,20110613112050.000,6.0,-43.4300,172.7100,뉴질랜드 크라이스트처치 북북동쪽 14km,,위 자료는 미지질조사소(USGS) 분석결과임.\n국내영향없음.\n,,=
2,201106142214,544,20110614220700.000,5.9,37.8000,143.5000,일본 혼슈 센다이 동남동쪽 245km 해역,,위 자료는 일본기상청(JMA) 분석결과임.\n국내영향없음\n,,=
3,201106151426,548,20110615142149.000,3.7,33.7100,127.8100,전남 고흥군 남남동쪽 111km 해역,,이 지진정보는 자동계기분석 결과이며 상세분석 후 변경될 수 있음.\n피해 없을 것으로 예상\n,,=
3,201106160817,544,20110616081345.000,2.2,33.6800,127.1000,제주 제주시 동북동쪽 56km 해역,,이 지진정보는 자동계기분석 결과이며 상세분석 후 변경될 수 있음.\n피해 없을 것으로 예상\n,,=
3,201106171645,551,20110617163831.000,4.1,37.9100,124.5000,인천 백령도 서남서쪽 16km 해역,,이 지진정보는 자동계기분석 결과이며 상세분석 후 변경될 수 있음.\n피해 없을 것으로 예상\n백령도 일대 진동 감지됨,,=
2,201106182036,552,20110618203100.000,5.9,37.6000,141.9000,일본 혼슈 센다이 남동쪽 126km 해역,,위 자료는 일본기상청(JMA) 분석결과임.\n국내영향없음.\n,,=
2,201106210203,558,20110621013557.000,6.3,-21.9500,-68.3000,칠레 칼라마 북동쪽 87km 지역,,위 자료는 미지질조사소(USGS) 분석결과임.\n국내영향없음.\n,,=
2,201106211756,560,20110621174900.000,5.6,35.9000,141.5000,일본 혼슈 미토 동남동쪽 112km 해역,,위 자료는 일본기상청(JMA) 분석결과임.\n국내영향없음.\n,,=
2,201106230659,563,20110623065100.000,6.7,39.9000,142.5000,일본 혼슈 모리오카 동북동쪽 121km 해역,,위 자료는 일본기상청(JMA) 분석결과임.\n국내영향없음\n,,=
2,201106241225,564,20110624120939.000,7.4,52.0400,-171.8400,알래스카 아트카 동쪽 163km 해역,,위 자료는 미지질조사소(USGS) 분석결과임.\n국내영향없음.\n,,=
2,201106262146,566,20110626211641.000,6.4,-2.3900,136.6500,인도네시아 파푸아 에나로탈리 북쪽 172km 지역,,위 자료는 미지질조사소(USGS) 분석결과임.\n국내영향없음\n,,=
3,201106271414,567,20110627141138.000,2.5,35.4900,126.1500,전남 영광군 북서쪽 41km 해역,,이 지진정보는 자동계기분석 결과이며 상세분석 후 변경될 수 있음.\n피해 없을 것으로 예상\n,,=
2,201106300824,576,20110630081600.000,5.5,36.2000,138.0000,일본 혼슈 도야마 남동쪽 96km 지역,,지진정보는 일본기상청(JMA) 분석결과임.\n국내영향없음.\n,,=
3,201107050222,580,20110705021328.000,2.3,38.5800,126.3600,북한 황해북도 신계 서북서쪽 18km 지역,,이 지진정보는 자동계기분석 결과이며, 상세분석 후 변경될 수 있음.\n자연지진임.\n,
2,201107051926,583,20110705191800.000,5.4,34.0000,135.2000,일본 시코쿠 도쿠시마 동쪽 59km 지역,,위 자료는 일본기상청(JMA) 분석결과임.\n국내영향없음.\n,,=
2,201107070022,593,20110707001500.000,5.8,36.4000,141.8000,일본 혼슈 미토 동쪽 125km 해역,,위 자료는 일본기상청(JMA) 분석결과임.\n국내영향없음.\n,,=
2,201107070436,596,20110707040316.000,7.7,-29.3300,-176.2200,뉴질랜드 케르메덱 제도 동쪽 160km 해역,,위 자료는 미지질조사소(USGS) 분석결과임.\n국내영향없음.\n,,=
2,201107080343,601,20110708033500.000,5.6,37.1000,141.2000,일본 혼슈 미토 북동쪽 106km 해역,,위 자료는 일본기상청(JMA) 분석결과임.\n국내영향없음.\n,,=
2,201107101005,606,20110710095700.000,7.1,38.0000,143.5000,일본 혼슈 센다이 동쪽 241km 해역,,위 자료는 일본기상청(JMA) 분석결과임.\n국내영향없음.\n,,=
3,201107130410,624,20110713040534.000,2.1,35.9100,128.3900,경북 성주군 동쪽 9km 지역,,이 지진정보는 자동계기분석 결과이며 상세분석 후 변경될 수 있음.\n피해 없을 것으로 예상\n,,=
2,201107152107,632,20110715210100.000,5.5,36.3000,140.1000,일본 혼슈 미토 서남서쪽 29km 지역,,국내영향없음.\n위 자료는 일본기상청(JMA) 분석결과임.\n,,=
2,201107152107,632,20110715210100.000,5.5,36.3000,140.1000,일본 혼슈 미토 서남서쪽 29km 지역,,국내영향없음.\n위 자료는 일본기상청(JMA) 분석결과임.\n,,=
3,201107191518,639,20110719145450.000,2.4,37.8900,124.6700,인천 백령도 남쪽 7km 해역,,피해예상 안됨. 상세분석 후 변경 가능.,,=
2,201107200506,641,20110720043542.000,6.2,40.1300,71.4350,우즈베키스탄 페르가나 남서쪽 42km 지역,,국내영향없음.\n위 자료는 미지질조사소(USGS) 분석결과임.\n,,=
2,201107231340,644,20110723133400.000,6.5,38.9000,142.2000,일본 혼슈 모리오카 남동쪽 127km 해역,,국내영향없음.\n위 자료는 일본기상청(JMA) 분석결과임.\n,,=
2,201107250359,650,20110725035100.000,6.2,37.7000,141.6000,일본 혼슈 센다이 남동쪽 99km 해역,,국내영향없음.\n위 자료는 일본기상청(JMA) 분석결과임.\n,,=
2,201107252102,656,20110725205500.000,5.7,35.2000,141.3000,일본 혼슈 도쿄 동남동쪽 152km 해역,,국내영향없음.\n위 자료는 일본기상청(JMA) 분석결과임.,,=
3,201107271441,664,20110727143817.000,2.5,36.5500,129.5900,경북 영덕군 북동쪽 25km 해역,,피해예상 안됨. 상세분석 후 변경 가능,,=
3,201107281131,667,20110728112843.000,2.2,35.8600,129.7400,경북 포항시 남구 동남동쪽 38km 해역,,피해예상 안됨. 상세분석 후 변경 가능,,=
2,201107281810,668,20110728180100.000,5.6,40.3000,143.5000,일본 혼슈 모리오카 동북동쪽 215km 해역,,국내영향없음.\n위 자료는 일본기상청(JMA) 분석결과임.\n,,=
2,201107300000,671,20110729235300.000,5.5,36.7000,142.0000,일본 혼슈 미토 동북동쪽 146km 해역,,국내영향없음.\n위 자료는 일본기상청(JMA) 분석결과임.,,=
2,201107310401,677,20110731035400.000,6.4,36.9000,141.3000,일본 혼슈 미토 북동쪽 98km 해역,,국내영향없음.\n위 자료는 일본기상청(JMA) 분석결과임.\n,,=
2,201108012250,679,20110801224800.000,5.7,39.8000,142.2000,일본 혼슈 모리오카 동쪽 94km 해역,,국내영향없음.\n위 자료는 일본기상청(JMA) 분석결과임\n,,=
2,201108020003,681,20110801235800.000,6.1,34.7000,138.6000,일본 혼슈 도쿄 남서쪽 152km 해역,,국내영향없음.\n위 자료는 일본기상청(JMA) 분석결과임\n,,=
3,201108091215,682,20110809121104.000,2.5,35.6600,129.7600,울산 동구 동북동쪽 35km 해역,,피해예상 안됨. 상세분석 후 변경 가능,,=
2,201108120331,692,20110812032200.000,6.0,37.0000,141.2000,일본 혼슈 미토 북동쪽 98km 해역,,국내영향없음.\n위 자료는 일본기상청(JMA) 분석결과임.\n,,=
3,201108150618,696,20110815061040.000,3.2,38.4700,125.6300,황해북도 사리원 서남서쪽 12km 지역,,자연지진임. 상세분석 후 변경 가능,,=
2,201108172055,702,20110817204400.000,5.9,36.8000,143.7000,일본 혼슈 미토 동쪽 297km 해역,,국내영향없음.\n위 자료는 일본기상청(JMA) 분석결과임.\n,,=
2,201108191447,704,20110819143600.000,6.8,37.6000,141.9000,일본 혼슈 센다이 남동쪽 126km 해역,,국내영향없음.\n위 자료는 일본기상청(JMA) 분석결과임.\n,,=
3,201108200700,707,20110820065748.000,2.9,37.5000,124.6800,인천 백령도 남쪽 50km 해역,,피해예상 안됨. 상세분석 후 변경 가능,,=
3,201108201339,710,20110820132253.000,2.2,38.4639,127.8326,강원 회양(북한) 남동쪽 33km 지역,,자연지진임. 상세분석 후 변경 가능,,=
2,201108210213,712,20110821015502.000,7.5,-18.2600,168.0700,바누아투 포트 빌라 남남서쪽 62km 해역,,국내영향없음.\n위 자료는 미지질조사소(USGS) 분석결과임.\n,,=
2,201108222031,713,20110822202300.000,6.0,36.2000,141.9000,일본 혼슈 미토 동쪽 136km 해역,,국내영향없음.\n위 자료는 일본기상청(JMA) 분석결과임.\n,,=
2,201108250303,715,20110825024611.000,6.8,-7.6400,-74.5100,페루 뿌깔빠 북쪽 82km 지역,,국내영향없음.\n위 자료는 미지질조사소(USGS) 분석결과임.\n,,=
3,201108311942,722,20110831193935.000,2.4,36.6500,129.8000,경북 영덕군 북동쪽 47km 해역,,피해예상 안됨. 상세분석 후 변경 가능,,=
3,201108311956,722,20110831193935.000,2.4,35.6500,129.8000,울산 동구 동북동쪽 38km 해역,,2011년 8월 31일 19시 42분에 발표한 지진의 2차 통보임.\n위도변경됨.,,=
2,201109022010,727,20110902195554.000,7.1,51.7580,-171.3720,알라스카 알루시안열도 폭스섬 해역,,국내영향없음.\n위 자료는 미지질조사소(USGS) 분석결과임.,,=
2,201109022310,730,20110902224711.000,6.4,-28.4200,-63.1500,아르헨티나 산티아고 에스테로 남동쪽 129km 지역,,국내영향없음.\n위 자료는 미지질조사소(USGS) 분석결과임.\n,,=
2,201109040811,732,20110904075537.000,7.0,-20.6500,169.7300,바누아투 이산겔 남남동쪽 133km 해역,,국내영향없음.\n위 자료는 미지질조사소(USGS) 분석결과임.\n,,=
2,201109060309,736,20110906025509.000,6.5,2.9200,97.6800,인도네시아 수마트라 메단 남서쪽 130km 지역,,국내영향없음.\n위 자료는 미지질조사소(USGS) 분석결과임.\n,,=
3,201109080222,738,20110908015640.000,2.9,38.6200,125.9300,황해북도 사리원 북동쪽 19km 지역,,자연지진임. 상세분석 후 변경 가능,,=
2,201109151709,740,20110915170000.000,6.2,36.3000,141.6000,일본 히타치 동남동쪽 91km 해역,,국내영향없음.\n위 자료는 일본기상청(JMA) 분석결과임.\n,,=
2,201109160449,751,20110916043059.000,7.2,-21.6000,-179.2700,남태평양 피지 수바 남동쪽 450km 해역,,국내영향없음.\n위 자료는 미지질조사소(USGS) 분석결과임.\n,,=
2,201109170437,758,20110917042600.000,6.3,40.2000,142.9000,일본 아오모리현 하치노헤 동남동쪽 125km 해역,,국내영향없음.\n위 자료는 일본기상청(JMA) 분석결과임.\n,,=
2,201109171642,760,20110917163400.000,5.6,40.3000,143.0000,일본 아오모리현 하치노헤 동쪽 130km 해역,,국내영향없음.\n위 자료는 일본기상청(JMA) 분석결과임.\n,,=
2,201109181612,763,20110918160400.000,5.9,39.9000,143.3000,일본 하치노헤 동남동쪽 168km 해역,,국내영향없음.\n위 자료는 일본기상청(JMA) 분석결과임.,,=
2,201109182158,767,20110918214047.000,6.8,27.7640,88.1810,인도 시킴 강톡 북서쪽 64km 지역,,국내영향없음.\n위 자료는 미지질조사소(USGS) 분석결과임.\n,,=
2,201109212238,770,20110921223000.000,5.3,36.7000,140.6000,일본 혼슈 히타치 북북서쪽 12km 지역,,국내영향없음.\n위 자료는 일본기상청(JMA) 분석결과임.\n,,=
3,201109220004,771,20110921235924.000,2.4,35.9500,125.1900,충남 태안군 서격렬비열도 남남서쪽 79km 해역,,피해예상 안됨. 상세분석 후 변경 가능,,=
2,201109231732,779,20110923171500.000,5.1,36.7000,140.6000,일본 혼슈 히타치 북북서쪽 12km 지역,,국내영향없음.\n위 자료는 일본기상청(JMA) 분석결과임.\n,,=
3,201109251303,781,20110925125931.000,2.6,35.5300,125.9000,전남 영광군 서북서쪽 63km 해역,,피해예상 안됨. 상세분석 후 변경 가능,,=
3,201109262216,783,20110926221219.000,3.3,34.5800,128.1200,경남 남해군 남동쪽 35km 해역,,피해예상 안됨. 상세분석 후 변경 가능,,=
3,201109281327,784,20110928132004.000,2.4,38.4800,126.2600,황해북도 평산 북서쪽 20km 지역,,자연지진임. 상세분석 후 변경 가능\n\n,,=
2,201109291914,792,20110929190500.000,5.6,37.1000,141.0000,일본 이와키 동북동쪽 11km 해역,,국내영향없음.\n위 자료는 일본기상청(JMA) 분석결과임.\n,,=
2,201110022242,793,20111002223000.000,5.7,38.5000,144.2000,일본 미야기현 게센누마 동남동쪽 233km 해역,,국내영향없음.\n위 자료는 일본기상청(JMA) 분석결과임.\n,,=
3,201110071910,798,20111007190430.000,2.7,33.3400,127.1900,제주 제주시 동남동쪽 63km 해역,,피해예상 안됨. 상세분석 후 변경 가능,,=
2,201110101153,805,20111010114600.000,5.6,37.5000,141.5000,일본 후쿠시마현 미나미소마 동남동쪽 50km 해역,,국내영향없음.\n위 자료는 일본기상청(JMA) 분석결과임.\n\n,,=
2,201110211710,814,20111021170300.000,6.2,43.8000,142.6000,일본 아사히카와 동쪽 19km 지역,,국내영향없음.\n위 자료는 일본기상청(JMA) 분석결과임.\n,,=
2,201110220315,816,20111022025700.000,7.6,-28.9400,-176.0500,케르메덱제도 라울섬 동쪽 180km 해역,,국내영향없음.\n위 자료는 미지질조사소(USGS) 분석결과임.\n,,=
2,201110232007,818,20111023194121.000,7.3,38.6300,43.5400,터키 반 북동쪽 19 km 지역,,국내영향없음.\n위 자료는 미지질조사소(USGS) 분석결과임.\n,,=
2,201110290417,821,20111029035435.000,6.9,-14.4600,-75.9900,페루 이카 남남서쪽 51km 지역,,국내영향없음.\n위 자료는 미지질조사소(USGS) 분석결과임.,,=
2,201110301232,828,20111030122400.000,5.6,25.3000,123.0000,대만 타이베이 동북동쪽 156km 해역,,국내영향없음.\n위 자료는 일본기상청(JMA) 분석결과임.\n,,=
2,201111010950,829,20111101092128.000,6.0,43.6330,82.3800,중국 신장 이닝 동남동쪽 95km 지역,,국내영향없음.\n위 자료는 미지질조사소(USGS) 분석결과임.,,=
3,201111020723,832,20111102072024.000,3.0,35.5400,130.6500,울산 동구 동쪽 111km 해역,,이 지진정보는 자동계기분석 결과이며, 상세분석 후 변경될 수 있음.\n자연지진임.\n,
2,201111081208,838,20111108115900.000,6.8,27.2000,125.8000,일본 오키나와현 나하 서북서쪽 217km 해역,,국내영향없음.\n위 자료는 일본기상청(JMA) 분석결과임.\n,,=
2,201111211925,843,20111121191600.000,5.4,34.9000,132.9000,일본 시마네현(혼슈) 마쓰에 남남서쪽 65km 지역,,국내영향없음.\n위 자료는 일본기상청(JMA) 분석결과임.,,=
2,201111230414,845,20111123034815.000,6.2,-15.3500,-65.1100,볼리비아 산타아나 남남동쪽 184km 지역,,국내영향없음.\n위 자료는 미지질조사소(USGS) 분석결과임.,,=
2,201111240435,848,20111124042400.000,6.0,37.3000,141.7000,일본 후쿠시마현(혼슈) 후쿠시마 동남동쪽 120km 해역,,국내영향없음.\n위 자료는 일본기상청(JMA) 분석결과임.\n,,=
2,201111241933,850,20111124192500.000,6.1,41.7000,142.8000,일본 홋카이도 삿포로 남동쪽 192km 해역,,국내영향없음.\n위 자료는 일본기상청(JMA) 분석결과임.\n,,=
3,201111260407,851,20111126040356.000,2.1,34.2300,127.6700,전남 여수시 거문도 북동쪽 40km 해역,,피해예상 안됨. 상세분석 후 변경 가능,,=
3,201111300040,852,20111130003734.000,2.2,35.9900,126.5400,전북 군산시 서쪽 16km 해역,,피해예상 안됨. 상세분석 후 변경 가능,,=
2,201112030603,854,20111203055500.000,5.2,35.3000,140.4000,일본 지바현(혼슈) 지바 남동쪽 43km 지역,,국내영향없음.\n위 자료는 일본기상청(JMA) 분석결과임.\n,,=
2,201112111108,855,20111211104726.000,6.7,18.0380,-99.7960,멕시코 게레로 텔로로아판 남쪽 35km 지역,,국내영향없음.\n위 자료는 미지질조사소(USGS) 분석결과임.\n,,=
2,201112141313,859,20111214130100.000,5.2,35.4000,137.3000,일본 아이치현(혼슈) 나고야 북동쪽 43km 지역,,국내영향없음.\n위 자료는 일본기상청(JMA) 분석결과임.,,=
2,201112141421,860,20111214140456.000,7.3,-7.5100,146.7900,파푸아뉴기니 뉴기니아 라에 남남서쪽 87km 지역,,국내영향없음.\n위 자료는 미지질조사소(USGS) 분석결과임.,,=
3,201112141552,861,20111214153956.000,2.0,37.9700,125.8200,황해남도 해주 남동쪽 12km 지역,,이 지진정보는 자동계기분석 결과이며, 상세분석 후 변경될 수 있음.\n자연지진임.\n,
3,201112250006,867,20111225000125.000,2.3,37.1200,128.9900,강원 태백시 남쪽 5km 지역,,피해예상 안됨. 상세분석 후 변경 가능,,=
3,201112272200,869,20111227215717.000,3.3,36.8600,129.9400,경북 울진군 동남동쪽 50km 해역,,피해예상 안됨. 상세분석 후 변경 가능,,=
2,201112280050,870,20111228002156.000,6.6,51.8600,95.8300,러시아 키질 동쪽 96km 지역,,국내영향없음.\n위 자료는 미지질조사소(USGS) 분석결과임.\n,,=
2,201201011440,3,20120101142800.000,7.0,31.4000,138.6000,일본 시즈오카현(혼슈) 시즈오카 남쪽 398km 해역,,국내영향없음.\n위 자료는 일본기상청(JMA) 분석결과임.\n,,=
3,201201011957,4,20120101194032.000,2.0,39.0200,125.7800,평양(북한) 동쪽 3km 지역,,자연지진임. 상세분석 후 변경 가능,,=
2,201201110355,15,20120111033701.000,7.3,2.4000,93.1800,인도네시아 수마트라 반다아체 남서쪽 420km 해역,,위 자료는 미지질조사소(USGS) 분석결과임.\n국내영향없음\n,,=
2,201201121228,19,20120112122000.000,5.8,36.9000,141.3000,일본 이바라키현(혼슈) 미토 북동쪽 95km 해역,,국내영향없음.\n위 자료는 일본기상청(JMA) 분석결과임.\n,,=
3,201201160307,24,20120116030354.000,2.2,36.7900,128.7500,경북 안동시 북쪽 25km 지역,,피해예상 안됨. 상세분석 후 변경 가능,,=
3,201201191618,31,20120119154300.000,2.7,38.5100,126.2300,황해북도 평산 북서쪽 24km 지역,,자연지진임. 상세분석 후 변경 가능,,=
3,201201240245,36,20120124024153.000,2.2,37.1200,125.9600,인천 옹진군 덕적도 서남서쪽 20km 해역,,피해예상 안됨. 상세분석 후 변경 가능,,=
3,201201252202,38,20120125215642.000,2.4,37.2200,123.9400,인천 백령도 남서쪽 104km 해역,,피해예상 안됨. 상세분석 후 변경 가능,,=
2,201201280748,39,20120128073900.000,5.0,35.5000,139.0000,일본 야마나시현(혼슈) 고후 동남동쪽 43km 지역,,국내영향없음.\n위 자료는 일본기상청(JMA) 분석결과임.\n,,=
2,201201280753,40,20120128074300.000,5.5,35.5000,139.0000,일본 야마나시현(혼슈) 고후 동남동쪽 43km 지역,,국내영향없음.\n위 자료는 일본기상청(JMA) 분석결과임.\n,,=
2,201201280930,42,20120128092200.000,5.6,40.2000,142.5000,일본 이와테현(혼슈) 모리오카 동북동쪽 127km 해역,,국내영향없음.\n위 자료는 일본기상청(JMA) 분석결과임.\n,,=
2,201201301435,44,20120130141100.000,6.3,-14.1800,-75.6400,페루 이까 남동쪽 15km 지역,,국내영향없음.\n위 자료는 미지질조사소(USGS) 분석결과임.\n,,=
2,201202061934,50,20120206191024.000,6.2,9.8400,123.1300,필리핀 세부섬 세부 남서쪽 98km 지역,,국내영향없음.\n위 자료는 미지질조사소(USGS) 분석결과임.\n,,=
2,201202062105,51,20120206203337.000,6.0,9.8000,123.0500,필리핀 세부섬 세부 남서쪽 108km 지역,,국내영향없음.\n위 자료는 미지질조사소(USGS) 분석결과임.\n,,=
2,201202082107,52,20120208210100.000,5.7,37.9000,138.2000,일본 니이가타현(혼슈) 니이가타 서쪽 72km 해역,,국내영향없음.\n위 자료는 일본기상청(JMA) 분석결과임.\n,,=
2,201202141236,53,20120214122800.000,5.5,36.3000,141.6000,일본 이바라키현(혼슈) 미토 동쪽 101km 해역,,국내영향없음.\n위 자료는 일본기상청(JMA) 분석결과임.\n,,=
2,201202141529,54,20120214152200.000,6.2,36.3000,141.8000,일본 이바라키현(혼슈) 미토 동쪽 119km 해역,,국내영향없음.\n위 자료는 일본기상청(JMA) 분석결과임.\n,,=
2,201202191501,56,20120219145400.000,5.1,36.7000,140.6000,일본 이바라키현(혼슈) 미토 북북동쪽 39km 지역,,국내영향없음.\n위 자료는 일본기상청(JMA) 분석결과임.\n,,=
3,201202192025,57,20120219202129.000,2.7,35.1300,129.8900,울산 동구 남동쪽 59km 해역,,피해예상 안됨. 상세분석 후 변경 가능,,=
3,201202212234,58,20120221223056.000,2.5,35.1300,129.8000,부산 기장군 동남동쪽 54km 해역,,피해예상 안됨. 상세분석 후 변경 가능,,=
3,201202240058,59,20120224005455.000,2.4,35.1300,129.8500,울산 동구 남동쪽 57km 해역,,피해예상 안됨. 상세분석 후 변경 가능,,=
3,201202240908,62,20120224090532.000,3.2,35.2000,129.9300,울산 동구 남동쪽 57km 해역,,피해예상 안됨. 상세분석 후 변경 가능,,=
2,201202261157,67,20120226113457.000,5.9,22.6600,120.8400,대만 카오슝 동쪽 57km 지역,,국내영향없음.\n위 자료는 미지질조사소(USGS) 분석결과임.\n,,=
2,201202261536,69,20120226151719.000,6.8,51.7300,95.9200,러시아 투바공화국 키질 동쪽 100km 지역,,국내영향없음.\n위 자료는 미지질조사소(USGS) 분석결과임.\n,,=
3,201202270033,70,20120227002626.000,2.5,35.1500,129.8500,울산 동구 남동쪽 55km 해역,,피해예상 안됨. 상세분석 후 변경 가능,,=
2,201202280441,73,20120228043200.000,5.6,25.5000,127.3000,일본 오키나와현 오키나와 남남서쪽 88km 해역,,국내영향없음.\n위 자료는 일본기상청(JMA) 분석결과임.\n,,=
2,201202292344,78,20120229233200.000,5.8,35.2000,141.5000,일본 지바현 지바 동남동쪽 134km 해역,,국내영향없음.\n위 자료는 일본기상청(JMA) 분석결과임.\n,,=
2,201203051752,83,20120305164609.000,6.1,-28.2300,-63.2400,아르헨티나 산티아고델에스테로 동남동쪽 112km 지역,,국내영향없음.\n위 자료는 미지질조사소(USGS) 분석결과임.\n,,=
2,201203091628,89,20120309160954.000,7.1,-19.1100,169.6300,바투아누 이산겔 북동쪽 60km 해역,,국내영향없음.\n위 자료는 미지질조사소(USGS) 분석결과임.\n,,=
2,201203100231,91,20120310022500.000,5.5,36.7000,140.7000,일본 이바라키현(혼슈) 미토 북북동쪽 42km 지역,,국내영향없음.\n위 자료는 일본기상청(JMA) 분석결과임.\n,,=
2,201203141819,95,20120314180900.000,6.8,40.7000,145.2000,일본 훗카이도 구시로 남남동쪽 263km 해역,,국내영향없음.\n위 자료는 일본기상청(JMA) 분석결과임.\n,,=
2,201203141958,98,20120314194900.000,5.9,40.7000,145.0000,일본 훗카이도 구시로 남쪽 259km 해역,,국내영향없음.\n위 자료는 일본기상청(JMA) 분석결과임.\n,,=
2,201203142112,102,20120314210500.000,6.1,35.8000,141.1000,일본 이바라키현(혼슈) 미토 남동쪽 85km 해역,,국내영향없음.\n위 자료는 일본기상청(JMA) 분석결과임.\n,,=
2,201203150635,106,20120315061311.000,6.4,-5.6400,151.0300,파푸아뉴기니 뉴브리튼섬 칸드리안 동북동쪽 178km 지역,,국내영향없음.\n위 자료는 미지질조사소(USGS) 분석결과임.\n,,=
2,201203160427,107,20120316042000.000,5.2,35.9000,139.5000,일본 사이타마현(혼슈) 사이타마 서북서쪽 14km 지역,,국내영향없음.\n위 자료는 일본기상청(JMA) 분석결과임.\n\n,,=
3,201203180927,109,20120318092058.000,2.8,36.5300,130.5800,경북 영덕군 동쪽 109km 해역,,피해예상 안됨. 상세분석 후 변경 가능,,=
2,201203210339,110,20120321025619.000,6.2,-3.8300,140.2200,인도네시아 자야푸라 남남서쪽 154km 지역,,국내영향없음.\n위 자료는 미지질조사소(USGS) 분석결과임.\n,,=
2,201203210354,111,20120321030248.000,7.6,16.6600,-98.1900,멕시코 게레로주 오메테펙 동쪽 25km 지역,,국내영향없음.\n위 자료는 미지질조사소(USGS) 분석결과임.\n,,=
2,201203220731,114,20120322071505.000,6.7,-6.2400,145.9600,파푸아뉴기니 고로카 동남동쪽 63km 지역,,국내영향없음.\n위 자료는 미지질조사소(USGS) 분석결과임.\n,,=
2,201203260802,118,20120326073706.000,7.2,-35.2000,-71.7800,칠레 탈카 북북서쪽 32km 지역,,국내영향없음.\n위 자료는 미지질조사소(USGS) 분석결과임.\n,,=
2,201203272006,119,20120327200000.000,6.4,39.8000,142.5000,일본 이와테현(혼슈) 모리오카 동쪽 116km 해역,,국내영향없음.\n위 자료는 일본기상청(JMA) 분석결과임\n,,=
3,201203290029,123,20120329002653.000,2.2,35.3400,125.9510,전북 부안군 위도 남서쪽 43km 해역,,피해예상 안됨. 상세분석 후 변경 가능,,=
3,201203301454,127,20120330145151.000,2.2,36.4900,127.9100,경북 상주시 서북서쪽 24km 지역,,피해예상 안됨. 상세분석 후 변경 가능,,=
2,201204012312,132,20120401230400.000,5.9,37.1000,141.3000,일본 후쿠시마 남동쪽 104km 해역,,국내영향없음.\n위 자료는 일본기상청(JMA) 분석결과임.,,=
2,201204090703,133,20120409064331.000,5.5,24.0000,122.3500,대만 타이베이 남동쪽 142km 해역,,국내영향없음.\n위 자료는 대만기상청(CWB) 분석결과임.\n,,=
2,201204111800,135,20120411173838.000,8.7,2.3500,93.0700,인도네시아 수마트라 반다아체 남서쪽 431km 해역,,국내영향없음.\n위 자료는 미지질조사소(USGS) 분석결과임.\n,,=
2,201204112008,136,20120411194309.000,8.2,0.7700,92.4500,인도네시아 수마트라 반다아체 남남서쪽 615km 해역,,국내영향없음.\n위 자료는 미지질조사소(USGS) 분석결과임.\n,,=
2,201204122029,139,20120412202000.000,5.5,36.8000,141.4000,일본 이바라키현(혼슈) 미토 동북동쪽 96km 해역,,국내영향없음.\n위 자료는 일본기상청(JMA) 분석결과임.\n,,=
2,201204122358,140,20120412235100.000,5.9,37.4000,141.8000,일본 후쿠시마현(혼슈) 후쿠시마 동남동쪽 124km 해역,,국내영향없음.\n위 자료는 일본기상청(JMA) 분석결과임.\n,,=
2,201204131919,143,20120413191000.000,5.9,36.9000,141.5000,일본 이바라키현(혼슈) 미토 동북동쪽 109km 해역,,국내영향없음.\n위 자료는 일본기상청(JMA) 분석결과임.\n,,=
3,201204171334,146,20120417133107.000,2.6,35.7200,126.5100,전북 부안군 서쪽 20km 해역,,피해예상 안됨. 상세분석 후 변경 가능,,=
2,201204171634,147,20120417161350.000,7.0,-5.4800,147.1000,파푸아뉴기니 라애 북쪽 141km 해역,,국내영향없음.\n위 자료는 미지질조사소(USGS) 분석결과임.\n,,=
3,201204202114,148,20120420211102.000,3.1,33.4300,127.2600,제주 서귀포시 성산 동쪽 36km 해역,,피해예상 안됨. 상세분석 후 변경 가능,,=
2,201204250530,160,20120425052200.000,5.5,35.7000,140.9000,일본 지바현(혼슈) 지바 동쪽 72km 해역,,국내영향없음.\n위 자료는 일본기상청(JMA) 분석결과임.\n,,=
2,201204291936,162,20120429192800.000,5.8,35.8000,140.7000,일본 지바현(혼슈) 지바 동북동쪽 58km 지역,,국내영향없음.\n위 자료는 일본기상청(JMA) 분석결과임.\n,,=
2,201204300011,164,20120430000200.000,5.6,39.7000,142.3000,일본 이와테현(혼슈) 모리오카 동쪽 98km 해역,,국내영향없음.\n위 자료는 일본기상청(JMA) 분석결과임.,,=
3,201205020136,168,20120502013317.000,3.4,33.6900,126.0400,제주 제주시 고산 북북서쪽 46km 해역,,피해예상 안됨. 상세분석 후 변경 가능\n,,=
3,201205020509,169,20120502050458.000,2.0,35.7600,126.8100,전북 김제시 남서쪽 8km 지역,,피해예상 안됨. 상세분석 후 변경 가능\n,,=
3,201205111250,170,20120511124604.000,3.9,36.0200,127.7100,전북 무주군 동북동쪽 5km 지역,,상세분석 후 변경 가능,,=
3,201205151107,171,20120515110512.000,2.9,35.9200,129.6200,경북 포항시 남구 동남동쪽 25km 해역,,피해예상 안됨. 상세분석 후 변경 가능,,=
3,201205161754,176,20120516175015.000,2.7,36.2300,128.4900,경북 군위군 서쪽 8km 지역,,피해예상 안됨. 상세분석 후 변경 가능,,=
2,201205200417,178,20120520040500.000,5.8,39.6000,143.7000,일본 이와테현(혼슈) 모리오카 동쪽 218km 해역,,국내영향없음.\n위 자료는 일본기상청(JMA) 분석결과임.\n,,=
2,201205201631,186,20120520162000.000,6.2,39.5000,143.8000,일본 이와테현(혼슈) 모리오카 동쪽 228km 해역,,국내영향없음.\n위 자료는 일본기상청(JMA) 분석결과임.\n,,=
2,201205240010,191,20120524000200.000,6.0,41.3000,142.1000,일본 이오모리현 아오모리 동북동쪽 125km 해역,,국내영향없음.\n위 자료는 일본기상청(JMA) 분석결과임.,,=
2,201205270702,193,20120527064900.000,6.1,27.2000,141.1000,일본 시즈오카현(혼슈) 시즈오카 남남동쪽 902km 해역,,국내영향없음.\n위 자료는 일본기상청(JMA) 분석결과임.\n,,=
2,201205281431,201,20120528140723.000,6.4,-28.0600,-63.1100,아르헨티나 산티아고 델아스데로 동남동쪽 116km 지역,,국내영향없음.\n위 자료는 미지질조사소(USGS) 분석결과임.\n,,=
2,201205290144,202,20120529013600.000,5.2,35.8000,140.1000,일본 지바현(혼슈) 지바 북쪽 21km 지역,,국내영향없음.\n위 자료는 일본기상청(JMA) 분석결과임.\n,,=
3,201205300250,209,20120530024811.000,3.4,36.5700,129.5700,경북 영덕군 북동쪽 25km 해역,,피해예상 안됨. 상세분석 후 변경 가능,,=
3,201206010812,213,20120601080937.000,2.3,35.9200,127.6100,전북 무주군 남남서쪽 10km 지역,,피해예상 안됨. 상세분석 후 변경 가능,,=
3,201206011209,215,20120601120543.000,2.6,37.1200,125.9600,인천 옹진군 덕적도 서남서쪽 20km 해역,,피해예상 안됨. 상세분석 후 변경 가능,,=
2,201206011758,219,20120601174800.000,5.2,36.1000,139.9000,일본 사이타마현(혼슈) 사이타마 북동쪽 35km 지역,,국내영향없음.\n위 자료는 일본기상청(JMA) 분석결과임.\n,,=
3,201206050840,223,20120605081841.000,2.1,38.4300,126.1600,황해북도 평산 서북서쪽 23km 지역,,자연지진임. 상세분석 후 변경 가능.,,=
2,201206060438,225,20120606043100.000,6.3,34.9000,141.5000,일본 지바현(혼슈) 지바 동남동쪽 149km 해역,,국내영향없음.\n위 자료는 일본기상청(JMA) 분석결과임.\n,,=
2,201206061023,226,20120606100834.000,5.9,22.3900,121.4300,대만 카오슝 동쪽 124km 해역,,국내영향없음.\n위 자료는 대만기상국(CWB) 분석결과임,,=
2,201206080127,227,20120608010318.000,6.0,-15.9200,-72.5200,페루 아레키파 서남서쪽 119km 지역,,국내영향없음.\n위 자료는 미지질조사소(USGS) 분석결과임.\n,,=
2,201206100612,232,20120610060018.000,6.5,24.4700,122.3900,대만 타이베이 동남동쪽 109km 해역,,국내영향없음.\n위 자료는 대만기상국(CWB) 분석결과임.\n,,=
3,201206120345,233,20120612034232.000,2.1,36.3200,127.5100,충북 옥천군 서북서쪽 6km 지역,,피해예상 안됨. 상세분석 후 변경 가능,,=
3,201206120906,234,20120612090126.000,2.1,38.7700,125.7200,황해북도 송림 동북동쪽 8km 지역,,자연지진임. 상세분석 후 변경 가능,,=
3,201206121337,235,20120612133437.000,2.4,37.3300,125.2700,인천 옹진군 연평도 남서쪽 53km 해역,,피해예상 안됨. 상세분석 후 변경 가능,,=
3,201206121756,238,20120612175208.000,2.2,35.8700,128.6700,대구 수성구 동북동쪽 4km 지역,,피해예상 안됨. 상세분석 후 변경 가능,,=
3,201206140632,247,20120614061520.000,2.1,39.6800,126.8100,함경남도 요덕 북서쪽 5km 지역,,자연지진임. 상세분석 후 변경 가능,,=
2,201206180539,250,20120618053200.000,6.1,38.9000,142.1000,일본 이와테현(혼슈) 모리오카 남동쪽 121km 해역,,국내영향없음.\n위 자료는 일본기상청(JMA) 분석결과임.\n,,=
3,201206192058,251,20120619205524.000,3.1,33.4800,125.9300,제주 제주시 고산 북서쪽 30km 해역,,피해예상 안됨. 상세분석 후 변경 가능,,=
3,201206231644,255,20120623164252.000,2.6,36.7000,128.3100,경북 문경시 북동쪽 17km 지역,,피해예상 안됨. 상세분석 후 변경 가능,,=
3,201206240127,256,20120624012047.000,2.1,37.5300,124.5600,인천 백령도 남남서쪽 48km 해역,,피해예상 안됨. 상세분석 후 변경 가능,,=
2,201206241246,257,20120624121502.000,6.1,57.6000,163.2200,러시아 스타리이 북북동쪽 159km 지역,,국내영향없음.\n위 자료는 미지질조사소(USGS) 분석결과임.\n,,=
2,201206300626,264,20120630060732.000,6.3,43.4400,84.7300,중국 신장 석하자 남서쪽 151km 지역,,국내영향없음.\n위 자료는 미지질조사소(USGS) 분석결과임.\n,,=
3,201207030945,265,20120703094207.000,2.1,37.1900,129.1000,강원 삼척시 남남서쪽 29km 지역,,\n피해예상 안됨. 상세분석 후 변경 가능,,=
3,201207080946,269,20120708094329.000,2.3,35.7200,129.3600,경북 경주시 남동쪽 19km 지역,,피해예상 안됨. 상세분석 후 변경 가능,,=
3,201207090901,272,20120709085914.000,2.4,35.3200,128.7100,경남 창원시 북북동쪽 11km 지역,,피해예상 안됨. 상세분석 후 변경 가능,,=
2,201207101258,274,20120710124900.000,5.0,36.8000,138.4000,일본 나가노현(혼슈) 나가노 북동쪽 25km 지역,,국내영향없음.\n위 자료는 일본기상청(JMA) 분석결과임.\n,,=
3,201207111930,276,20120711192730.000,2.5,36.9000,125.2700,충남 태안군 서격렬비도 북서쪽 41km 해역,,피해예상 안됨. 상세분석 후 변경 가능,,=
3,201207111937,277,20120711193313.000,2.1,36.8700,125.2800,충남 태안군 서격렬비도 북서쪽 38km 해역,,피해예상 안됨. 상세분석 후 변경 가능,,=
3,201207140244,278,20120714023827.000,2.6,33.7800,124.9700,전남 신안군 가거도 남남서쪽 34km 해역,,피해예상 안됨. 상세분석 후 변경 가능,,=
3,201207191550,265,20120704094207.000,2.1,37.1900,129.1000,테스트 테스트 테스트 ,,테스트 테스트 테스트,,=
3,201207221208,282,20120722120441.000,2.3,34.6900,126.6000,전남 영암군 남서쪽 15km 지역,,자연지진임. 상세분석 후 변경 가능,,=
2,201207221348,283,20120722134200.000,5.1,42.5000,143.0000,일본 훗카이도 구시로 서남서쪽 125km 지역,,국내영향없음.\n위 자료는 일본기상청(JMA) 분석결과임.\n,,=
2,201207252038,284,20120725202027.000,6.5,-9.7200,159.7300,솔로몬제도 호니아라 남서쪽 37km 지역,,국내영향없음.\n위 자료는 미지질조사소(USGS) 분석결과임.\n,,=
3,201207261930,285,20120726192458.000,3.4,37.9800,125.4300,황해남도 옹진 북동쪽 8km 지역,,피해예상 안됨. 상세분석 후 변경 가능,,=
3,201207290327,286,20120729032209.000,2.9,32.6900,126.0200,제주 제주시 고산 남쪽 68km 해역,,피해예상 안됨. 상세분석 후 변경 가능,,=
2,201208021911,288,20120802183831.000,6.1,-8.3800,-74.2500,페루 푸칼파 동쪽 34km 지역,,국내영향없음.\n위 자료는 미지질조사소(USGS) 분석결과임,,=
3,201208102128,290,20120810212514.000,2.7,35.8200,128.3800,경북 고령군 북동쪽 15km 지역,,피해예상 안됨. 상세분석 후 변경 가능,,=
2,201208112148,292,20120811212317.000,6.2,38.3800,46.8700,이란 타브리즈 동북동쪽 60km 지역,,국내영향없음.\n위 자료는 미지질조사소(USGS) 분석결과임.,,=
2,201208112202,293,20120811213435.000,6.3,38.3200,46.7600,이란 타브리즈 북동쪽 48km 지역,,국내영향없음.\n위 자료는 미지질조사소(USGS) 분석결과임.\n,,=
2,201208122007,298,20120812194706.000,6.3,35.6700,82.5400,중국 신장 호탄 동남동쪽 282km 지역,,국내영향없음.\n위 자료는 미지질조사소(USGS) 분석결과임.\n,,=
3,201208130057,299,20120813005408.000,2.2,36.8400,128.6800,경북 영주시 북동쪽 6km 지역,,피해예상 안됨. 상세분석 후 변경 가능,,=
3,201208130057,299,20120813005408.000,2.2,36.8400,128.6800,경북 영주시 북동쪽 6km 지역,,피해예상 안됨. 상세분석 후 변경 가능,,=
2,201208141212,302,20120814120100.000,7.3,49.3000,145.7000,일본 훗카이도 구시로 북쪽 710km 영역,,국내영향없음.\n위 자료는 일본기상청(JMA) 분석결과임.\n,,=
2,201208141212,302,20120814120100.000,7.3,49.3000,145.7000,러시아 사할린주 포로나이스크 동북동쪽 158km 해역,,국내영향없음.\n위 자료는 일본기상청(JMA) 분석결과임.\n,,=
2,201208141212,302,20120814120100.000,7.3,49.3000,145.7000,러시아 사할린주 포로나이스크 동북동쪽 158km 해역,,국내영향없음.\n위 자료는 일본기상청(JMA) 분석결과임.\n,,=
3,201208181810,305,20120818180641.000,2.2,36.2000,125.2600,충남 태안군 서격렬비도 남남서쪽 51km 해역,,피해예상 안됨. 상세분석 후 변경 가능,,=
2,201208181902,306,20120818184154.000,6.6,-1.3500,120.1000,인도네시아 팔루 남남동쪽 56km 지역,,국내영향없음.\n위 자료는 미지질조사소(USGS) 분석결과임.\n,,=
2,201208200806,307,20120820074150.000,6.2,-4.8500,144.5800,파푸아뉴기니 마운트하겐 북북동쪽 115km 지역,,국내영향없음.\n위 자료는 미지질조사소(USGS) 분석결과임.\n,,=
2,201208202049,308,20120820204200.000,5.1,36.0000,140.5000,일본 이바라키현(혼슈) 미토 남쪽 41km 지역,,국내영향없음.\n위 자료는 일본기상청(JMA) 분석결과임.\n,,=
3,201208202248,309,20120820224308.000,4.2,35.4600,124.6800,전남 신안군 흑산면 북서쪽 115km 해역,,이 지진정보는 자동계기분석 결과이며 상세분석 후 변경될 수 있음.\nKBS, MBC, SBS
2,201208221040,310,20120822103300.000,5.2,42.3000,143.1000,일본 훗카이도 구시로 남서쪽 129km 지역,,국내영향없음.\n위 자료는 일본기상청(JMA) 분석결과임.,,=
2,201208252321,314,20120825231600.000,5.9,42.3000,143.1000,일본 훗카이도 구시로 남서쪽 129km 지역,,국내영향없음.\n위 자료는 일본기상청(JMA) 분석결과임.\n,,=
2,201208271409,315,20120827133723.000,7.3,12.7000,-88.5000,엘살바드로 우루스탄 남쪽 73km 해역,,국내영향없음.\n\n코스타리카/엘살바드로/온두라스/멕시코 등의 중앙아메리카 연안 지진해일경보 발령.\n\n위 자료는 태평양지진해일경보센터(PTWC) 분석결과임.\n,,=
2,201208300410,317,20120830040500.000,5.7,38.4000,141.9000,일본 미야기현(혼슈) 센다이 동쪽 91km 해역,,국내영향없음.\n위 자료는 일본기상청(JMA) 분석결과임.\n,,=
2,201208312204,319,20120831214735.000,7.9,10.9000,127.0600,필리핀 사마르섬 구이우안 동쪽 146km 해역,,국내영향없음.\n위 자료는 미지질조사소(USGS) 분석결과임.,,=
2,201209060009,322,20120905234210.000,7.6,10.1200,-85.3500,코스타리카 라이베리아 남남동쪽 60km 지역,,국내영향없음.\n위 자료는 미지질조사소(USGS) 분석결과임.\n,,=
3,201209070238,324,20120907023446.000,3.1,36.4000,127.2500,충남 공주시 동남동쪽 12km 지역,,이 지진정보는 자동계기분석 결과이며, 상세분석 후 변경될 수 있음.\n자연지진임.\n,
3,201209070238,324,20120907023446.000,3.1,36.4000,127.2500,충남 공주시 동남동쪽 12km 지역,,이 지진정보는 자동계기분석 결과이며, 상세분석 후 변경될 수 있음.,
3,201209102208,326,20120910220602.000,2.1,35.8200,129.4100,경북 경주시 동쪽 18km 지역,,피해예상 안됨. 상세분석 후 변경 가능,,=
2,201209140228,327,20120914022200.000,5.1,35.9000,140.6000,일본 이바라키현(혼슈) 미토 남남동쪽 53km 지역,,국내영향없음.\n위 자료는 일본기상청(JMA) 분석결과임.\n,,=
3,201209180542,331,20120918053902.000,2.7,33.5300,125.8100,제주 제주시 고산 북서쪽 42km 해역,,피해예상 안됨. 상세분석 후 변경 가능,,=
3,201209191454,333,20120919144925.000,2.1,34.7100,128.7200,경남 통영시 매물도 동북동쪽 15km 해역,,피해예상 안됨. 상세분석 후 변경 가능,,=
3,201209191456,334,20120919145212.000,2.0,34.7500,128.6800,경남 거제시 남남동쪽 15km 해역,,피해예상 안됨. 상세분석 후 변경 가능,,=
3,201209200247,335,20120920024345.000,2.4,35.6100,129.8200,울산 동구 동북동쪽 38km 해역,,피해예상 안됨. 상세분석 후 변경 가능,,=
3,201209241006,336,20120924095910.000,2.5,38.7300,125.4800,남포(북한) 남동쪽 4km 지역,,피해예상 안됨. 상세분석 후 변경 가능,,=
3,201209272228,340,20120927222447.000,2.7,35.4000,126.0800,전북 부안군 위도 남서쪽 30km 해역,,피해예상 안됨. 상세분석 후 변경 가능,,=
3,201209281939,341,20120928193635.000,2.1,36.4100,128.7300,경북 의성군 북북동쪽 7km 지역,,피해예상 안됨. 상세분석 후 변경 가능,,=
2,201210010155,346,20121001013131.000,7.4,2.0000,-76.6000,콜롬비아 포파얀 남쪽 50km 지역,,국내영향없음.\n위 자료는 미지질조사소(USGS) 분석결과임.\n,,=
3,201210010654,350,20121001065124.000,2.3,36.7100,128.4100,경북 예천군 북북서쪽 7km 지역,,피해예상 안됨. 상세분석 후 변경 가능,,=
2,201210020728,351,20121002072200.000,6.3,39.8000,143.4000,일본 이와테현(혼슈) 모리오카 동쪽 192km 해역,,국내영향없음.\n위 자료는 일본기상청(JMA) 분석결과임.\n,,=
2,201210060129,353,20121006011900.000,5.0,40.0000,140.6000,일본 아키타현(혼슈) 아키타 북동쪽 53km 지역,,국내영향없음.\n위 자료는 일본기상청(JMA) 분석결과임\n,,=
2,201210121407,354,20121012135700.000,5.0,35.9000,140.6000,일본 이바라키현(혼슈) 미토 남남동쪽 53km 지역,,국내영향없음.\n위 자료는 일본기상청(JMA) 분석결과임.\n,,=
3,201210171441,363,20121017143741.000,2.5,37.5400,124.8400,인천 백령도 남남동쪽 48km 해역,,피해예상 안됨. 상세분석 후 변경 가능,,=
2,201210231803,374,20121023175400.000,5.8,29.1000,140.0000,일본 시즈오카현(혼슈) 시즈오카 남남동쪽 671km 해역,,국내영향없음.\n위 자료는 일본기상청(JMA) 분석결과임.\n,,=
2,201210240957,375,20121024094534.000,6.6,10.1000,-85.4000,코스타리카 라이베리아 남쪽 62km 지역,,국내영향없음.\n위 자료는 미지질조사소(USGS) 분석결과임.\n,,=
2,201210251940,376,20121025193200.000,5.6,38.3000,141.9000,일본 미야기현(혼슈) 센다이 동쪽 90km 해역,,국내영향없음.\n위 자료는 일본기상청(JMA) 분석결과임.,,=
2,201210281216,377,20121028120411.000,7.1,52.8600,-131.9400,캐나다 프린스루퍼트 남서쪽 194km 지역,,국내영향없음.\n위 자료는 미지질조사소(USGS) 분석결과임.\n,,=
2,201211080202,382,20121108013550.000,7.4,14.0800,-91.9200,과테말라 레탈룰레우 남남서쪽 56km 해역,,국내영향없음.\n위 자료는 미지질조사소(USGS) 분석결과임.,,=
2,201211091258,384,20121109125200.000,5.5,36.9000,141.4000,일본 이바라키현(혼슈) 미토 북동쪽 102km 해역,,국내영향없음.\n위 자료는 일본기상청(JMA) 분석결과임.,,=
2,201211111035,385,20121111101238.000,6.6,23.0300,95.9300,미얀마 만달레이 북쪽 116km 지역,,국내영향없음.\n위 자료는 미지질조사소(USGS) 분석결과임.\n,,=
2,201211122031,401,20121112201600.000,5.8,29.6000,138.4000,일본 미에현(혼슈) 시즈오카 남남동쪽 596km 해역,,국내영향없음.\n위 자료는 일본기상청(JMA) 분석결과임.\n,,=
2,201211150446,403,20121115040205.000,6.1,-29.1600,-71.2700,칠레 바에나르 남서쪽 82km 지역,,국내영향없음.\n위 자료는 미지질조사소(USGS) 분석결과임.\n,,=
2,201211161737,409,20121116172600.000,5.5,35.4000,141.3000,일본 지바현(혼슈) 지바 동남동쪽 111km 해역,,국내영향없음.\n위 자료는 일본기상청(JMA) 분석결과임.\n,,=
3,201211220308,415,20121122030454.000,3.0,35.2200,127.9700,경남 진주시 서북서쪽 11km 지역,,피해예상 안됨. 상세분석 후 변경 가능,,=
2,201212071728,420,20121207171800.000,7.3,37.8000,144.2000,일본 미야기현(혼슈) 센다이 동쪽 296km 해역,,국내영향없음.\n위 자료는 일본기상청(JMA) 분석결과임.\n,,=
2,201212080343,423,20121208031908.000,6.3,-38.3300,176.0400,뉴질랜드 로터루아 남서쪽 32km 지역,,국내영향없음.\n위 자료는 미지질조사소(USGS) 분석결과임.\n,,=
2,201212110218,425,20121211015309.000,7.1,-6.5200,129.8100,인도네시아 사움라키 북서쪽 236km 해역,,국내영향없음.\n위 자료는 미지질조사소(USGS) 분석결과임.\n,,=
3,201212191509,430,20121219150502.000,2.2,35.7200,127.2200,전북 완주군 남남동쪽 15km 지역,,피해예상 안됨. 상세분석 후 변경 가능,,=
3,201301020558,1,20130102055337.000,2.4,33.3300,127.2900,제주 서귀포시 성산 동쪽 39km 해역,,피해예상 안됨. 상세분석 후 변경 가능,,=
2,201301051819,5,20130105175819.000,7.7,55.2900,-134.7300,미국 알래스카주 크레이그 서쪽 102km 해역,,국내영향없음.\n위 자료는 미지질조사소(USGS) 분석결과임.,,=
2,201301071600,8,20130107154900.000,5.6,24.3800,122.9600,대만 타이베이 동남동쪽 164km 해역,,위 자료는 대만기상국(CWB) 분석결과임.,,=
3,201301151334,11,20130115133134.000,2.8,36.5900,129.7300,경북 영덕군 동북동쪽 38km 해역,,피해예상 안됨. 상세분석 후 변경 가능,,=
2,201301231337,22,20130123131800.000,5.1,41.5000,123.2000,중국 랴오닝성 선양시 남서쪽 40km 지역,,국내영향없음.\n위 자료는 중국지진국 분석결과임.\n,,=
3,201301260900,24,20130126085756.000,2.4,36.1100,127.7300,충북 영동군 남서쪽 9km 지역,,피해예상 안됨. 상세분석 후 변경 가능,,=
2,201301290211,37,20130129013853.000,6.0,42.6000,79.7000,카자흐스탄 알마티 동남동쪽 238km 지역,,국내영향없음.\n위 자료는 미지질조사소(USGS) 분석결과임.\n,,=
2,201301310531,45,20130131051541.000,6.7,-28.0800,-70.7300,칠레 코피아포 남남서쪽 90km 지역,,국내영향없음.\n위 자료는 미지질조사소(USGS) 분석결과임.\n,,=
2,201302022328,63,20130202231700.000,6.4,42.7000,143.3000,일본 훗카이도 구시로 서남서쪽 94km 지역,,국내영향없음.\n위 자료는 일본기상청(JMA) 분석결과임.\n,,=
3,201302040543,64,20130204053925.000,3.1,36.5500,128.9000,경북 안동시 동쪽 15km 지역,,피해예상 안됨. 상세분석 후 변경 가능,,=
3,201302052131,72,20130205212536.000,3.5,35.7700,127.9700,경남 거창군 북북동쪽 11km 지역,,이 지진정보는 자동계기분석 결과이며 상세분석 후 변경될 수 있음.\nKBS, MBC, SBS
2,201302061030,73,20130206101223.000,8.0,-10.7500,165.0900,솔로몬제도 키라키라 동쪽 347km 해역,,국내영향없음.\n위 자료는 미지질조사소(USGS) 분석결과임\n,,=
3,201302072211,74,20130207220729.000,2.2,35.7600,129.1300,경북 경주시 남서쪽 12km 지역,,피해예상 안됨. 상세분석 후 변경 가능,,=
2,201302082029,77,20130208201213.000,7.1,-10.9500,165.9350,솔로몬제도 키라키라 동쪽 441km 해역,,국내영향없음.\n위 자료는 미지질조사소(USGS) 분석결과임.\n,,=
2,201302090046,85,20130209002639.000,7.0,-10.9100,165.9640,솔로몬제도 키라키라 443km 해역,,국내영향없음.\n위 자료는 미지질조사소(USGS) 분석결과임.\n,,=
2,201302092334,88,20130209231606.000,7.0,1.1400,-77.3600,콜롬비아 파스토 남서쪽 11km 지역,,국내영향없음.\n위 자료는 미지질조사소(USGS) 분석결과임.\n,,=
2,201302142233,105,20130214221354.000,6.9,67.6800,142.4900,러시아 베르호얀스크 동쪽 384km 지역,,국내영향없음.\n위 자료는 미지질조사소(USGS) 분석결과임.\n,,=
2,201302192133,108,20130219212700.000,5.8,35.3000,141.2000,일본 지바현(혼슈) 지바 동남동쪽 105km 해역,,국내영향없음.\n위 자료는 일본기상청(JMA) 분석결과임.\n,,=
2,201302251631,109,20130225162300.000,6.2,36.9000,139.4000,일본 도치기현(혼슈) 우쓰노미야 북서쪽 58km 지역,,국내영향없음.\n위 자료는 일본기상청(JMA) 분석결과임.\n,,=
2,201303011251,110,20130301122948.000,5.5,21.7700,144.0400,일본 이오지마 남동쪽 436km 해역,,국내영향없음.\n위 자료는 일본기상청(JMA) 분석결과임.,,=
2,201303071300,110,20130307123647.000,5.6,24.2700,121.4300,대만 화련 북북서쪽 37km 지역,,국내영향없음.\n위 자료는 미지질조사소(USGS) 분석결과임.,,=
2,201303260845,111,20130326080214.000,6.2,14.6000,-90.4300,과테말라 산 호세 피눌라 북북서쪽 6km 지역,,국내영향없음.\n위 자료는 미지질조사소(USGS) 분석결과임.,,=
2,201303271126,126,20130327110320.000,6.0,23.8400,121.1400,대만 화련 서남서쪽 48km 지역,,국내영향없음.\n위 자료는 미지질조사소(USGS) 분석결과임.\n,,=
2,201304020400,139,20130402035300.000,6.1,39.5000,143.6000,일본 이와테현(혼슈) 모리오카 동쪽 211km 해역,,국내영향없음.\n위 자료는 일본기상청(JMA) 분석결과임.\n,,=
2,201304021116,140,20130402110900.000,5.6,39.5000,143.6000,일본 이와테현(혼슈) 모리오카 동쪽 211km 해역,,국내영향없음.\n위 자료는 일본기상청(JMA) 분석결과임.\n,,=
2,201304052221,153,20130405220002.000,6.2,42.7100,131.1000,러시아 자루비노 북쪽 9km 지역,,국내영향없음.\n위 자료는 미지질조사소(USGS) 분석결과임\n,,=
2,201304060957,168,20130406092955.000,5.6,42.7500,131.0400,러시아 자루비노 북쪽 12km 지역,,국내영향없음.\n위 자료는 미지질조사소(USGS) 분석결과임.\n,,=
2,201304061409,174,20130406134236.000,7.1,-3.5300,138.4600,인도네시아 자야푸라 남서쪽 274km 지역,,국내영향없음.\n위 자료는 미지질조사소(USGS) 분석결과임.\n,,=
2,201304092153,176,20130409205250.000,6.3,28.5000,51.5900,이란 반다르 부시에르 남동쪽 89km 지역,,국내영향없음.\n위 자료는 미지질조사소(USGS) 분석결과임.\n,,=
3,201304101310,182,20130410130716.000,2.2,36.5000,127.4400,충북 청원군 남남서쪽 16km 지역,,피해예상 안됨. 상세분석 후 변경 가능,,=
2,201304130539,188,20130413053300.000,6.0,34.4000,134.8000,일본 와카야마현(혼슈) 와카야마 서북서쪽 39km 지역,,국내영향없음.\n위 자료는 일본기상청(JMA) 분석결과임\n,,=
3,201304141618,189,20130414161620.000,2.3,38.2000,129.2900,강원 양양군 동북동쪽 60km 해역,,피해예상 안됨. 상세분석 후 변경 가능,,=
2,201304162011,191,20130416194413.000,7.8,28.0600,62.0800,이란 자헤단 남동쪽 201km 지역,,국내영향없음.\n위 자료는 미지질조사소(USGS) 분석결과임.\n,,=
2,201304170829,192,20130417075526.000,6.8,-3.1800,142.5100,파푸아뉴기니 아이타페 동남동쪽 18km 해안,,국내영향없음.\n위 자료는 미지질조사소(USGS) 분석결과임.\n,,=
2,201304171606,193,20130417155000.000,5.7,25.0000,123.1000,일본 오키나와 이시가키 북서쪽 100km 해역,,국내영향없음.\n위 자료는 일본기상청(JMA) 분석결과임.\n,,=
2,201304171648,194,20130417162600.000,5.5,25.0000,123.2000,일본 오키나와 이시가키 북서쪽 120km 해역,,국내영향없음.\n위 자료는 일본기상청(JMA) 분석결과임.\n,,=
2,201304171806,195,20130417175700.000,6.2,34.1000,139.4000,일본 시즈오카현(혼슈) 시즈오카 남동쪽 135km 해역,,국내영향없음.\n위 자료는 일본기상청(JMA) 분석결과임.\n,,=
2,201304172114,212,20130417210300.000,5.8,38.5000,141.6000,일본 미야기현(혼슈) 센다이 동북동쪽 69km 해역,,국내영향없음.\n위 자료는 일본기상청(JMA) 분석결과임.\n,,=
3,201304172137,218,20130417213338.000,2.3,36.5600,129.6100,경북 영덕군 북동쪽 27km 해역,,피해예상 안됨. 상세분석 후 변경 가능,,=
2,201304182326,225,20130418230800.000,5.9,25.1000,123.5000,일본 오키나와 이시가키 북서쪽 107km 해역,,국내영향없음.\n위 자료는 일본기상청(JMA) 분석결과임.\n,,=
2,201304191223,262,20130419120552.000,7.0,46.2000,150.9000,쿠릴열도 동북동쪽 258km 해역,,국내영향없음.\n위 자료는 미지질조사소(USGS) 분석결과임.,,=
3,201304192349,270,20130419234614.000,2.2,36.5500,129.6000,경북 영덕군 북동쪽 26km 해역,,피해예상 안됨. 상세분석 후 변경 가능,,=
2,201304200932,309,20130420090248.000,6.9,30.3100,102.9300,중국 쓰촨성 낙산현 북서쪽 111km 지역,,국내영향없음.\n위 자료는 미지질조사소(USGS) 분석결과임.,,=
3,201304210827,371,20130421082127.000,4.9,35.1600,124.5600,전남 신안군 흑산면 북서쪽 101km 해역,,피해예상 안됨. 상세분석 후 변경 가능,,=
2,201304211232,401,20130421122300.000,6.7,29.9000,139.6000,일본 도쿄 남쪽 643km 해역,,국내영향없음.\n위 자료는 일본기상청(JMA) 분석결과임.\n,,=
3,201304211824,421,20130421182114.000,2.4,35.1700,124.5700,전남 신안군 흑산면 북서쪽 100km 해역,,피해예상 안됨. 상세분석 후 변경 가능\n\n,,=
2,201304221848,435,20130422181156.000,5.0,42.8700,122.2800,중국 랴오닝성 선양시 북서쪽 150km 지역,,국내영향없음.\n위 자료는 미지질조사소(USGS) 분석결과임.\n,,=
3,201304280343,439,20130428033913.000,2.7,33.6500,127.2900,전남 여수시 거문도 남쪽 42km 해역,,피해예상 안됨. 상세분석 후 변경 가능\n,,=
2,201304292208,440,20130429220100.000,5.7,35.8000,141.3000,일본 이바라키현(혼슈) 미토 남동쪽 97km 해역,,국내영향없음.\n위 자료는 일본기상청(JMA) 분석결과임.\n,,=
3,201304300530,448,20130430052651.000,2.5,36.4700,129.6100,경북 영덕군 동북동쪽 23km 해역,,피해예상 안됨. 상세분석 후 변경 가능\n\n,,=
3,201304301100,450,20130430105826.000,2.0,36.4600,129.6300,경북 영덕군 동북동쪽 24km 해역,,피해예상 안됨. 상세분석 후 변경 가능\n\n,,=
2,201305020838,462,20130502081306.000,5.7,34.8000,141.6600,일본 지바현(혼슈) 지바 동남동쪽 167km 해역,,국내영향없음.\n위 자료는 미지질조사소(USGS) 분석결과임.\n,,=
2,201305111136,463,20130511110814.000,6.2,26.7800,57.8400,이란 미납 동남동쪽 85km 지역,,국내영향없음.\n위 자료는 미지질조사소(USGS) 분석결과임.\n,,=
2,201305140945,486,20130514093226.000,7.0,18.8000,145.4000,북마리아나제도 아그리한 서쪽 28km 해역,,국내영향없음.\n위 자료는 미지질조사소(USGS) 분석결과임.,,=
3,201305142022,496,20130514201754.000,2.8,37.7700,124.8000,인천 백령도 남남동쪽 23km 해역,,피해예상 안됨. 상세분석 후 변경 가능,,=
3,201305150836,498,20130515083412.000,2.6,37.7500,124.7900,인천 백령도 남남동쪽 25km 해역,,피해예상 안됨. 상세분석 후 변경 가능,,=
3,201305150850,497,20130515084810.000,2.7,37.7200,124.7700,인천 백령도 남남동쪽 27km 해역,,피해예상 안됨. 상세분석 후 변경 가능,,=
3,201305180303,509,20130518030058.000,3.5,37.6800,124.6000,인천 백령도 남남서쪽 31km 해역,,피해예상 안됨. 상세분석 후 변경 가능,,=
3,201305180705,510,20130518070224.000,4.9,37.6800,124.6300,인천 백령도 남쪽 31km 해역,,이 지진정보는 자동계기분석 결과이며 상세분석 후 변경될 수 있음.\nKBS, MBC, SBS
3,201305180726,511,20130518072413.000,2.2,37.6600,124.8300,인천 백령도 남남동쪽 35km 해역,,피해예상 안됨. 상세분석 후 변경 가능,,=
3,201305180728,512,20130518072610.000,3.3,37.6700,124.6600,인천 백령도 남쪽 31km 해역,,피해예상 안됨. 상세분석 후 변경 가능,,=
3,201305180757,513,20130518075429.000,2.4,37.7500,124.7700,인천 백령도 남남동쪽 24km 해역,,피해예상 안됨. 상세분석 후 변경 가능. 여진입니다.,,=
3,201305180917,514,20130518091310.000,2.4,37.6700,124.6200,인천 백령도 남쪽 32km 해역,,피해예상 안됨. 상세분석 후 변경 가능. 여진입니다.,,=
3,201305180936,516,20130518093242.000,2.5,37.6400,124.5700,인천 백령도 남남서쪽 36km 해역,,피해예상 안됨. 상세분석 후 변경 가능. 여진입니다.,,=
3,201305181149,523,20130518114515.000,3.9,37.6700,124.6100,인천 백령도 남쪽 32km 해역,,피해예상 안됨. 상세분석 후 변경 가능.여진입니다.,,=
3,201305181413,539,20130518140940.000,2.6,37.7100,124.6800,인천 백령도 남쪽 27km 해역,,피해예상 안됨. 상세분석 후 변경 가능. 여진입니다.,,=
2,201305181454,555,20130518144800.000,5.9,37.7000,141.6000,일본 미야기현(혼슈) 센다이 남동쪽 90km 해역,,국내영향없음.\n위 자료는 일본기상청(JMA) 분석결과임.\n,,=
3,201305181621,559,20130518161847.000,2.1,37.6700,124.6200,인천 백령도 남쪽 32km 해역,,피해예상 안됨. 상세분석 후 변경 가능. 여진입니다.,,=
3,201305190530,566,20130519052713.000,2.3,37.7300,124.7400,인천 백령도 남남동쪽 25km 해역,,피해예상 안됨. 상세분석 후 변경 가능,,=
3,201305211622,576,20130521161753.000,3.7,37.6600,124.7100,인천 백령도 남쪽 33km 해역,,피해예상 안됨. 상세분석 후 변경 가능,,=
2,201305211737,590,20130521172600.000,5.9,23.2000,123.8000,대만 타이베이 남동쪽 309km 해역,,국내영향없음.\n위 자료는 일본기상청(JMA) 분석결과임.,,=
3,201305222329,591,20130522232553.000,2.1,38.7500,128.8100,강원 고성군 북동쪽 51km 해역,,피해예상 안됨. 상세분석 후 변경 가능,,=
2,201305240234,594,20130524021904.000,7.4,-23.1000,-176.6000,통가 누쿠알로파 남남서쪽 261km 해역,,국내영향없음.\n위 자료는 미지질조사소(USGS) 분석결과임.,,=
2,201305241505,606,20130524144448.000,8.2,54.7000,153.4000,러시아 캄차카반도 북서쪽 390km 해역,,국내영향없음.\n위 자료는 미지질조사소(USGS) 분석결과임.\n,,=
2,201305261535,613,20130526150817.000,6.0,40.0100,67.3300,우즈베키스탄 지자흐 서남서쪽 45km 지역,,국내영향없음.\n위 자료는 미지질조사소(USGS) 분석결과임.\n,,=
2,201306021500,626,20130602144304.000,6.3,23.8700,121.0000,대만 타이베이 남남서쪽 135km 지역,,위 자료는 대만기상국(CWB) 분석결과임.,,=
3,201306051238,649,20130605123412.000,2.3,36.1900,126.1800,전북 군산시 어청도 동북동쪽 20km 해역,,피해예상 안됨. 상세분석 후 변경 가능,,=
2,201306080151,669,20130608013800.000,5.8,24.0000,122.6000,일본 오키나와 이시가키시 서남서쪽 160km 해역,,국내영향없음.\n위 자료는 일본기상청(JMA) 분석결과임.\n,,=
3,201306080601,678,20130608055659.000,2.7,35.1300,126.9600,광주 동구 동남동쪽 3km 지역,,피해예상 안됨. 상세분석 후 변경 가능,,=
3,201306101405,679,20130610140128.000,2.1,37.7100,124.7000,인천 백령도 남쪽 27km 해역,,피해예상 안됨. 상세분석 후 변경 가능,,=
2,201306132233,683,20130613222400.000,5.7,26.4000,129.0000,일본 오키나와현 오키나와 동쪽 133km 해역,,국내영향없음.\n위 자료는 일본기상청(JMA) 분석결과임.\n,,=
3,201306161951,684,20130616194743.000,2.1,36.1900,126.1500,전북 군산시 어청도 동북동쪽 18km 해역,,피해예상 안됨. 상세분석 후 변경 가능\n\n,,=
3,201306162215,685,20130616221227.000,2.5,36.2000,126.1600,전북 군산시 어청도 동북동쪽 19km 해역,,피해예상 안됨. 상세분석 후 변경 가능,,=
3,201306172033,686,20130617203105.000,2.3,36.2000,126.1600,전북 군산시 어청도 동북동쪽 19km 해역,,피해예상 안됨. 상세분석 후 변경 가능,,=
3,201306180234,687,20130618023115.000,2.3,36.2100,126.1800,전북 군산시 어청도 동북동쪽 21km 해역,,피해예상 안됨. 상세분석 후 변경 가능,,=
3,201306190154,688,20130619015225.000,2.3,36.2000,126.1600,전북 군산시 어청도 동북동쪽 19km 해역,,피해예상 안됨. 상세분석 후 변경 가능,,=
3,201306191605,693,20130619160242.000,2.6,36.1900,126.1600,전북 군산시 어청도 동북동쪽 19km 해역,,피해예상 안됨. 상세분석 후 변경 가능,,=
3,201306201239,696,20130620123557.000,2.4,39.2300,125.9500,평안남도 평성 동쪽 8km 지역,,피해예상 안됨. 상세분석 후 변경 가능,,=
3,201306211632,701,20130621162931.000,2.2,36.1900,126.1400,전북 군산시 어청도 동북동쪽 17km 해역,,피해예상 안됨. 상세분석 후 변경 가능,,=
3,201306212158,705,20130621215507.000,2.4,36.2000,126.1500,전북 군산시 어청도 동북동쪽 18km 해역,,피해예상 안됨. 상세분석 후 변경 가능,,=
3,201306220355,709,20130622035137.000,2.3,36.2000,126.1600,전북 군산시 어청도 동북동쪽 19km 해역,,피해예상 안됨. 상세분석 후 변경 가능,,=
3,201306221039,710,20130622103724.000,2.8,36.1900,126.1600,전북 군산시 어청도 동북동쪽 19km 해역,,피해예상 안됨. 상세분석 후 변경 가능,,=
3,201306221122,711,20130622111836.000,2.3,36.2300,126.1100,전북 군산시 어청도 북동쪽 17km 해역,,피해예상 안됨. 상세분석 후 변경 가능,,=
3,201306240531,715,20130624052838.000,2.3,36.2000,126.1700,전북 군산시 어청도 동북동쪽 20km 해역,,피해예상 안됨. 상세분석 후 변경 가능,,=
3,201306241829,717,20130624182633.000,2.1,38.0400,129.7500,강원 동해시 북동쪽 80km 해역,,피해예상 안됨. 상세분석 후 변경 가능,,=
3,201306271937,717,20130627193320.000,2.5,36.2000,126.1400,전북 군산시 어청도 동북동쪽 18km 해역,,피해예상 안됨. 상세분석 후 변경 가능,,=
2,201306290903,724,20130629085200.000,5.7,23.9000,122.2000,대만 타이베이 남남동쪽 143km 해역,,국내영향없음.\n위 자료는 일본기상청(JMA) 분석결과임.\n,,=
3,201306291336,726,20130629133248.000,2.3,36.2000,126.1700,전북 군산시 어청도 동북동쪽 20km 해역,,피해예상 안됨. 상세분석 후 변경 가능,,=
3,201307011132,728,20130701112454.000,3.0,38.7800,126.3600,황해북도 신계 북북서쪽 35km 지역,,피해예상 안됨. 상세분석 후 변경 가능,,=
2,201307021717,732,20130702163702.000,6.1,4.7000,96.6900,인도네시아 반다아체 남동쪽 179km 지역,,국내영향없음.\n위 자료는 미지질조사소(USGS) 분석결과임.\n,,=
2,201307080352,744,20130708033530.000,7.3,-3.8400,154.0400,파푸아뉴기니아 타론 동북동쪽 131km 해역,,국내영향없음.\n위 자료는 미지질조사소(USGS) 분석결과임.\n,,=
2,201307080551,745,20130708053007.000,6.8,-6.0200,149.7500,파푸아뉴기니 칸드리안 북동쪽 30km 지역,,국내영향없음.\n위 자료는 미지질조사소(USGS) 분석결과임.\n,,=
2,201307101432,746,20130710142200.000,5.0,39.6000,141.6000,일본 이와테현(혼슈) 동남동쪽 40km 지역,,국내영향없음.\n위 자료는 일본기상청(JMA) 분석결과임.\n,,=
3,201307130206,748,20130713020244.000,3.5,36.2000,126.1800,전북 군산시 어청도 동북동쪽 21km 해역,,피해예상 안됨. 상세분석 후 변경 가능,,=
3,201307150142,751,20130715013908.000,2.4,33.0500,125.4900,제주 제주시 고산 서남서쪽 68km 해역,,피해예상 안됨. 상세분석 후 변경 가능,,=
3,201307151948,753,20130715194440.000,2.9,35.5100,124.3200,전남 신안군 흑산면 북서쪽 142km 해역,,피해예상 안됨. 상세분석 후 변경 가능,,=
3,201307152011,753,20130715194439.000,2.5,36.2000,126.1500,전북 군산시 어청도 동북동쪽 18km 해역,,<수정 통보>\n2013년 7월 15일 19시 48분에 발표한 지진의 수정 통보임.\n위·경도 및 규모 변경 \n,,=
2,201307152329,754,20130715230344.000,7.2,-60.6000,-25.4000,칠레 푼타 아레나스 남동쪽 2,832km 해역,,국내영향없음.\n위 자료는 미지질조사소(USGS) 분석결과임.\n,
2,201307201513,756,20130720150600.000,5.6,36.3000,141.9000,일본 이바라키현(혼슈) 미토 동쪽 128km 해역,,국내영향없음.\n위 자료는 일본기상청(JMA) 분석결과임\n,,=
2,201307231223,760,20130723120200.000,5.2,37.1000,140.7000,일본 후쿠시마현(혼슈) 후쿠시마 남남동쪽 76km 지역,,국내영향없음.\n위 자료는 일본기상청(JMA) 분석결과임.\n,,=
3,201307231607,762,20130723160354.000,2.7,36.1900,126.1600,충남 보령시 서남서쪽 44km 해역,,피해예상 안됨. 상세분석 후 변경 가능,,=
3,201307261125,764,20130726112335.000,2.2,36.1900,126.1400,충남 보령시 서남서쪽 45km 해역,,피해예상 안됨. 상세분석 후 변경 가능,,=
2,201307271031,765,20130727100902.000,5.6,32.9800,141.6500,일본 도쿄 남남동쪽 350km 해역,,국내영향없음.\n위 자료는 미지질조사소(USGS) 분석결과임.\n,,=
3,201307280913,766,20130728091024.000,2.8,36.2000,126.1400,충남 보령시 서남서쪽 45km 해역,,피해예상 안됨. 상세분석 후 변경 가능,,=
3,201307291033,767,20130729102917.000,2.7,36.2000,126.1300,충남 보령시 서남서쪽 46km 해역,,피해예상 안됨. 상세분석 후 변경 가능,,=
3,201307301500,769,20130730145702.000,2.7,36.2100,126.1400,충남 보령시 서남서쪽 45km 해역,,피해예상 안됨. 상세분석 후 변경 가능,,=
3,201307312008,770,20130731200526.000,2.2,36.2100,126.1700,충남 보령시 서남서쪽 42km 해역,,피해예상 안됨. 상세분석 후 변경 가능,,=
3,201307312030,771,20130731202700.000,2.2,36.2000,126.1700,충남 보령시 서남서쪽 43km 해역,,피해예상 안됨. 상세분석 후 변경 가능,,=
3,201307312234,772,20130731223022.000,3.0,36.2000,126.1500,충남 보령시 서남서쪽 44km 해역,,피해예상 안됨. 상세분석 후 변경 가능,,=
3,201308010102,773,20130801005745.000,2.6,36.2000,126.1600,충남 보령시 서남서쪽 43km 해역,,피해예상 안됨. 상세분석 후 변경 가능,,=
3,201308011726,774,20130801172237.000,3.1,36.1900,126.1700,충남 보령시 서남서쪽 43km 해역,,피해예상 안됨. 상세분석 후 변경 가능,,=
2,201308041240,777,20130804122900.000,6.0,38.1000,141.8000,일본 미야기현(혼슈) 센다이 동남동쪽 83km 해역,,국내영향없음.,,
3,201308042001,778,20130804195828.000,2.3,36.2000,126.1600,충남 보령시 서남서쪽 43km 해역,,피해예상 안됨. 상세분석 후 변경 가능,,=
3,201308072112,779,20130807210846.000,2.0,36.1900,126.0800,충남 보령시 서남서쪽 51km 해역,,피해예상 안됨. 상세분석 후 변경 가능,,=
3,201308101247,782,20130810124318.000,2.6,35.9000,129.7500,경북 포항시 남구 동남동쪽 37km 해역,,피해예상 안됨. 상세분석 후 변경 가능,,=
3,201308110429,783,20130811041936.000,2.3,38.4800,126.1300,황해북도 평산 북서쪽 28km 지역,,피해예상 안됨. 상세분석 후 변경 가능,,=
3,201308120437,786,20130812043348.000,3.1,35.6600,129.7500,울산 동구 동북동쪽 35km 해역,,피해예상 안됨. 상세분석 후 변경 가능,,=
3,201308120443,787,20130812043934.000,2.3,35.6600,129.7700,울산 동구 동북동쪽 36km 해역,,피해예상 안됨. 상세분석 후 변경 가능,,=
3,201308130006,788,20130813000130.000,2.1,36.9200,129.4400,경북 울진군 남남동쪽 8km 해역,,피해예상 안됨. 상세분석 후 변경 가능,,=
3,201308130040,789,20130813003647.000,3.0,36.9100,129.4400,경북 울진군 남남동쪽 10km 해역,,피해예상 안됨. 상세분석 후 변경 가능,,=
2,201308161149,790,20130816113111.000,6.8,-41.8000,174.2000,뉴질랜드 블레넘 남남동쪽 37km 지역,,국내영향없음.,,
2,201308212202,791,20130821213833.000,6.1,17.0100,-99.3600,멕시코 멕시코시티 남쪽 268km 지역,,국내영향없음.,,
3,201308290840,794,20130829083523.000,2.5,38.1900,129.3000,강원 강릉시 북동쪽 60km 해역,,피해예상 안됨. 상세분석 후 변경 가능,,=
2,201308310151,796,20130831012503.000,7.0,51.7100,175.3700,알래스카 아닥 동남동쪽 91km 해역,,국내영향없음.,,
3,201309021211,797,20130902115200.000,5.8,42.3000,133.9000,러시아 블라디보스톡 남동쪽 188km 해역,,국내영향없음.,,
2,201309040935,798,20130904091900.000,6.9,29.8000,139.0000,일본 도쿄 남쪽 654km 해역,,국내영향없음.,,
3,201309111304,799,20130911130031.000,4.0,33.5600,125.3900,전남 신안군 가거도 남남동쪽 60km 해역,,피해예상 안됨. 상세분석 후 변경 가능,,=
3,201309141736,800,20130914173335.000,2.2,36.2000,126.1600,충남 보령시 서남서쪽 43km 해역,,피해예상 안됨. 상세분석 후 변경 가능,,=
3,201309151320,801,20130915131636.000,2.3,36.5500,129.2300,경북 영양군 남동쪽 16km 지역,,피해예상 안됨. 상세분석 후 변경 가능,,=
2,201309200231,803,20130920022500.000,5.8,37.1000,140.7000,일본 후쿠시마현(혼슈) 후쿠시마 남남동쪽 76km 지역,,국내영향없음.,,
2,201309242057,804,20130924202949.000,7.4,27.0300,65.5200,파키스탄 아와란 북북동쪽 69km 지역,,국내영향없음.,,
2,201309281655,806,20130928163407.000,6.8,27.2600,65.5900,파키스탄 아와란 북북동쪽 96km 지역,,국내영향없음.,,
3,201310101311,809,20131010130811.000,2.6,35.3600,128.2300,경남 의령군 북서쪽 5km 지역,,피해예상 안됨. 상세분석 후 변경 가능,,=
3,201310111610,811,20131011160625.000,3.6,36.4600,129.6100,경북 영덕군 동북동쪽 22km 해역,,피해예상 안됨. 상세분석 후 변경 가능,,=
2,201310150927,812,20131015091238.000,7.2,9.7600,124.1700,필리핀 타그빌라란 북동쪽 33km 지역,,국내영향없음.,,
2,201310161948,813,20131016193105.000,7.1,-6.6000,154.9000,파푸아뉴기니 팡구나 서남서쪽 71km 해역,,국내영향없음.,,
3,201310190019,814,20131019001627.000,2.0,35.9600,128.0600,경북 김천시 남쪽 20km 지역,,피해예상 안됨. 상세분석 후 변경 가능,,=
2,201310260225,815,20131026021000.000,6.8,37.2000,144.6000,일본 도쿄 동북동쪽 474km 해역,,국내영향없음.,,
3,201310260650,816,20131026064737.000,2.9,37.9200,124.4100,인천 백령도 서쪽 24km 해역,,피해예상 안됨. 상세분석 후 변경 가능,,=
2,201310272203,817,20131027213956.000,4.0,32.4800,125.5600,중국 상해 동북동쪽 410km 해역,,KBS, MBC, SBS
2,201310300546,825,20131030051750.000,5.1,43.1900,130.9800,중국 연변 동북동쪽 125km 지역,,국내영향없음.,,
2,201310311229,826,20131031120335.000,5.4,44.6400,124.0800,중국 지린성 북서쪽 135km 지역,,국내영향없음.,,
2,201310312123,827,20131031210209.000,6.3,23.5500,121.4200,대만 화롄 남남서쪽 53km 지역(타이베이 남쪽 170km),,위 자료는 대만기상국(CWB) 분석결과임.,,=
2,201311031432,828,20131103142500.000,5.0,36.0000,140.2000,일본 지바현(혼슈) 지바 북쪽 45km 지역,,국내영향없음.,,
3,201311081918,829,20131108191444.000,2.6,36.2300,126.3600,충남 보령시 서남서쪽 25km 해역,,피해예상 안됨. 상세분석 후 변경 가능,,=
3,201311082106,830,20131108210241.000,3.0,36.2400,126.3600,충남 보령시 서남서쪽 25km 해역,,피해예상 안됨. 상세분석 후 변경 가능,,=
2,201311100744,831,20131110073800.000,5.5,36.0000,140.1000,일본 지바현(혼슈) 지바 북쪽 44km 지역,,국내영향없음.,,
3,201311101632,833,20131110162854.000,2.0,37.6600,124.6700,인천 백령도 남쪽 33km 해역,,피해예상 안됨. 상세분석 후 변경 가능,,=
2,201311162052,834,20131116204400.000,5.4,35.6000,140.2000,일본 지바현(혼슈) 지바 동쪽 9km 지역,,국내영향없음.,,
3,201311162247,835,20131116223245.000,2.1,38.5100,125.6600,북한 황해북도 사리원 서쪽 9km 지역,,피해예상 안됨. 상세분석 후 변경 가능,,=
2,201311171832,836,20131117180457.000,7.8,-60.1000,-46.0000,아르헨티나 우수아이아 동남동쪽 1,453km 해역,,국내영향없음.,
2,201311190428,838,20131119041100.000,5.7,34.4000,137.1000,일본 혼슈 아이치현 나고야 남쪽 89km 해역,,국내영향없음.,,
3,201311202115,839,20131120210711.000,2.1,38.4700,126.1700,황해북도 평산 북서쪽 25km 지역,,피해예상 안됨. 상세분석 후 변경 가능,,=
2,201311221750,840,20131122171800.000,5.3,44.7000,124.1000,중국 길림성 창춘시 북서쪽 138km 지역,,국내영향없음,,
3,201311222334,842,20131122232917.000,2.1,36.9900,126.4000,충남 서산시 북북서쪽 24km 지역,,피해예상 안됨. 상세분석 후 변경 가능,,=
2,201311230735,843,20131123070425.000,5.5,44.5700,124.0000,중국 길림성 창춘시 북서쪽 125km 지역,,국내영향없음.,,
3,201311260228,844,20131126022602.000,2.1,37.1200,128.1100,충북 제천시 서남서쪽 10km 지역,,피해예상 안됨. 상세분석 후 변경 가능,,=
3,201312022014,845,20131202200258.000,2.8,38.5600,126.1000,황해북도 사리원 동북동쪽 30km 지역,,피해예상 안됨. 상세분석 후 변경 가능,,=
2,201312031824,846,20131203181700.000,5.5,36.6000,141.6000,일본 이바라키현(혼슈) 미토 동북동쪽 104km 해역,,국내영향없음.,,
3,201312032102,847,20131203210039.000,2.5,35.6400,128.7200,경북 청도군 서남서쪽 2km 지역,,피해예상 안됨. 상세분석 후 변경 가능,,=
3,201312040638,848,20131204062812.000,2.2,38.4700,125.9400,황해북도 사리원 동남동쪽 16km 지역,,피해예상 안됨. 상세분석 후 변경 가능,,=
3,201312081643,849,20131208163825.000,2.8,33.4400,125.0900,제주 제주시 고산 서쪽 101km 해역,,피해예상 안됨. 상세분석 후 변경 가능,,=
3,201312131143,851,20131213114010.000,2.5,36.1000,129.0400,경북 영천시 북북동쪽 17km 지역,,피해예상 안됨. 상세분석 후 변경 가능,,=
2,201312141313,852,20131214130600.000,5.5,35.6000,140.8000,일본 지바현(혼슈) 지바 동쪽 63km 해역,,국내영향없음.,,
2,201312161430,853,20131216140400.000,5.1,31.1000,110.4000,중국 후베이성 이창시 서북서 97km 지역,,국내영향없음,,
3,201312191241,856,20131219123825.000,2.4,38.1500,127.0800,경기 연천군 북쪽 6km 지역,,피해예상 안됨. 상세분석 후 변경 가능,,=
2,201312210119,858,20131221011000.000,5.3,36.0000,140.2000,일본 도쿄 북동쪽 57km 지역,,국내영향없음.,,
2,201312231611,859,20131223155700.000,5.7,35.7000,142.2000,일본 이바라키현(혼슈) 미토 동남동쪽 172km 해역,,국내영향없음.,,
2,201312231838,860,20131223182500.000,5.8,35.7000,142.3000,일본 이바라키현(혼슈) 미토 동남동쪽 180km 해역,,국내영향없음.,,
2,201312311011,861,20131231100300.000,5.4,36.7000,140.7000,일본 이바라키현(혼슈) 미토 북북동쪽 42km 지역,,국내영향없음.,,
2,201401070408,1,20140107034939.000,6.1,25.3600,123.1900,대만 타이베이 동북동쪽 176km 해역,,국내영향없음,,
2,201401090332,2,20140109031500.000,5.6,24.6000,123.5000,일본 오키나와 이시가키 북서쪽 70km 해역,,국내영향없음.,,
2,201401201211,3,20140120115244.000,6.3,-40.6500,175.8600,뉴질랜드 웰링턴 북동쪽 115km 지역,,국내영향없음.,,
2,201401262326,4,20140126225543.000,6.0,38.2100,20.4300,그리스 아테네 서쪽 289km 지역(케팔로니아 섬),,국내영향없음.,,
3,201401290611,5,20140129060844.000,2.2,36.2300,128.8000,경북 의성군 남동쪽 16km 지역,,피해예상 안됨. 상세분석 후 변경 가능,,=
3,201402052309,6,20140205230557.000,2.8,38.3800,124.1900,북한 황해남도 용연군 장산곶 북서쪽 52km 해역,,피해예상 안됨. 상세분석 후 변경 가능,,=
2,201402060246,7,20140206023200.000,5.6,38.6000,142.4000,일본 미야기현(혼슈) 센다이 동북동쪽 138km 해역,,국내영향없음.,,
2,201402121843,9,20140212181949.000,6.8,35.9200,82.5600,중국 호탄 동남동쪽 269km 지역,,국내영향없음.,,
3,201402212119,10,20140221211721.000,2.3,35.0500,127.7400,전남 광양시 북북동쪽 13km 지역,,피해예상 안됨. 상세분석 후 변경 가능,,=
3,201402222103,12,20140222204425.000,2.3,38.3400,124.5400,북한 황해남도 용연군 장산곶 북북서쪽 27km 해역,,피해예상 안됨. 상세분석 후 변경 가능,,=
3,201402280334,13,20140228032006.000,2.3,38.6600,125.0700,남포(북한) 서남서쪽 34km 해역,,피해예상 안됨. 상세분석 후 변경 가능,,=
2,201403030522,14,20140303051100.000,6.6,27.4000,127.4000,일본 오키나와현 오키나와 북북서쪽 125km 해역,,국내영향없음.\n위 자료는 일본기상청(JMA) 분석결과임.\n,,=
3,201403111144,16,20140311113943.000,2.7,35.8600,128.4700,대구 달성군 서북서쪽 9km 지역,,피해예상 안됨. 상세분석 후 변경 가능,,=
2,201403140216,19,20140314020700.000,6.1,33.7000,131.9000,일본 오이타현(규슈) 오이타 북북동쪽 58km 해역,,위 자료는 일본기상청(JMA) 분석결과임.,,=
3,201403141312,20,20140314125927.000,2.5,39.4100,126.0900,북한 평안남도 성천 북북서쪽 21km 지역,,피해예상 안됨. 상세분석 후 변경 가능,,=
2,201403151823,21,20140315175920.000,6.2,-14.0600,-76.2300,페루 파라카스 남남동쪽 21km 지역,,국내영향없음.\n위 자료는 미지질조사소(USGS) 분석결과임.\n,,=
2,201403170643,22,20140317061633.000,7.0,-19.8400,-70.5700,칠레 이퀴크 북서쪽 61km 해역,,국내영향없음.\n위 자료는 미지질조사소(USGS) 분석결과임.\n,,=
2,201403192134,23,20140319211927.000,5.6,24.0500,122.2700,대만 타이베이 남동쪽 133km 해역,,국내영향없음.\n위 자료는 대만기상국(CWB) 분석결과임.,,=
3,201403281044,24,20140328104044.000,2.6,36.4700,127.9200,경북 상주시 서북서쪽 23km 지역,,피해예상 안됨. 상세분석 후 변경 가능,,=
3,201404010453,26,20140401044835.000,5.1,36.9500,124.5000,충남 태안군 서격렬비도 서북서쪽 100km 해역,,피해예상 안됨. 상세분석 후 변경 가능.,,=
3,201404010928,27,20140401092512.000,2.3,36.9500,124.5000,충남 태안군 서격렬비도 서북서쪽 100km 해역,,피해예상 안됨. 상세분석 후 변경 가능,,=
2,201404020906,28,20140402084648.000,8.0,-19.8000,-70.8000,칠레 이키케 북서쪽 83km 해역,,국내영향없음.\n위 자료는 미지질조사소(USGS) 분석결과임.\n,,=
2,201404030832,33,20140403082200.000,5.3,39.2000,141.8000,일본 이와테현(혼슈) 모리오카 남동쪽 79km 지역,,국내영향없음.\n위 자료는 일본기상청(JMA) 분석결과임\n,,=
2,201404031208,35,20140403114318.000,7.4,-20.5000,-70.4000,칠레 이키케 남서쪽 40km 해역,,국내영향없음.위자료는 미지질조사소(USGS) 분석결과임.\n* 이 지진은 4월 2일 8시 46분경 칠레 이키케 북서쪽 83km 해역에서 발생한 지진의 여진임.,,=
3,201404080622,36,20140408061916.000,2.6,37.0400,124.6200,충남 태안군 서격렬비도 서북서쪽 95km 해역,,피해예상 안됨. 상세분석 후 변경 가능\n,,=
2,201404110912,37,20140411082746.000,6.1,12.5400,-86.4700,니카라과 라레이나가 남동쪽 18km 지역,,국내영향없음.\n위 자료는 미지질조사소(USGS) 분석결과임\n,,=
2,201404111621,38,20140411160723.000,7.3,-6.6000,155.1000,파푸아뉴기니 팡구나 남서쪽 52km 해역,,국내영향없음.\n위 자료는 미지질조사소(USGS) 분석결과임.,,=
3,201404120148,39,20140412014448.000,2.4,33.5200,126.9000,제주 제주시 동쪽 34km 지역,,피해예상 안됨. 상세분석 후 변경 가능,,=
2,201404120544,40,20140412052911.000,6.6,11.6000,-86.1000,니카라과 난다이메 남남서쪽 18km 지역,,국내영향없음.\n위 자료는 미지질조사소(USGS) 분석결과임.\n,,=
2,201404130529,41,20140413051437.000,8.3,-11.3400,162.3400,솔로몬제도 키라키라 남남동쪽 108km 해역,,국내영향없음.\n위 자료는 미지질조사소(USGS) 분석결과임.\n,,=
3,201404131406,42,20140413140202.000,2.8,36.9800,124.5100,충남 태안군 서격렬비도 서북서쪽 100km 해역,,피해예상 안됨. 상세분석 후 변경 가능,,=
2,201404132154,44,20140413213618.000,7.7,-11.4800,162.0600,솔로몬제도 키라키라 남쪽 114km 해역,,국내영향없음.\n위 자료는 미지질조사소(USGS) 분석결과임.,,=
2,201404182349,48,20140418232729.000,7.5,17.5500,-100.9000,멕시코 아카풀코 북서쪽 130km 지역,,국내영향없음.\n위 자료는 미지질조사소(USGS) 분석결과임.\n,,=
2,201404192245,49,20140419222800.000,7.8,-6.7000,155.0000,파푸아뉴기니 팡구나 남서쪽 68km 해역,,국내영향없음.\n위 자료는 미지질조사소(USGS) 분석결과임.,,=
3,201404251217,56,20140425121439.000,2.3,35.9700,128.0400,경북 김천시 남남서쪽 19km 지역,,피해예상 안됨. 상세분석 후 변경 가능,,=
2,201405050528,58,20140505051800.000,6.2,35.0000,139.4000,일본 도쿄 남남서쪽 80km 해역,,국내영향없음.,,
2,201405052034,59,20140505200843.000,6.0,19.7000,99.6800,태국 치앙라이 남서쪽 27km,,국내영향없음.,,
2,201405090216,63,20140509020016.000,6.8,17.2000,-100.8000,멕시코 테크판 데 갈레아나 서남서쪽 13 km 지역,,국내영향없음.,,
2,201405101659,72,20140510163603.000,6.0,17.2600,-100.7500,멕시코 테크판 데 갈레아나 서쪽 14km 지역,,국내영향없음.,,
3,201405150851,73,20140515084649.000,3.5,32.9400,126.0700,제주 제주시 고산 남남서쪽 40km 해역,,피해예상 안됨. 상세분석 후 변경 가능,,=
2,201405210945,74,20140521092114.000,5.9,23.7400,121.4500,대만 화롄 남남서쪽 33km 지역,,국내영향없음,,
2,201405301102,75,20140530102015.000,5.9,24.9800,97.8700,중국 잉장현 북북서쪽 35 km 지역,,국내영향없음.,,
3,201406051333,76,20140605132911.000,2.3,35.9700,128.6200,대구 동구 북쪽 10km 지역,,피해예상 안됨. 상세분석 후 변경 가능,,=
2,201406071359,78,20140607134334.000,6.0,67.8800,-162.3800,알라스카 노아턱 북동쪽 42km 지역,,국내영향없음.,,
3,201406080409,79,20140608040531.000,2.6,33.5200,125.9600,제주 제주시 고산 북서쪽 31km 해역,,피해예상 안됨. 상세분석 후 변경 가능.,,=
2,201406081431,82,20140608142400.000,5.2,39.1000,141.8000,일본 이와테현(혼슈) 모리오카 남동쪽 87km 지역,,국내영향없음.,,
2,201406150239,96,20140615023100.000,5.5,39.4000,141.1000,일본 이와테현(혼슈) 모리오카 남쪽 34km 지역,,국내영향없음.,,
2,201406160329,97,20140616031900.000,5.6,36.6000,141.9000,일본 이바라키현(혼슈) 미토 동쪽 130km 해역,,국내영향없음.,,
2,201406160523,98,20140616051400.000,5.8,37.1000,141.2000,일본 후쿠시마현(혼슈) 후쿠시마 남동쪽 98km 해역,,국내영향없음.,,
2,201406162128,99,20140616210111.000,6.1,67.7000,-162.0000,알라스카 노아턱 동북동쪽 31km 지역,,국내영향없음.,,
3,201406181002,101,20140618095921.000,2.1,35.9100,128.6600,대구 동구 북동쪽 4km 지역,,피해예상 안됨. 상세분석 후 변경 가능.,,=
3,201406210844,102,20140621082930.000,2.6,38.7700,125.8900,황해북도 송림 동쪽 22km 지역,,피해예상 안됨. 상세분석 후 변경 가능.,,=
2,201406240439,103,20140624041916.000,7.2,-30.1000,-177.0000,뉴질랜드 라울섬 남동쪽 126km 해역,,국내영향없음.,,
2,201406240616,104,20140624055310.000,8.0,51.8000,178.7600,알라스카 리틀 시트킨섬 남동쪽 24km 해역,,국내영향없음.,,
2,201406291516,105,20140629145600.000,6.2,24.6000,142.2000,일본 이오지마 동남동쪽 91km 해역,,국내영향없음.,,
2,201406291724,106,20140629165257.000,7.1,-55.5600,-28.5700,아르헨티나 우수아이아 동남동쪽 2,497km 해역,,국내영향없음.,
2,201407010506,116,20140701045600.000,6.1,28.5000,139.5000,일본 도쿄 남쪽 800km 해역,,국내영향없음.,,
3,201407032200,119,20140703215711.000,3.5,35.6600,129.7600,울산 동구 동북동쪽 35km 해역,,피해예상 안됨. 상세분석 후 변경 가능,,=
3,201407032210,123,20140703220437.000,2.6,35.6600,129.8200,울산 동구 동북동쪽 40km 해역,,피해예상 안됨. 상세분석 후 변경 가능.,,=
3,201407040015,129,20140704001151.000,2.5,35.6500,129.8100,울산 동구 동북동쪽 39km 해역,,피해예상 안됨. 상세분석 후 변경 가능.,,
3,201407040417,141,20140704041315.000,2.9,35.6600,129.7800,울산 동구 동북동쪽 37km 해역,,피해예상 안됨. 상세분석 후 변경 가능.,,
3,201407040630,143,20140704062726.000,2.2,34.5100,125.4100,전남 신안군 흑산면 남남서쪽 17km 해역,,피해예상 안됨. 상세분석 후 변경 가능.,,=
2,201407050752,149,20140705074200.000,5.8,39.7000,142.2000,일본 후쿠시마현 후쿠시마 북동쪽 263km 해역,,국내영향없음.,,
2,201407072044,150,20140707202358.000,7.1,14.8000,-92.6000,멕시코 마자탄 서남서쪽 17km 해역,,국내영향없음.,,
2,201407081822,151,20140708180500.000,5.8,42.7000,141.3000,일본 홋카이도 삿포로 남쪽 40km 지역,,국내영향없음.,,
2,201407120434,156,20140712042200.000,6.8,37.0000,142.6000,일본 이바라키현(혼슈) 미토 동북동쪽 203km 해역,,국내영향없음.,,
2,201407210344,165,20140721033300.000,6.2,44.7000,148.3000,일본 홋카이도 구시로 동북동쪽 368km 영역,,국내영향없음.,,
2,201407292012,166,20140729194615.000,6.3,17.8400,-95.5200,멕시코 아카유칸 서쪽 65km 지역,,국내영향없음.,,
3,201408020135,167,20140802013227.000,2.2,37.4000,127.2000,경기 광주시 서남서쪽 5km 지역,,피해예상 안됨. 상세분석 후 변경 가능.,,=
2,201408030940,169,20140803092159.000,7.2,0.9000,146.2000,파푸아뉴기니 로렌가우 북북서쪽 334km 해역,,국내영향없음.,,
2,201408031754,170,20140803173013.000,6.1,27.2500,103.4300,중국 웬핑 서북서쪽 11km 지역,,국내영향없음.,,
3,201408050636,177,20140805061640.000,2.5,40.0500,127.4400,함경남도 신흥 동북동쪽 3km 지역,,피해예상 안됨. 상세분석 후 변경 가능.,,=
2,201408101253,178,20140810124300.000,6.1,41.1000,142.3000,일본 아오모리현(혼슈) 아오모리 동북동쪽 134km 해역,,국내영향없음.,,
3,201408101815,180,20140810180705.000,2.1,38.1600,126.6400,개성(북한) 북북동쪽 22km 지역,,피해예상 안됨. 상세분석 후 변경 가능.,,=
3,201408160056,181,20140816005142.000,2.1,33.5900,126.5800,제주 제주시 북북동쪽 11km 해역,,피해예상 안됨. 상세분석 후 변경 가능.,,=
3,201408180516,184,20140818051355.000,2.1,36.5700,125.6400,충남 태안군 서격렬비도 동남동쪽 10km 해역,,피해예상 안됨. 상세분석 후 변경 가능.,,=
2,201408181157,185,20140818113205.000,6.2,32.7400,47.6700,이란 압다난 남동쪽 36km 지역,,국내영향없음.,,
2,201408181503,186,20140818142550.000,6.0,32.6500,47.7500,이란 압다난 남동쪽 48km 지역,,국내영향없음.,,
3,201408212234,188,20140821223043.000,2.7,33.8700,127.8300,전남 여수시 거문도 동남동쪽 51km 해역,,피해예상 안됨. 상세분석 후 변경 가능.,,=
2,201408240759,189,20140824073223.000,6.6,-32.7000,-71.3900,칠레 산티아고 북서쪽 108km 지역,,국내영향없음.,,
2,201408241940,190,20140824192044.000,6.0,38.2100,-122.3200,미국 샌프란시스코 북북동쪽 50km 지역,,국내영향없음.,,
2,201408250833,191,20140825082141.000,6.8,-15.0400,-74.0300,페루 나즈카 동남동쪽 101km 지역,,국내영향없음.,,
2,201408290422,193,20140829041400.000,6.1,32.1000,132.2000,일본 미야자키현(규슈) 미야타키 동북동쪽 77km 해역,,국내영향없음.,,
2,201409031631,194,20140903162400.000,5.2,36.9000,139.5000,일본 도치기현(혼슈) 우쓰노미야 북서쪽 51km 지역,,국내영향없음.,,
3,201409090028,197,20140909002400.000,2.2,35.6800,129.3800,경북 경주시 남동쪽 23km 지역,,피해예상 안됨. 상세분석 후 변경 가능.,,=
2,201409161236,198,20140916122800.000,5.6,36.1000,139.9000,일본 도쿄 북동쪽 50km 지역,,국내영향없음.,,
2,201409171527,199,20140917151449.000,7.1,13.7400,144.5400,괌 하갓냐 북서쪽 37km 해역,,국내영향없음.,,
3,201409231530,201,20140923152758.000,3.5,35.8000,129.4100,경북 경주시 동남동쪽 18km 지역,,피해예상 안됨. 상세분석 후 변경 가능.,,=
2,201409242039,203,20140924201612.000,6.2,-23.8500,-66.5500,아르헨티나 산살바도르 서북서쪽 133km 지역,,국내영향없음.,,
3,201409250231,208,20140925022643.000,3.8,35.0700,129.9400,울산 동구 남동쪽 67km 해역,,피해예상 안됨,,=
2,201409260315,209,20140926025117.000,6.2,61.9700,-151.7900,미국 알래스카 앵커리지 북서쪽 130km 지역,,국내영향없음.,,
3,201409282138,211,20140928213244.000,3.2,37.2400,126.4400,인천 옹진군 남서쪽 30km 지역,,이 지진정보는 자동계기분석 결과이며 상세분석 후 변경될 수 있음.,,
3,201410011636,212,20141001163410.000,2.2,36.6700,125.4400,충남 태안군 서격렬비도 북서쪽 11km 해역,,피해예상 안됨,,=
2,201410031006,213,20141003095700.000,5.5,40.2000,142.6000,일본 이와테현(혼슈) 모리오카 동북동쪽 135km 해역,,국내영향없음.,,
3,201410070200,215,20141007015716.000,3.0,33.2500,125.9500,제주 제주시 고산 서남서쪽 20km 해역,,피해예상 안됨,,=
2,201410072329,216,20141007224940.000,6.0,23.4100,100.5200,중국 린창시 남동쪽 70km 지역,,위 자료는 미지질조사소(USGS) 분석결과임.,,=
2,201410111144,217,20141011113600.000,6.1,41.0000,143.2000,일본 아오모리현(혼슈) 아오모리 동쪽 207km 해역,,국내영향없음.,,
2,201410111429,218,20141011142000.000,5.6,40.9000,143.2000,일본 아오모리현(혼슈) 아오모리 동쪽 206km 해역,,국내영향없음.,,
3,201410112213,219,20141011221130.000,2.3,37.7300,129.4300,강원 동해시 북동쪽 36km 해역,,피해예상 안됨,,=
2,201410141323,220,20141014125138.000,7.4,12.6100,-88.0700,엘살바도르 인티푸카 남쪽 64km 해역,,국내영향없음.,,
2,201410160902,222,20141016085300.000,5.9,32.1000,140.7000,일본 가나가와현(혼슈) 요코하마 남남동쪽 384km 해역,,국내영향없음.,,
3,201410191959,225,20141019195717.000,2.2,36.4400,128.2000,경북 상주시 북동쪽 5km 지역,,피해예상 안됨,,=
3,201410202118,226,20141020211529.000,2.2,33.6800,125.8800,제주 제주시 고산 북북서쪽 50km 해역,,피해예상 안됨,,=
3,201410210635,228,20141021063322.000,2.3,35.2100,129.4900,부산 기장군 동쪽 24km 해역,,피해예상 안됨,,=
2,201410220925,230,20141022091500.000,5.5,27.4000,128.7000,일본 오키나와현 오키나와 북동쪽 166km 해역,,국내영향없음.,,
3,201410241404,233,20141024140022.000,2.2,34.6700,128.7500,경남 통영시 매물도 동쪽 16km 해역,,피해예상 안됨,,=
3,201410281910,234,20141028190707.000,2.2,37.9900,125.3900,황해남도 옹진 북북동쪽 7km 지역,,피해예상 안됨,,=
3,201411060427,235,20141106042516.000,2.3,37.2300,126.4400,인천 옹진군 남서쪽 31km 해역,,피해예상 안됨,,=
3,201411061452,237,20141106144849.000,2.3,33.3400,125.8900,제주 제주시 고산 서북서쪽 26km 해역,,피해예상 안됨.,,=
3,201411150338,238,20141115033139.000,2.3,38.7800,126.3400,황해북도 신계 북북서쪽 36km 지역,,피해예상 안됨,,=
2,201411151146,239,20141115113139.000,7.3,1.9400,126.6500,인도네시아 테르나테 북북서쪽 150km 해역,,국내영향없음.,,
2,201411222215,241,20141122220800.000,6.8,36.7000,137.9000,일본 나가노현(혼슈) 나가노 서북서쪽 27km 지역,,국내영향없음.,,
2,201411262350,244,20141126233347.000,7.0,1.9000,126.6000,인도네시아 테르나테 북서쪽 150km 해역,,국내영향없음.,,
2,201412060112,246,20141206010200.000,5.1,35.5000,135.7000,일본 교토부(혼슈) 교토 북쪽 55km 지역,,국내영향없음.,,
3,201412080532,249,20141208052857.000,3.3,34.7500,127.1700,전남 보성군 동남동쪽 8km 지역,,피해예상 안됨,,=
3,201412101038,250,20141210102039.000,2.9,39.6800,124.7900,평안북도 철산 남동쪽 14km 해역,,자연지진임.,,=
2,201412110618,251,20141211060338.000,6.8,25.7000,122.1700,대만 타이베이 북동쪽 104km 해역,,국내영향없음,,
3,201412150932,252,20141215090800.000,2.1,39.1000,126.6000,평안남도 양덕 남남서쪽 12km 지역,,자연지진으로 분석됨,,=
2,201412201839,253,20141220183000.000,5.8,37.4000,141.6000,일본 후쿠시마현 후쿠시마 동남동쪽 107km 해역,,국내영향없음.,,
3,201412242036,254,20141224203319.000,2.1,35.8900,127.3300,전북 완주군 동쪽 15km 지역,,피해예상 안됨,,=
2,201412250840,255,20141225080600.000,5.5,37.2000,141.6000,일본 후쿠시마현(혼슈) 후쿠시마 동남동쪽 117km 해역,,국내영향없음.,,
3,201412301539,256,20141230153634.000,2.6,35.2500,124.7700,전남 신안군 흑산면 북서쪽 92km 해역,,피해예상 안됨,,=
3,201501061335,1,20150106130640.000,2.6,38.4300,126.2800,황해북도 평산 북서쪽 15km 지역,,피해예상 안됨,,=
2,201501071408,2,20150107134833.000,5.4,24.2600,121.7000,대만 타이베이 남남동쪽 86km 지역,,국내영향없음,,
3,201501082018,4,20150108201518.000,3.5,37.5100,125.6300,인천 옹진군 연평도 남남서쪽 18km 해역,,피해예상 안됨,,=
2,201501251955,5,20150125194200.000,5.7,29.3000,140.1000,일본 시즈오카현(혼슈) 시즈오카 남남동쪽 651km 해역,,국내영향없음.,,
3,201501310513,7,20150131051005.000,2.2,36.6000,129.4500,경북 영덕군 북북동쪽 22km 해역,,피해예상 안됨,,=
2,201502022027,8,20150202194948.000,6.3,-32.7200,-67.0600,아르헨티나 라푼타 북서쪽 87km 지역,,국내영향없음.,,
3,201502031957,10,20150203195453.000,2.1,33.6100,127.5700,전남 여수시 거문도 남남동쪽 52km 해역,,피해예상 안됨,,=
2,201502061035,11,20150206102500.000,5.0,33.7000,134.4000,일본 시코쿠 도쿠시마 남남서쪽 44km 지역,,국내영향없음.,,
2,201502120415,12,20150212035720.000,6.9,-23.1600,-67.1800,칠레 산페드로 드 아타카마 동남동쪽 109km 지역,,국내영향없음.,,
2,201502140523,13,20150214050630.000,6.1,22.6600,121.4600,대만 카오슝 동쪽 125km 해역,,국내영향없음,,
2,201502170816,14,20150217080600.000,6.9,39.9000,144.5000,일본 이와테현(혼슈) 모리오카 동쪽 287km 해역,,국내영향없음.,,
2,201502171354,15,20150217134600.000,5.7,40.1000,142.1000,일본 이와테현(혼슈) 모리오카 동북동쪽 92km 해역,,국내영향없음.,,
3,201502191431,17,20150219142527.000,2.2,36.0400,125.0200,충남 태안군 서격렬비도 남서쪽 77km 해역,,피해예상 안됨,,=
2,201502201335,18,20150220132500.000,6.1,39.8000,143.7000,일본 이와테현(혼슈) 모리오카 동쪽 218km 해역,,국내영향없음.,,
2,201502211923,19,20150221191400.000,5.9,39.9000,143.6000,일본 이와테현(혼슈) 모리오카 동쪽 210km 해역,,국내영향없음.,,
3,201502230457,20,20150223045414.000,2.7,32.9600,126.2500,제주 제주시 고산 남남동쪽 38km 해역,,피해예상 안됨,,=
2,201502241138,21,20150224112900.000,5.9,39.6000,143.5000,일본 이와테현(혼슈) 모리오카 동쪽 201km 해역,,국내영향없음.,,
3,201503101313,22,20150310131035.000,2.7,37.3600,125.1500,인천 옹진군 연평도 남서쪽 59km 해역,,피해예상 안됨,,=
2,201503110624,23,20150311055543.000,6.2,6.8300,-73.0100,콜롬비아 보고타 북북동쪽 272km 지역,,국내영향없음.,,
3,201503191257,24,20150319125419.000,2.1,34.2100,128.2900,경남 통영시 욕지도 남쪽 48km 해역,,피해예상 안됨,,=
3,201503191622,25,20150319162017.000,2.4,36.4300,127.6500,충북 옥천군 북북동쪽 16km 지역,,피해예상 안됨,,=
2,201503231415,26,20150323135137.000,6.1,-18.4400,-69.3600,칠레 아리카 동쪽 99km 지역,,위 자료는 미지질조사소(USGS) 분석결과임.,,=
2,201503231925,27,20150323191350.000,6.0,23.7000,121.7600,대만 화련 남동쪽 35km 해역,,위 자료는 대만기상국(CWB) 분석결과임.,,=
2,201503250942,28,20150325093400.000,5.0,42.4000,143.1000,일본 홋카이도 구시로 서남서쪽 123km 지역,,국내영향없음.,,
2,201503300901,30,20150330084835.000,7.6,-4.7000,152.7000,파푸아뉴기니 타론 남서쪽 45km 해역,,국내영향없음.,,
3,201504131804,33,20150413180202.000,3.3,37.1800,125.4700,인천 옹진군 연평도 남남서쪽 58km 해역,,피해예상 안됨,,=
3,201504150413,34,20150415041000.000,2.9,35.1400,129.9300,울산 동구 남동쪽 61km 해역,,피해예상 안됨,,=
2,201504201057,35,20150420104200.000,6.3,24.0500,122.3700,대만 타이베이 남동쪽 139km 해역,,위 자료는 대만기상국(CWB) 분석결과임.,,
2,201504202102,37,20150420204516.000,5.8,24.1200,122.4100,대만 타이베이 남동쪽 136km 해역,,국내영향없음.,,
2,201504202111,38,20150420210001.000,5.7,24.0100,122.3900,대만 타이베이 남동쪽 144km 해역,,국내영향없음,,
3,201504241017,44,20150424101442.000,2.3,35.8800,129.6900,경북 포항시 남구 동남동쪽 33km 해역,,피해예상 안됨,,=
2,201504251535,45,20150425151125.000,7.5,28.1700,84.7300,네팔 카트만두 북서쪽 77km 지역,,국내영향없음.,,
2,201504260513,47,20150426050138.000,5.6,24.0300,122.4400,대만 타이베이 남동쪽 145km 해역,,국내영향없음,,
2,201504261625,49,20150426160909.000,6.7,27.7300,86.1500,네팔 카트만두 동쪽 81km 지역,,국내영향없음.,,
2,201504302004,52,20150430194506.000,6.8,-5.4000,151.9000,파푸아뉴기니 코코포 남남서쪽 122km 지역,,국내영향없음.,,
2,201504251627,46,20150425154521.000,6.6,28.1900,84.8700,네팔 카트만두 북서쪽 70km 지역,,국내영향없음.,,
3,201504210210,40,20150421020541.000,2.1,35.8800,129.7500,경북 포항시 남구 동남동쪽 38km 해역,,피해예상 안됨,,=
2,201505011719,53,20150501170606.000,7.1,-5.3000,151.8000,파푸아뉴기니 코코포 남남서쪽 116km 지역,,국내영향없음.,,
2,201505051057,55,20150505104405.000,7.5,-5.6000,152.1000,파푸아뉴기니 코코포 남쪽 139km 해역,,국내영향없음.,,
2,201505071626,56,20150507161022.000,7.2,-7.2400,154.6700,파푸아뉴기니 팡구나 남서쪽 136km 해역,,국내영향없음.,,
2,201505121627,57,20150512160519.000,7.4,27.8400,86.1500,네팔 카트만두 동쪽 83km 지역,,국내영향없음.,,
2,201505121706,58,20150512163653.000,6.3,27.6200,86.1700,네팔 카트만두 동쪽 83km 지역,,국내영향없음.,,
2,201505130622,59,20150513061300.000,6.6,38.9000,142.1000,일본 이와테현(혼슈) 모리오카 남동쪽 121km 해역,,국내영향없음.,,
2,201505220459,60,20150522043257.000,6.0,-9.7800,160.3300,솔로몬제도 호니아라 남동쪽 56km 지역,,국내영향없음.,,
2,201505251435,61,20150525142800.000,5.6,36.1000,139.6000,일본 사이타마현(혼슈) 사이타마 북쪽 27km 지역,,국내영향없음.,,
2,201505302038,62,20150530202400.000,8.5,27.9000,140.8000,일본 도쿄 남쪽 870km 해역,,위 자료는 일본기상청(JMA) 분석결과임.,,
2,201505310250,63,20150531022200.000,5.6,25.3000,140.5000,일본 도쿄 남쪽 1158km 해역,,국내영향없음.,,
2,201505310402,64,20150531034900.000,6.3,30.7000,143.0000,일본 도쿄 남남동쪽 634km 해역,,국내영향없음.,,
3,201506020103,65,20150602010129.000,2.0,36.7600,129.9800,경북 울진군 동남동쪽 57km 해역,,피해예상 안됨,,=
2,201506030619,66,20150603060500.000,6.0,27.9000,140.9000,일본 시즈오카현(혼슈) 시즈오카 남남동쪽 822km 해역,,국내영향없음.\n위 자료는 일본기상청(JMA) 분석결과임.\n,,=
2,201506040442,67,20150604043400.000,5.0,43.5000,144.1000,일본 홋카이도 구시로 북북서쪽 62km 지역,,국내영향없음.\n위 자료는 일본기상청(JMA) 분석결과임.\n,,=
2,201506050841,68,20150605081543.000,6.0,6.0800,116.5500,말레이시아 라나우 북서쪽 19km 지역,,국내영향없음.\n위 자료는 미지질조사소(USGS) 분석결과임.,,=
2,201506050841,68,20150605081543.000,6.0,6.0800,116.5500,말레이시아 라나우 북서쪽 19km 지역,,국내영향없음.\n위 자료는 미지질조사소(USGS) 분석결과임.,,=
3,201506072059,69,20150607205401.000,2.6,33.7800,126.1800,제주 제주시 북서쪽 45km 해역,,피해예상 안됨,,=
2,201506081509,70,20150608150100.000,5.5,41.5000,142.0000,일본 아오모리현(혼슈) 아오모리 북동쪽 129km 해역,,국내영향없음.\n위 자료는 일본기상청(JMA) 분석결과임.\n,,=
2,201506101740,71,20150610173300.000,5.6,39.6000,143.7000,일본 이와테현(혼슈) 모리오카 동쪽 218km 해역,,국내영향없음.\n위 자료는 일본기상청(JMA) 분석결과임.\n,,=
2,201506102323,72,20150610225208.000,6.0,-22.4100,-68.3300,칠레 산페드로 드 아타카마 북북서쪽 57km 지역,,국내영향없음.\n위 자료는 미지질조사소(USGS) 분석결과임.\n,,=
2,201506111355,74,20150611134500.000,5.8,39.7000,143.7000,일본 이와테현(혼슈) 모리오카 동쪽 218km 해역,,국내영향없음.\n위 자료는 일본기상청(JMA) 분석결과임.\n,,=
2,201506111402,75,20150611135100.000,5.7,39.6000,143.8000,일본 이와테현(혼슈) 모리오카 동쪽 227km 해역,,국내영향없음.\n위 자료는 일본기상청(JMA) 분석결과임.\n,,=
3,201506170100,76,20150617005506.000,2.1,38.4000,125.6200,황해남도 안악 남동쪽 16km 지역,,피해예상 안됨,,=
3,201506221206,77,20150622120228.000,2.6,35.8500,125.0000,충남 태안군 서격렬비도 남남서쪽 96km 해역,,피해예상 안됨,,=
3,201506221246,80,20150622124447.000,2.2,36.3500,127.2500,충남 공주시 남동쪽 15km 지역,,피해예상 안됨,,=
2,201506232128,82,20150623211900.000,6.9,27.7000,140.3000,일본 도쿄 남쪽 885km 해역,,국내영향없음.\n위 자료는 일본기상청(JMA) 분석결과임.,,=
2,201507031031,83,20150703100700.000,6.5,37.6000,78.2000,중국 호탄 서북서쪽 161km 지역,,국내영향없음\n위 자료는 중국지진국(CEA) 분석결과임.\n,,=
3,201507040853,84,20150704084909.000,2.0,36.3200,128.1600,경북 상주시 남쪽 10km 지역,,피해예상 안됨.,,=
2,201507071422,85,20150707141000.000,6.2,43.7000,147.8000,일본 홋카이도 구시로 동북동쪽 288km 해역,,국내영향없음.\n위 자료는 일본기상청(JMA) 분석결과임.,,=
3,201507081103,86,20150708110146.000,2.0,37.6300,125.8600,인천 옹진군 연평도 동남동쪽 14km 해역,,피해예상 안됨,,=
2,201507100339,87,20150710033300.000,5.8,40.4000,141.6000,일본 아오모리현(혼슈) 아오모리 동남동쪽 86km 지역,,국내영향없음.\n위 자료는 일본기상청(JMA) 분석결과임.,,=
2,201507101324,88,20150710131244.000,7.0,-9.3200,158.4200,솔로몬제도 다달리 남남서쪽 156km 해역,,국내영향없음.\n위 자료는 미지질조사소(USGS) 분석결과임.\n,,=
2,201507130300,89,20150713025200.000,5.7,33.0000,131.9000,일본 오이타현(규슈) 오이타 남동쪽 38km 해역,,국내영향없음.\n위 자료는 일본기상청(JMA) 분석결과임.\n,,=
3,201507141437,90,20150714143434.000,2.5,33.2600,127.0400,제주 서귀포시 성산 남동쪽 20km 해역,,피해예상 안됨,,=
2,201507181141,91,20150718112734.000,7.5,-10.3300,165.2000,솔로몬제도 라타 서북서쪽 81km 해역,,국내영향없음.\n위 자료는 미지질조사소(USGS) 분석결과임.\n,,=
3,201507182118,93,20150718211556.000,2.3,36.0700,128.0800,경북 김천시 남남서쪽 7km 지역,,피해 없을 것으로 예상함,,=
3,201507200135,94,20150720013302.000,2.2,33.2600,127.2100,제주 서귀포시 성산 동남동쪽 34km 해역,,피해 없을 것으로 예상함,,=
3,201507230406,95,20150723040214.000,2.6,33.1800,127.0200,제주 서귀포시 성산 남남동쪽 26km 해역,,피해 없을 것으로 예상함,,=
2,201507280700,96,20150728064126.000,7.0,-2.8000,138.6000,인도네시아 아베푸라 서쪽 221km 지역,,위 자료는 미지질조사소(USGS) 분석결과임.,,=
2,201507291147,97,20150729113557.000,6.2,59.9000,-153.2000,알래스카 앵커리지 남서쪽 233km 지역,,국내영향없음.\n위 자료는 미지질조사소(USGS) 분석결과임\n,,=
3,201507300942,99,20150730093955.000,2.1,35.1800,128.0100,경남 진주시 서쪽 7km 지역,,피해 없을 것으로 예상함,,=
3,201508020001,103,20150802235850.000,2.2,35.3200,127.4500,전남 구례군 북쪽 13km 지역,,피해 없을 것으로 예상함,,=
5,201508020014,103,20150801235850.000,2.2,35.3200,127.4500,전남 구례군 북쪽 13km 지역,,2015년 8월 2일 00시 01분에 발표한 지진의 2차 통보임.,진원시(날짜) 수정\n2015년 8월 2일 → 2015년 8월 1일,=
3,201508020325,104,20150802032234.000,2.1,37.1900,128.4400,강원 영월군 서북서쪽 2km 지역,,피해 없을 것으로 예상함,,=
3,201508031013,105,20150803101124.000,3.7,33.2600,127.0600,제주 서귀포시 성산 남동쪽 22km 해역,,피해 없을 것으로 예상함,,=
2,201508061831,106,20150806182200.000,5.2,36.5000,140.6000,일본 이바라키현(혼슈) 미토 북동쪽 19km 지역,,국내영향없음.\n위 자료는 일본기상청(JMA) 분석결과임.,,=
3,201508121712,107,20150812170951.000,2.0,37.1600,127.5200,경기 이천시 남남동쪽 15km 지역,,피해 없을 것으로 예상함,,=
3,201508121712,107,20150812170951.000,2.0,37.1600,127.5200,경기 이천시 남남동쪽 15km 지역,,피해 없을 것으로 예상함,,=
2,201508132316,108,20150813230803.000,5.5,24.0600,122.4500,대만 타이베이 남동쪽 143km 해역,,국내영향없음\n위 자료는 대만기상국(CWB) 분석결과임.\n,,=
2,201508141350,109,20150814134300.000,5.1,42.8000,143.2000,일본 홋카이도 구시로 서남서쪽 98km 지역,,국내영향없음.\n위 자료는 일본기상청(JMA) 분석결과임\n,,=
3,201508171658,110,20150817165623.000,2.5,37.1800,125.3800,인천 옹진군 연평도 남남서쪽 61km 해역,,피해 없을 것으로 예상함,,=
3,201508230923,112,20150823091949.000,2.1,36.3700,129.7900,경북 영덕군 동쪽 38km 해역,,피해 없을 것으로 예상함,,=
3,201509011357,115,20150901134742.000,2.5,39.0800,126.5300,평안남도 양덕 남남서쪽 17km 지역,,피해 없을 것으로 예상함,,=
2,201509020047,116,20150902002410.000,5.6,31.3500,141.8700,일본 가나가와현(혼슈) 요코하마 남남동쪽 500km 해역,,국내영향없음.\n위 자료는 미지질조사소(USGS) 분석결과임.\n,,=
3,201509030456,117,20150903045339.000,2.9,33.3600,127.1200,제주 서귀포시 성산 동쪽 22km 해역,,피해 없을 것으로 예상함,,=
2,201509162222,118,20150916220900.000,5.5,24.3100,121.8600,대만 타이베이 남남동쪽 86km 해역,,국내영향없음\n위 자료는 대만기상국(CWB) 분석결과임,,=
2,201509170807,119,20150917075426.000,7.9,-31.5000,-71.9000,칠레 산티아고 북북서쪽 246km 해역,,국내영향없음.\n위 자료는 미지질조사소(USGS) 분석결과임.,,=
2,201509170848,120,20150917081842.000,6.4,-31.5900,-71.4300,칠레 산티아고 북북서쪽 219km 지역,,국내영향없음.\n위 자료는 미지질조사소(USGS) 분석결과임.,,=
3,201509181014,122,20150918101255.000,2.1,34.7000,128.7500,경남 통영시 매물도 동북동쪽 17km 해역,,피해 없을 것으로 예상함,,=
2,201509191830,123,20150919180708.000,6.1,-31.1100,-71.6100,칠레 산티아고 북북서쪽 274km 지역,,국내영향없음.\n위 자료는 미지질조사소(USGS) 분석결과임.\n,,=
2,201509221637,124,20150922161259.000,6.1,-31.4800,-71.2000,칠레 산티아고 북북서쪽 225km 지역,,국내영향없음\n위 자료는 미지질조사소(USGS) 분석결과임\n,,=
2,201509261218,127,20150926121735.000,6.2,-30.8200,-71.3900,칠레 산티아고 북북서쪽 300km 지역,,국내영향없음.\n위 자료는 미지질조사소(USGS) 분석결과임.\n,,=
3,201510010924,128,20151001092125.000,2.5,35.7800,129.1400,경북 경주시 남서쪽 9km 지역,,피해 없을 것으로 예상함,,=
3,201510011409,129,20151001140606.000,2.1,35.7800,129.1400,경북 경주시 남서쪽 9km 지역,,피해 없을 것으로 예상함,,=
3,201510011409,129,20151001140606.000,2.1,35.7800,129.1400,경북 경주시 남서쪽 9km 지역,,피해 없을 것으로 예상함,,=
3,201510110059,130,20151011005506.000,2.3,33.2600,127.0500,제주 서귀포시 성산 남동쪽 21km 해역,,피해 없을 것으로 예상함,,=
2,201510172103,131,20151017203309.000,6.0,-25.4800,-64.4400,아르헨티나 엘 갈폰 동남동쪽 24km 지역,,국내영향없음.\n위 자료는 미지질조사소(USGS) 분석결과임.\n,,=
2,201510201840,133,20151020182900.000,5.7,27.4000,140.8000,일본 도쿄 남쪽 900km 해역,,국내영향없음.\n위 자료는 일본기상청(JMA) 분석결과임.\n,,=
2,201510210707,135,20151021065203.000,7.3,-14.8000,167.4000,바누아투 포트빌라 북북서쪽 339km 해역,,국내영향없음.\n위 자료는 미지질조사소(USGS) 분석결과임.,,=
2,201510211513,136,20151021150400.000,5.5,37.3000,141.2000,일본 도쿄 북동쪽 230km 해역,,국내영향없음.\n위 자료는 일본기상청(JMA) 분석결과임.,,=
2,201510211513,136,20151021150400.000,5.5,37.3000,141.2000,일본 도쿄 북동쪽 230km 해역,,국내영향없음.\n위 자료는 일본기상청(JMA) 분석결과임.,,=
2,201510261833,137,20151026180932.000,7.7,36.4600,70.7100,아프가니스탄 카불 북북동쪽 256km 지역,,국내영향없음.\n위 자료는 미지질조사소(USGS) 분석결과임.,,=
3,201510262332,138,20151026232905.000,2.1,34.0900,126.8500,전남 완도군 남남동쪽 26km 해역,,피해 없을 것으로 예상함,,=
3,201510301520,139,20151030151729.000,2.6,35.7500,129.3600,경북 경주시 남동쪽 16km 지역,,피해 없을 것으로 예상함,,=
2,201511020622,140,20151102060942.000,5.9,22.7100,121.6000,대만 타이둥 동쪽 47km 해역,,위 자료는 대만기상국(CWB) 분석결과임.,,=
2,201511041309,141,20151104124415.000,6.3,-8.3500,124.9000,동티모르 딜리 서북서쪽 77km 지역,,국내영향없음.\n위 자료는 미지질조사소(USGS) 분석결과임.,,=
2,201511041309,141,20151104124415.000,6.3,-8.3500,124.9000,동티모르 딜리 서북서쪽 77km 지역,,국내영향없음.\n위 자료는 미지질조사소(USGS) 분석결과임.,,=
2,201511041309,141,20151104124415.000,6.3,-8.3500,124.9000,동티모르 딜리 서북서쪽 77km 지역,,국내영향없음.\n위 자료는 미지질조사소(USGS) 분석결과임.,,=
2,201511071659,142,20151107163142.000,6.8,-30.9100,-71.5400,칠레 산티아고 북북서쪽 295km 지역,,국내영향없음.\n위 자료는 미지질조사소(USGS) 분석결과임.,,=
3,201511132007,143,20151113200433.000,2.2,35.8000,129.4000,경북 경주시 동남동쪽 17km 지역,,피해 없을 것으로 예상함,,=
3,201511140606,144,20151114055100.000,7.0,30.9000,128.7000,일본 가고시마현(규슈) 가고시마 서남서쪽 193km 해역,,이 지진으로 인하여 제주 및 남부 지역 일대에서 지진동이 감지되었음. 위 자료는 일본기상청(JMA) 분석결과임.,,=
2,201511150429,145,20151115042000.000,5.8,31.3000,128.8000,일본 가고시마현(규슈) 가고시마 서남서쪽 170km 해역,,이 지진으로 인하여 제주 지역에서 지진동이 감지되었음. 위 자료는 일본기상청(JMA) 분석결과임,,=
2,201511190348,146,20151119033108.000,7.0,-8.7000,158.7000,솔로몬제도 다달리 남남서쪽 80km 해역,,국내영향없음. 위 자료는 미지질조사소(USGS) 분석결과임.,,=
2,201511201449,147,20151120143200.000,6.0,25.9000,143.4000,일본 도쿄 남남동쪽 1142km 해역,,국내영향없음. 위 자료는 일본기상청(JMA) 분석결과임.,,=
3,201511241131,148,20151124112752.000,3.2,35.6700,129.8200,울산 동구 동북동쪽 41km 해역,,피해 없을 것으로 예상함,,=
3,201511241413,149,20151124141001.000,2.4,35.6600,129.8200,울산 동구 동북동쪽 40km 해역,,피해 없을 것으로 예상함,,=
2,201511250808,150,20151125074538.000,7.5,-10.5900,-70.9700,페루 이베리아 서북서쪽 173km 지역,,국내영향없음. 위 자료는 미지질조사소(USGS) 분석결과임.,,=
2,201511261510,152,20151126144518.000,6.4,-9.2200,-71.2700,브라질 타라우아카 남남서쪽 130km 지역,,국내영향없음. \n위 자료는 미지질조사소(USGS) 분석결과임.,,=
2,201512050754,153,20151205072454.000,7.1,-47.7400,85.1800,호주 퍼스 남서쪽 3,124km 해역,,국내영향없음. 위 자료는 미지질조사소(USGS) 분석결과임.,
2,201512071714,155,20151207165007.000,7.2,38.2600,72.7200,타지키스탄 두샨베 동쪽 345km 지역,,국내영향없음. 위 자료는 미지질조사소(USGS) 분석결과임.,,=
2,201512071714,155,20151207165007.000,7.2,38.2600,72.7200,타지키스탄 두샨베 동쪽 345km 지역,,국내영향없음. 위 자료는 미지질조사소(USGS) 분석결과임.,,=
3,201512110127,156,20151211012517.000,2.0,36.9000,126.5800,충남 당진시 서북서쪽 5km 지역,,피해 없을 것으로 예상함,,=
2,201512180508,159,20151218044956.000,6.6,15.8000,-93.5000,멕시코 멕시코시티 남동쪽 719km  지역,,국내영향없음. 위 자료는 미지질조사소(USGS) 분석결과임.,,=
3,201512220435,161,20151222043125.000,3.5,36.0200,126.9500,전북 익산시 북쪽 8km 지역,,이 지진정보는 자동계기분석 결과이며 상세분석 후 변경될 수 있음.\nKBS, MBC, SBS
5,201512221028,162,20151222043125.000,3.9,36.0300,126.9600,전북 익산시 북쪽 9km 지역,,2015년 12월 22일 04시 35분에 발표한 지진의 정밀분석결과 통보임,규모 변경(3.5 => 3.9),=
2,201512260444,163,20151226041447.000,6.2,36.5200,71.1400,아프가니스탄 카불 북동쪽 283km 지역,,국내영향없음. 위 자료는 미지질조사소(USGS) 분석결과임.,,=
2,201601021354,1,20160102132200.000,6.4,44.8100,129.9500,중국 헤이룽장성 무단장시 북동쪽 38km 지역,,국내영향없음. 위 자료는 중국지진국(CEA) 분석결과임.,,=
2,201601040831,2,20160104080520.000,6.8,24.8800,93.6300,인도 임팔 서북서쪽 33km 지역,,국내영향없음. 위 자료는 미지질조사소(USGS) 분석결과임.,,=
2,201601060713,3,20160106070100.000,6.0,22.1000,143.8000,일본 시즈오카현(혼슈) 시즈오카 남남동쪽 1526km 해역,,국내영향없음. 위 자료는 일본기상청(JMA) 분석결과임.,,=
3,201601062042,7,20160106203904.000,3.0,36.0100,128.0700,경북 김천시 남쪽 14km 지역,,피해 없을 것으로 예상함,,=
2,201601092321,8,20160109231200.000,5.5,28.1000,129.5000,일본 오키나와현 오키나와 북동쪽 277km 해역,,국내영향없음. 위 자료는 일본기상청(JMA) 분석결과임.,,=
2,201601120217,10,20160112021400.000,6.0,44.5000,141.3000,일본 홋카이도 삿포로 북쪽 160km 해역,,국내영향없음. 위 자료는 일본기상청(JMA) 분석결과임.,,=
2,201601141236,11,20160114122500.000,6.7,42.0000,142.8000,일본 홋카이도 삿포로 남동쪽 167km 해역,,국내영향없음. 위 자료는 일본기상청(JMA) 분석결과임,,=
2,201601141257,12,20160114122527.000,6.0,-19.8100,-63.3300,볼리비아 라파스 남동쪽 627km 지역,,국내영향없음. 위 자료는 미지질조사소(USGS) 분석결과임.,,=
2,201601210236,15,20160121021300.000,6.4,37.6800,101.6200,중국 칭하이성 하이둥시 북쪽 138km 지역,,국내영향없음. 위 자료는 중국지진국(CEA) 분석결과임.,,=
3,201601230728,17,20160123071401.000,2.4,38.4200,126.2500,황해북도 평산 북서쪽 16km 지역,,피해 없을 것으로 예상함,,=
2,201601241953,18,20160124193030.000,7.1,59.6600,-153.4500,알래스카 앵커리지 남서쪽 261km 해역,,국내영향없음. 위 자료는 미지질조사소(USGS) 분석결과임.,,=
3,201601251842,19,20160125184020.000,2.3,36.2200,128.6900,경북 의성군 남쪽 14km 지역,,피해 없을 것으로 예상함,,=
2,201601301243,21,20160130122500.000,7.0,54.0000,158.7000,러시아 캄차카반도 옐리조보 북북동쪽 92km 지역,,국내영향없음. 위 자료는 미지질조사소(USGS) 분석결과임.,,=
3,201601310307,23,20160131030302.000,2.0,36.9500,129.9200,경북 울진군 동쪽 46km 해역,,피해 없을 것으로 예상함,,=
2,201602021442,25,20160202143200.000,5.7,39.7000,142.9000,일본 이와테현(혼슈) 모리오카 동쪽 149km 해역,,국내영향없음. 위 자료는 일본기상청(JMA) 분석결과임.,,=
2,201602022336,26,20160202231922.000,6.8,25.2100,123.5800,대만 타이베이 동쪽 212km 해역,,국내영향없음. 위 자료는 대만기상국(CWB) 분석결과임.,,=
2,201602060518,27,20160206045730.000,6.7,22.9000,120.5000,대만 타이난 동남동쪽 31km 지역,,국내영향없음. 위 자료는 미지질조사소(USGS) 분석결과임.,,=
2,201602101010,28,20160210093305.000,6.3,-30.6300,-71.6200,칠레 라세레나 남남서쪽 87km 지역,,국내영향없음. 위 자료는 미지질조사소(USGS) 분석결과임.,,=
3,201602110604,29,20160211055745.000,3.2,36.2400,127.8100,충북 영동군 북북동쪽 8km 지역,,이 지진정보는 자동계기분석 결과이며 상세분석 후 변경될 수 있음.\nKBS, MBC, SBS
3,201602110620,29,20160211055744.000,3.1,36.2100,127.4800,충남 금산군 북쪽 12km 지역,,2016년 2월 11일 05시 57분에 발표한 지진의 정밀분석결과 통보임(위·경도 및 규모 변경)\n이 지진으로 충청 및 전라 지역에서 지진동이 감지되었음,,=
2,201602121931,30,20160212190224.000,6.5,-9.5900,119.4000,인도네시아 와잉아푸 서쪽 94km 지역,,국내영향없음. 위 자료는 미지질조사소(USGS) 분석결과임.,,=
2,201602150323,31,20160215031000.000,6.2,30.4000,139.3000,일본 시즈오카현(혼슈) 시즈오카 남쪽 516km 해역,,국내영향없음. 위 자료는 일본기상청(JMA) 분석결과임.,,=
2,201602181036,32,20160218100939.000,5.1,23.0000,120.9000,대만 카오슝 동북동쪽 81km 지역,,국내영향없음. 위 자료는 대만기상국(CWB) 분석결과임.,,=
2,201602220643,33,20160222062700.000,6.4,24.4000,143.1000,일본 시즈오카현(혼슈) 시즈오카 남남동쪽 1261km 해역,,국내영향없음. 위 자료는 일본기상청(JMA) 분석결과임.,,=
3,201602242327,35,20160224232212.000,2.9,33.5200,125.9200,제주 제주시 고산 북서쪽 34km 해역,,피해 없을 것으로 예상함,,=
3,201602261848,36,20160226184612.000,2.2,33.2300,127.1900,제주 서귀포시 성산 동남동쪽 34km 해역,,피해 없을 것으로 예상함,,=
3,201602281659,37,20160228165238.000,2.5,38.7300,125.8500,황해북도 송림 동쪽 19km 지역,,피해 없을 것으로 예상함,,=
3,201603021408,38,20160302140443.000,2.4,36.3600,127.2000,충남 공주시 남동쪽 12km 지역,,피해 없을 것으로 예상함.\n,,=
2,201603022216,40,20160302214946.000,7.9,-4.9000,94.2300,인도네시아 무아라 시베루트 남서쪽 662km 해역,,국내영향없음. 위 자료는 미지질조사소(USGS) 분석결과임.,,=
3,201603051114,43,20160305111153.000,3.3,35.6100,129.8200,울산 동구 동북동쪽 38km 해역,,피해 없을 것으로 예상함,,=
3,201603140522,44,20160314051705.000,3.1,38.7100,125.8700,황해북도 송림 동쪽 21km 지역,,피해 없을 것으로 예상함,,=
3,201603150302,45,20160315030019.000,2.7,36.3100,128.2100,경북 상주시 남남동쪽 12km 지역,,피해 없을 것으로 예상함,,=
3,201603150341,46,20160315033833.000,2.4,37.5900,129.9500,강원 삼척시 동북동쪽 71km 해역,,피해 없을 것으로 예상함,,=
3,201603161255,47,20160316123045.000,2.2,38.8200,126.0400,평양(북한) 남동쪽 34km 지역,,피해 없을 것으로 예상함,,=
5,201603161400,47,20160316123045.000,2.2,38.8200,126.0400,평양(북한) 남동쪽 34km 지역,,2016년 3월 16일 12시 55분에 발표한 지진의 정밀분석결과 통보임.\n,정밀분석결과 발파로 인한 인공지진으로 추정됨.,=
3,201603271457,51,20160327145253.000,2.3,35.3300,130.0400,울산 동구 동남동쪽 59km 해역,,피해 없을 것으로 예상함,,=
3,201603271848,52,20160327182838.000,3.0,39.1700,125.9700,북한 평안남도 평성 남동쪽 12km 지역,,자연지진으로 분석됨,,=
3,201603281436,58,20160328143421.000,2.9,35.2200,127.9600,경남 진주시 서북서쪽 12km 지역,,피해 없을 것으로 예상함,,=
2,201604011146,59,20160401113900.000,6.1,33.4000,136.4000,일본 와카야마현(혼슈) 와카야마 남동쪽 146km 해역,,국내영향없음. 위 자료는 일본기상청(JMA) 분석결과임.,,=
2,201604021507,68,20160402145004.000,6.4,57.0500,-157.8500,알래스카 앵커리지 남서쪽 649km 지역,,국내영향없음. \n위 자료는 미지질조사소(USGS)의 분석결과임.,,=
3,201604030038,71,20160403003612.000,2.4,35.1300,124.7900,전남 신안군 흑산면 북서쪽 82km 해역,,피해 없을 것으로 예상함,,=
2,201604031743,72,20160403172349.000,7.2,-14.1900,166.9100,바누아투 포트빌라 북북서쪽 420km 해역,,국내영향없음. 위 자료는 미지질조사소(USGS) 분석결과임.,,=
2,201604101958,79,20160410192858.000,6.6,36.4900,71.1600,아프가니스탄 카불 북동쪽 282km지역,,국내영향없음. 위 자료는 미지질조사소(USGS) 분석결과임.,,=
3,201604130532,82,20160413052839.000,2.1,35.9200,127.9300,경북 김천시 남남서쪽 28km 지역,,피해 없을 것으로 예상함,,=
2,201604132318,83,20160413225517.000,6.9,23.1300,94.9000,미얀마 네피도 북북서쪽 396km 지역,,국내영향없음. 위 자료는 미지질조사소(USGS) 분석결과임.,,=
2,201604142137,84,20160414212600.000,6.4,32.7000,130.8000,일본 구마모토현(규슈) 구마모토 남동쪽 14km 지역,,이 지진으로 인하여 제주,경남 지역에서 지진동이 감지되었음.\n위 자료는 일본기상청(JMA) 분석결과임.\n,
2,201604142216,85,20160414220700.000,5.7,32.8000,130.8000,일본 구마모토현(규슈) 구마모토 동쪽 9km 지역,,2016년 4월 14일 21시 26분경 일본 규슈 지역에서 발생한 규모 6.4 지진의 여진임.\n위 자료는 일본기상청(JMA) 분석결과임.,,=
2,201604150018,86,20160415000300.000,6.4,32.7000,130.8000,일본 구마모토현(규슈) 구마모토 남동쪽 14km 지역,,위 자료는 일본기상청(JMA) 분석결과임.,,=
2,201604160134,87,20160416012500.000,7.1,32.8000,130.8000,일본 구마모토현(규슈) 구마모토 동쪽 9km 지역,,이 지진으로 인하여 제주,전남,경남 지역에서 지진동이 감지되었음.
2,201604160203,88,20160416014600.000,6.0,32.9000,130.9000,일본 구마모토현(규슈) 구마모토 동북동쪽 21km 지역,,2016년 4월 16일 1시 25분경 일본 규슈 지역에서 발생한 규모 7.1 지진의 여진임.\n위 자료는 일본기상청(JMA) 분석결과임.,,=
2,201604160308,91,20160416030300.000,5.8,33.0000,131.1000,일본 구마모토현(규슈) 구마모토 동북동쪽 43km 지역,,2016년 4월 16일 1시 25분경 일본 규슈 지역에서 발생한 규모 7.1 지진의 여진임.\n위 자료는 일본기상청(JMA) 분석결과임.,,=
2,201604160401,92,20160416035500.000,5.8,33.0000,131.2000,일본 오이타현(규슈) 오이타 남서쪽 46km 지역,,2016년 4월 16일 1시 25분경 일본 규슈 지역에서 발생한 규모 7.1 지진의 여진임.\n위 자료는 일본기상청(JMA) 분석결과임.,,=
2,201604160716,95,20160416071100.000,5.3,33.3000,131.4000,일본 오이타현(규슈) 오이타 서북서쪽 21km 지역,,2016년 4월 16일 1시 25분경 일본 규슈 지역에서 발생한 규모 7.1 지진의 여진임.\n위 자료는 일본기상청(JMA) 분석결과임.\n,,=
2,201604170917,96,20160417085838.000,7.4,0.2000,-80.1000,에콰도르 페데르날레스 북북서쪽 14km 해역,,국내영향없음. 위 자료는 미지질조사소(USGS) 분석결과임.,,=
2,201604182051,101,20160418204200.000,5.8,33.0000,131.2000,일본 오이타현(규슈) 오이타 남서쪽 46km 지역,,이 지진으로 인하여 부산지역에서 지진동이 감지되었음.\n위 자료는 일본기상청(JMA) 분석결과임.,,=
2,201604191801,102,20160419175200.000,5.5,32.6000,130.7000,일본 구마모토현(규슈) 구마모토 남쪽 23km 지역,,국내영향없음. 위 자료는 일본기상청(JMA) 분석결과임.,,=
2,201604202126,103,20160420211900.000,5.6,37.8000,141.7000,일본 미야기현(혼슈) 센다이 남동쪽 89km 해역,,국내영향없음. 위 자료는 일본기상청(JMA) 분석결과임.,,=
3,201604211555,104,20160421155345.000,2.7,33.5200,125.9200,제주 제주시 고산 북서쪽 34km 해역,,피해 없을 것으로 예상함,,=
3,201604211559,105,20160421155504.000,2.7,33.5300,125.8900,제주 제주시 고산 북서쪽 36km 해역,,피해 없을 것으로 예상함,,=
3,201604251146,106,20160425114252.000,2.3,33.5100,125.9100,제주 제주시 고산 북서쪽 34km 해역,,피해 없을 것으로 예상함,,=
3,201604271929,107,20160427192700.000,2.3,35.5700,128.3400,경남 합천군 동쪽 16km 지역,,피해 없을 것으로 예상함,,=
2,201604280341,108,20160428031906.000,5.5,23.2600,121.3000,대만 카오슝 북동쪽 131km 지역,,국내영향없음. 위 자료는 대만기상국(CWB) 분석결과임.,,=
3,201604281020,110,20160428101643.000,2.6,35.4200,128.5600,경남 창녕군 남남동쪽 15km 지역,,피해 없을 것으로 예상함,,=
2,201604290446,111,20160429043325.000,7.3,-16.2000,167.7000,바누아투 라카토로 동남동쪽 31km 해역,,국내영향없음. 위 자료는 미지질조사소(USGS) 분석결과임.,,=
3,201604302330,112,20160430224641.000,2.6,37.7500,125.4000,황해남도 옹진 남쪽 20km 지역,,자연지진으로 분석됨.,,=
3,201605030331,114,20160503032910.000,2.1,37.1200,129.0200,강원 태백시 남남동쪽 5km 지역,,피해 없을 것으로 예상함,,=
2,201605030910,115,20160503090100.000,5.7,43.5000,147.5000,일본 홋카이도 구시로 동북동쪽 259km 영역,,국내영향없음. 위 자료는 일본기상청(JMA) 분석결과임.,,=
2,201605121231,116,20160512121714.000,5.8,24.6900,121.9500,대만 타이베이 남동쪽 58km 해역,,국내영향없음. 위 자료는 대만기상국(CWB) 분석결과임.,,=
3,201605121341,117,20160512133706.000,2.5,34.6900,126.8000,전남 강진군 북북동쪽 6km 지역,,피해 없을 것으로 예상함.,,=
2,201605121352,118,20160512132955.000,5.5,24.6800,122.0000,대만 타이베이 남동쪽 63km 해역,,국내영향없음. 위 자료는 대만기상국(CWB) 분석결과임.,,=
2,201605162133,137,20160516212300.000,5.6,36.0000,139.9000,일본 도쿄 북동쪽 39km 지역,,국내영향없음. 위 자료는 일본기상청(JMA) 분석결과임.,,=
2,201605181714,138,20160518165704.000,6.7,0.4200,-79.7600,에콰도르 로사 사라테 서북서쪽 34km 지역,,국내영향없음. 위 자료는 미지질조사소(USGS) 분석결과임.,,=
2,201605190210,139,20160519014644.000,6.8,0.4700,-79.6400,에콰도르 로사 사라테 북서쪽 24km 지역,,국내영향없음. 위 자료는 미지질조사소(USGS) 분석결과임.,,=
3,201605220152,140,20160522012247.000,3.5,40.6800,127.1500,함경남도 장진 북북서쪽 34km 지역,,피해 없을 것으로 예상함,,=
2,201605220639,141,20160522055142.000,5.2,22.9200,120.6200,대만 카오슝 북동쪽 53km 지역,,국내영향 없음. 위 자료는 대만기상국(CWB) 분석결과임,,=
2,201605220639,141,20160522055142.000,5.2,22.9200,120.6200,대만 카오슝 북동쪽 53km 지역,,국내영향 없음. 위 자료는 대만기상국(CWB) 분석결과임,,=
3,201605240456,142,20160524045221.000,2.3,33.6100,125.5600,제주 제주시 고산 서북서쪽 66km 해역,,피해 없을 것으로 예상함,,=
2,201605271304,143,20160527124400.000,5.5,26.9000,130.3000,일본 오키나와현 오키나와 동북동쪽 272km 해역,,위 자료는 일본기상청(JMA) 분석결과임\n국내영향없음,,=
2,201605281916,144,20160528184701.000,7.3,-56.2600,-27.0400,사우스조지아 사우스샌드위치 제도 비소코이 섬 북북동쪽 50km 해역,,위 자료는 미지질조사소(USGS) 분석결과임.\n국내영향없음\n,,=
2,201605311439,145,20160531142346.000,7.2,25.3800,122.4200,대만 타이베이 동북동쪽 103km 해역,,국내영향없음\n위 자료는 대만기상국(CWB) 분석결과임\n,,=
3,201606030455,147,20160603045338.000,3.0,36.3900,127.9200,경북 상주시 서쪽 22km 지역,,피해 없을 것으로 예상함,,=
3,201606051013,148,20160605101139.000,2.2,36.0000,129.5800,경북 포항시 남구 동쪽 20km 해역,,피해 없을 것으로 예상함,,=
3,201606071609,151,20160607160642.000,2.3,33.0500,126.1700,제주 제주시 고산 남쪽 27km 해역,,피해 없을 것으로 예상함,,=
2,201606101322,152,20160610122522.000,6.1,12.8400,-87.0100,니카라과 마나과 북서쪽 114km 지역,,위 자료는 미지질조사소(USGS) 분석결과임.\n국내영향없음\n,,=
2,201606120801,153,20160612075400.000,5.0,36.0000,139.9000,일본 사이타마현(혼슈) 사이타마 북동쪽 28km 지역,,국내영향 없음.\n위 자료는 일본기상청(JMA) 분석결과임.,,=
3,201606131236,154,20160613123306.000,2.7,34.3000,124.6800,전남 신안군 흑산면 서남서쪽 82km 해역,,피해 없을 것으로 예상함,,=
3,201606150209,155,20160615020718.000,2.6,35.8700,129.6900,경북 포항시 남구 동남동쪽 33km 해역,,피해 없을 것으로 예상함,,=
3,201606210343,160,20160621032346.000,3.1,39.4900,126.1900,평안남도 성천 북쪽 28km 지역,,자연지진으로 분석됨,,=
2,201606240618,161,20160624060530.000,6.0,23.5000,123.3000,대만 타이베이 남동쪽 249km 해역,,위 자료는 대만기상국(CWB) 분석결과임\n국내영향 없음,,=
3,201606250347,164,20160625032452.000,2.6,38.7400,125.8600,황해북도 송림 동쪽 20km 지역,,자연지진으로 분석됨,,=
2,201606262040,171,20160626201712.000,6.3,39.4900,73.3300,키르기스스탄 잘랄아바트 남쪽 160km 지역,,위 자료는 미지질조사소(USGS) 분석결과임.\n국내영향없음\n,,=
2,201606270804,174,20160627075700.000,5.8,37.0000,142.4000,일본 이바라키현(혼슈) 미토 동북동쪽 186km 해역,,위 자료는 일본기상청(JMA) 분석결과임\n국내영향없음,,=
11,201607052033,63,20160705203302.000,5.0,35.4800,130.1000,울산 동구 동쪽 62km 해역,,,,=
3,201607052036,177,20160705203303.000,5.0,35.5100,129.9900,울산 동구 동쪽 52km 해역,,이 지진으로 인하여 경북, 경남, 울산지역에서 지진동이 감지되었음.\nKBS
3,201607052126,180,20160705212435.000,2.6,35.5100,129.8700,울산 동구 동쪽 41km 해역,,피해 없을 것으로 예상함,,=
3,201607090450,181,20160709044752.000,2.3,35.4800,129.9700,울산 동구 동쪽 50km 해역,,피해 없을 것으로 예상함,,=
3,201607091336,182,20160709131648.000,2.6,38.6900,125.8300,황해북도 송림 동남동쪽 18km 지역,,자연지진으로 분석됨,,=
3,201607131415,185,20160713141302.000,2.0,36.8000,128.5300,경북 영주시 서쪽 9km 지역,,피해 없을 것으로 예상함,,=
3,201607142234,188,20160714223113.000,2.8,35.1200,130.2400,울산 동구 동남동쪽 86km 해역,,피해 없을 것으로 예상함,,=
2,201607171333,189,20160717132400.000,5.0,36.0100,139.9000,일본 사이타마현(혼슈) 사이타마 북동쪽 28km 지역,,위 자료는 일본기상청(JMA) 분석결과임\n국내영향없음\n,,=
2,201607200734,190,20160720072500.000,5.0,36.1000,140.0000,일본 사이타마현(혼슈) 사이타마 북동쪽 42km 지역,,위 자료는 일본기상청(JMA) 분석결과임\n국내영향없음\n,,=
2,201607260252,191,20160726022649.000,6.2,-26.1100,-70.6500,칠레 디에고 데 알마그로 서북서쪽 66km 지역,,위 자료는 미지질조사소(USGS) 분석결과임.\n국내영향없음\n,,=
2,201607272356,192,20160727234700.000,5.3,36.4000,140.6000,일본 이바라키현(혼슈) 미토 동북동쪽 12km 지역,,위 자료는 일본기상청(JMA) 분석결과임\n국내영향없음\n,,=
3,201607300154,200,20160730015157.000,2.3,33.0600,126.3300,제주 서귀포시 남서쪽 27km 해역,,피해 없을 것으로 예상함,,=
2,201607300635,203,20160730061824.000,7.7,18.5000,145.8000,태평양 괌 북북동쪽 566km 해역,,위 자료는 미지질조사소(USGS) 분석결과임.\n국내영향없음\n,,=
2,201608042339,204,20160804231511.000,6.0,-22.3900,-65.9900,아르헨티나 아브라팜파 북서쪽 48km 지역,,위 자료는 미지질조사소(USGS) 분석결과임.\n국내영향없음\n,,=
2,201608050137,205,20160805012500.000,6.3,25.2000,141.9000,일본 시즈오카현(혼슈) 시즈오카 남남동쪽 1138km 해역,,위 자료는 일본기상청(JMA) 분석결과임\n국내영향없음\n,,=
2,201608121048,208,20160812102638.000,7.6,-22.7000,173.2000,남태평양 피지 수바 남서쪽 740km 해역,,위 자료는 미지질조사소(USGS) 분석결과임.\n국내영향없음\n,,=
2,201608151614,213,20160815160400.000,5.5,37.4000,141.7000,일본 후쿠시마현(혼슈) 후쿠시마 동남동쪽 115km 해역,,위 자료는 일본기상청(JMA) 분석결과임.\n국내영향 없음.,,=
3,201608161201,216,20160816115740.000,2.0,36.7600,128.8400,경북 안동시 북북동쪽 24km 지역,,피해 없을 것으로 예상함,,=
3,201608171120,219,20160817111738.000,2.7,38.3800,128.0800,강원 양구군 북북동쪽 31km 지역,,피해 없을 것으로 예상함,,=
3,201608181713,222,20160818170846.000,2.1,37.1800,125.4600,인천 옹진군 연평도 남남서쪽 58km 해역,,피해 없을 것으로 예상함,,=
3,201608182247,225,20160818222110.000,2.6,38.8400,125.7000,황해북도 송림 북북동쪽 13km 지역,,자연지진으로 분석됨\n피해 없을 것으로 예상함,,=
2,201608191702,226,20160819163222.000,7.4,-55.3400,-31.9400,사우스조지아 사우스샌드위치 제도 남동쪽 320km 해역,,위 자료는 미지질조사소(USGS) 분석결과임.\n국내영향없음.\n,,=
3,201608201242,229,20160820121821.000,3.0,38.3800,128.0900,북한 강원 양구군 북북동쪽 32km 지역,,자연지진으로 분석됨.,,=
2,201608201810,238,20160820180100.000,6.0,40.3000,143.9000,일본 이와테현(혼슈) 모리오카 동북동쪽 243km 해역,,위 자료는 일본기상청(JMA) 분석결과임.\n국내영향없음.,,=
3,201608201857,241,20160820185444.000,2.6,33.4900,127.3000,제주 서귀포시 성산 동북동쪽 41km 해역,,피해 없을 것으로 예상함.,,=
2,201608210105,242,20160821005800.000,5.9,40.3000,143.7000,일본 이와테현(혼슈) 모리오카 동북동쪽 227km 해역,,위 자료는 일본기상청(JMA) 분석결과임.\n국내영향없음.,,=
2,201608221845,243,20160822183800.000,5.7,29.9000,139.5000,일본 시즈오카현(혼슈) 시즈오카 남쪽 574km 해역,,위 자료는 일본기상청(JMA) 분석결과임.\n국내영향없음\n,,=
2,201608241109,244,20160824103633.000,6.2,42.7100,13.1700,이탈리아 노르챠 남동쪽 10km 지역,,위 자료는 미지질조사소(USGS) 분석결과임.\n국내영향없음,,=
2,201608242002,245,20160824193455.000,6.8,20.9200,94.5800,미얀마 네피도 북동쪽 205km 지역,,위 자료는 미지질조사소(USGS) 분석결과임.\n국내영향없음\n,,=
2,201608260215,246,20160826020500.000,6.1,30.5000,138.3000,일본 시즈오카현(혼슈) 시즈오카 남쪽 498km 해역,,위 자료는 일본기상청(JMA) 분석결과임.\n국내영향없음\n,,=
3,201608282148,249,20160828212755.000,2.4,38.6500,127.1600,강원 평강(북한) 북북서쪽 29km 지역,,자연지진으로 분석됨,,=
3,201608282330,252,20160828232719.000,2.3,35.6400,127.4700,전북 장수군 서쪽 5km 지역,,피해 없을 것으로 예상함,,=
2,201608291351,253,20160829133000.000,7.4,0.1000,-17.8000,라이베리아 몬로비아 남서쪽 1037km 해역,,위 자료는 미지질조사소(USGS) 분석결과임.\n국내영향없음\n,,=
3,201608300041,256,20160830003946.000,2.6,35.5500,128.0300,경남 합천군 서쪽 13km 지역,,피해 없을 것으로 예상함,,=
2,201609020159,257,20160902013757.000,7.2,-37.5000,178.8000,뉴질랜드 오포티키 동북동쪽 145km 해역,,위 자료는 미지질조사소(USGS) 분석결과임.\n국내영향없음\n,,=
2,201609101937,265,20160910190819.000,6.0,-5.5800,-76.9700,페루 모요밤바 북쪽 51km 지역,,위 자료는 미지질조사소(USGS) 분석결과임.\n국내영향없음\n,,=
11,201609121945,85,20160912194433.000,5.3,35.7900,129.1500,경북 경주시 남서쪽 8Km 지역,,,,=
3,201609121949,268,20160912194432.000,5.1,35.7600,129.1900,경북 경주시 남남서쪽 9km 지역,,이 지진정보는 자동계기분석 결과이며 상세분석 후 변경될 수 있음.\nKBS, MBC, SBS
11,201609122033,92,20160912203254.000,5.9,35.7700,129.1800,경북 경주시 남남서쪽 8Km 지역,,,,=
3,201609122037,304,20160912203254.000,5.8,35.7700,129.1800,경북 경주시 남남서쪽 8km 지역,,이 지진정보는 자동계기분석 결과이며 상세분석 후 변경될 수 있음.\nKBS, MBC, SBS
3,201609130041,357,20160913003710.000,3.1,35.7800,129.2100,경북 경주시 남쪽 6km 지역,,9월 12일 발생한 경주 규모 5.8 지진의 여진임,,=
3,201609130829,362,20160913082447.000,3.2,35.7600,129.1700,경북 경주시 남남서쪽 10km 지역,,9월 12일 발생한 규모 5.8 경주지진의 여진임.,,=
3,201609141201,366,20160914115732.000,2.4,33.9300,126.6200,전남 완도군 남남서쪽 44km 해역,,피해 없을 것으로 예상함,,=
3,201609142233,371,20160914223131.000,2.4,35.7600,129.1700,경북 경주시 남남서쪽 10km 지역,,9월 12일 발생한 규모 5.8 경주 지진의 여진임.,,=
3,201609150324,388,20160915032228.000,2.7,35.7600,129.1800,경북 경주시 남남서쪽 9km 지역,,9월 12일 발생한 규모 5.8 경주 지진의 여진임.\n피해 없을 것으로 예상함.\n,,=
3,201609151949,395,20160915194725.000,2.2,35.7700,129.1900,경북 경주시 남남서쪽 8km 지역,,9월 12일 발생한 규모 5.8 경주 지진의 여진임.\n피해 없을 것으로 예상함.,,=
3,201609152050,402,20160915204825.000,2.6,35.7600,129.1900,경북 경주시 남남서쪽 9km 지역,,9월 12일 발생한 규모 5.8 경주 지진의 여진임.\n피해 없을 것으로 예상함.\n,,=
3,201609160533,423,20160916053109.000,2.2,35.7800,129.1900,경북 경주시 남남서쪽 7km 지역,,9월 12일 발생한 규모 5.8 경주 지진의 여진임.\n피해 없을 것으로 예상함.\n,,=
3,201609161516,424,20160916151318.000,2.3,35.7600,129.1700,경북 경주시 남남서쪽 10km 지역,,9월 12일 발생한 규모 5.8 경주 지진의 여진임.\n피해 없을 것으로 예상함.\n,,=
3,201609161957,425,20160916195446.000,2.1,35.7400,129.1700,경북 경주시 남남서쪽 12km 지역,,9월 12일 발생한 규모 5.8 경주 지진의 여진임.\n피해 없을 것으로 예상함.\n,,=
3,201609162117,426,20160916211424.000,2.2,35.7600,129.1800,경북 경주시 남남서쪽 9km 지역,,9월 12일 발생한 규모 5.8 경주 지진의 여진임.\n피해 없을 것으로 예상함.\n,,=
3,201609170715,433,20160917071256.000,2.1,35.7600,129.1800,경북 경주시 남남서쪽 9km 지역,,9월 12일 발생한 규모 5.8 경주 지진의 여진임.\n피해 없을 것으로 예상함.\n,,=
3,201609171624,442,20160917162158.000,2.1,35.7600,129.1800,경북 경주시 남남서쪽 9km 지역,,9월 12일 발생한 규모 5.8 경주 지진의 여진임.\n피해 없을 것으로 예상함.\n,,=
3,201609181630,459,20160918162754.000,2.4,35.7600,129.1700,경북 경주시 남남서쪽 10km 지역,,9월 12일 발생한 규모 5.8 경주 지진의 여진임.\n피해 없을 것으로 예상함.,,=
3,201609182240,468,20160918223807.000,2.0,35.7500,129.1800,경북 경주시 남남서쪽 10km 지역,,9월 12일 발생한 규모 5.8 경주 지진의 여진임.\n피해 없을 것으로 예상함\n,,=
3,201609190920,483,20160919091759.000,2.1,35.7600,129.1700,경북 경주시 남남서쪽 10km 지역,,9월 12일 발생한 규모 5.8 경주 지진의 여진임.\n피해 없을 것으로 예상함,,=
3,201609192037,486,20160919203358.000,4.5,35.7400,129.1800,경북 경주시 남남서쪽 11km 지역,,9월 12일 발생한 규모 5.8 경주 지진의 여진임.,,=
3,201609192103,489,20160919210051.000,2.1,35.7500,129.1700,경북 경주시 남남서쪽 11km 지역,,9월 12일 발생한 규모 5.8 경주 지진의 여진임,,=
3,201609201000,492,20160920095817.000,2.4,35.7600,129.2000,경북 경주시 남쪽 9km 지역,,9월 12일 발생한 규모 5.8 경주지진의 여진임.\n피해 없을 것으로 예상함.,,=
3,201609201510,495,20160920150516.000,2.1,38.3900,128.0900,강원 양구군 북북동쪽 33km 지역(북한지역),,피해 없을 것으로 예상함.\n북한 지역에서 발생한 자연지진임.,,=
3,201609202005,498,20160920200327.000,2.1,35.7700,129.1900,경북 경주시 남남서쪽 8km 지역,,9월 12일 발생한 규모 5.8 경주지진의 여진임.\n피해 없을 것으로 예상함,,=
3,201609210102,501,20160921005911.000,2.1,35.7600,129.1800,경북 경주시 남남서쪽 9km 지역,,9월 12일 발생한 규모 5.8 경주지진의 여진임.\n피해 없을 것으로 예상함,,=
2,201609210133,504,20160921012200.000,6.3,30.5000,142.3000,일본 가나가와현(혼슈) 요코하마 남남동쪽 603km 해역,,위 자료는 일본기상청(JMA) 분석결과임.\n국내영향없음,,=
3,201609210340,509,20160921033651.000,2.9,35.7700,129.1800,경북 경주시 남남서쪽 8km 지역,,9월 12일 발생한 규모 5.8 경주지진의 여진임.\n피해 없을 것으로 예상함,,=
3,201609211139,512,20160921113641.000,2.2,35.7800,129.1500,경북 경주시 남서쪽 9km 지역,,9월 12일 발생한 규모 5.8 경주지진의 여진임.\n피해 없을 것으로 예상함.\n,,=
3,201609211156,515,20160921115354.000,3.5,35.7500,129.1800,경북 경주시 남남서쪽 10km 지역,,9월 12일 발생한 규모 5.8 경주지진의 여진임.\n,,=
3,201609220004,520,20160922000130.000,2.3,35.7600,129.1800,경북 경주시 남남서쪽 9km 지역,,9월 12일 발생한 규모 5.8 경주지진의 여진임.\n피해 없을 것으로 예상함,,=
3,201609220324,525,20160922032232.000,2.1,35.7600,129.1800,경북 경주시 남남서쪽 9km 지역,,9월 12일 발생한 규모 5.8 경주지진의 여진임.\n피해 없을 것으로 예상함,,=
2,201609230925,526,20160923091400.000,6.5,34.4000,141.7000,일본 지바현(혼슈) 지바 남동쪽 198km 해역,,위 자료는 일본기상청(JMA) 분석결과임.\n국내영향없음.\n,,=
3,201609231824,529,20160923182142.000,2.1,35.7600,129.1800,경북 경주시 남남서쪽 9km 지역,,9월 12일 발생한 규모 5.8 경주지진의 여진임.\n피해 없을 것으로 예상함\n,,=
3,201609241959,542,20160924195621.000,2.5,35.7900,129.1900,경북 경주시 남남서쪽 6km 지역,,9월 12일 발생한 규모 5.8 경주지진의 여진임.\n피해 없을 것으로 예상함\n,,=
2,201609261422,543,20160926141300.000,5.5,41.7000,143.0000,일본 홋카이도 구시로 남서쪽 182km 해역,,위 자료는 일본기상청(JMA) 분석결과임.\n국내영향없음.,,=
2,201609261426,544,20160926142000.000,5.7,27.4000,128.6000,일본 오키나와현 오키나와 북동쪽 161km 해역,,위 자료는 일본기상청(JMA) 분석결과임.\n국내영향없음.\n,,=
3,201609281637,547,20160928163430.000,3.1,35.7600,129.1800,경북 경주시 남남서쪽 9km 지역,,9월 12일 발생한 규모 5.8 경주지진의 여진임.\n피해 없을 것으로 예상함.\n,,=
3,201609281917,554,20160928185422.000,2.8,38.7400,125.6900,황해북도 송림 동쪽 5km 지역,,※ 9월 28일 19시 00분 02초에 규모2.9 지진이 동일 위치에서 추가로 발생하였음.\n\n※ 자연지진으로 분석됨.,,=
3,201609282113,557,20160928211034.000,2.7,35.7700,129.1700,경북 경주시 남남서쪽 9km 지역,,9월 12일 발생한 규모 5.8 경주지진의 여진임.\n피해 없을 것으로 예상함,,=
3,201609301112,558,20160930110947.000,2.1,35.7600,129.1800,경북 경주시 남남서쪽 9km 지역,,9월 12일 발생한 규모 5.8 경주 지진의 여진임.\n피해 없을 것으로 예상함\n,,=
3,201609301628,559,20160930162416.000,2.0,35.7700,129.1600,경북 경주시 남남서쪽 9km 지역,,9월 12일 발생한 규모 5.8 경주 지진의 여진임.\n피해 없을 것으로 예상함\n,,=
3,201609301809,560,20160930180636.000,2.3,35.7600,129.1600,경북 경주시 남남서쪽 10km 지역,,9월 12일 발생한 규모 5.8 경주 지진의 여진임.\n피해 없을 것으로 예상함\n,,=
3,201609302154,563,20160930215249.000,2.2,35.7500,129.1800,경북 경주시 남남서쪽 10km 지역,,9월 12일 발생한 규모 5.8 경주 지진의 여진임.\n피해 없을 것으로 예상함\n,,=
3,201610011306,576,20161001130416.000,2.0,35.7600,129.1800,경북 경주시 남남서쪽 9km 지역,,9월 12일 발생한 규모 5.8 경주 지진의 여진임.\n피해 없을 것으로 예상함\n,,=
3,201610011703,583,20161001170034.000,2.3,35.7600,129.1800,경북 경주시 남남서쪽 9km 지역,,9월 12일 발생한 규모 5.8 경주 지진의 여진임.\n피해 없을 것으로 예상함\n,,=
3,201610022055,586,20161002205307.000,3.0,35.7500,129.1900,경북 경주시 남남서쪽 10km 지역,,9월 12일 발생한 규모 5.8 경주 지진의 여진임.\n피해 없을 것으로 예상함\n,,=
3,201610041519,589,20161004151644.000,2.6,35.7600,129.1900,경북 경주시 남남서쪽 9km 지역,,9.12 지진의 여진임.\n피해 없을 것으로 예상함,,=
3,201610052123,592,20161005211637.000,2.4,33.8100,127.2800,전남 여수시 거문도 남쪽 24km 해역,,피해 없을 것으로 예상함,,=
3,201610060014,593,20161005232916.000,2.3,38.7600,125.6200,황해북도 송림 북북서쪽 3km 지역,,자연지진으로 분석됨,,=
2,201610070112,594,20161007005159.000,6.0,22.6100,121.4000,대만 타이둥 동남동쪽 31km 해역,,위 자료는 대만기상국(CWB) 분석결과임\n국내영향 없음,,=
3,201610071719,597,20161007171758.000,2.2,35.7700,129.2300,경북 경주시 남쪽 8km 지역,,9.12 지진의 여진임.\n피해 없을 것으로 예상함\n,,=
3,201610091434,598,20161009140300.000,2.2,35.0800,126.9300,광주 동구 남쪽 7km 지역,,2016년 10월 09일 14시 06분에 발표한 지진의 수정 통보임.\n(당초 위도 35.78에서 위도 35.08로 변경)\n,,=
3,201610102302,599,20161010225910.000,3.3,35.7500,129.1800,경북 경주시 남남서쪽 10km 지역,,9.12 지진의 여진임.\n피해 없을 것으로 예상함\n,,=
3,201610102302,599,20161010225910.000,3.3,35.7500,129.1800,경북 경주시 남남서쪽 10km 지역,,9.12 지진의 여진임.\n피해 없을 것으로 예상함\n,,=
3,201610102302,599,20161010225910.000,3.3,35.7500,129.1800,경북 경주시 남남서쪽 10km 지역,,9.12 지진의 여진임.\n피해 없을 것으로 예상함\n,,=
3,201610102302,599,20161010225910.000,3.3,35.7500,129.1800,경북 경주시 남남서쪽 10km 지역,,9.12 지진의 여진임.\n피해 없을 것으로 예상함\n,,=
3,201610102302,599,20161010225910.000,3.3,35.7500,129.1800,경북 경주시 남남서쪽 10km 지역,,9.12 지진의 여진임.\n피해 없을 것으로 예상함\n,,=
3,201610102302,599,20161010225910.000,3.3,35.7500,129.1800,경북 경주시 남남서쪽 10km 지역,,9.12 지진의 여진임.\n피해 없을 것으로 예상함\n,,=
3,201610102302,599,20161010225910.000,3.3,35.7500,129.1800,경북 경주시 남남서쪽 10km 지역,,9.12 지진의 여진임.\n피해 없을 것으로 예상함\n,,=
3,201610102302,599,20161010225910.000,3.3,35.7500,129.1800,경북 경주시 남남서쪽 10km 지역,,9.12 지진의 여진임.\n피해 없을 것으로 예상함\n,,=
3,201610120033,602,20161012002936.000,2.9,35.7600,129.1800,경북 경주시 남남서쪽 9km 지역,,9.12 지진의 여진임.\n피해 없을 것으로 예상함\n,,=
2,201610120410,603,20161012040200.000,5.0,42.3000,143.1000,일본 홋카이도 구시로 남서쪽 129km 지역,,위 자료는 일본기상청(JMA) 분석결과임.\n국내영향없음\n,,=
3,201610140823,605,20161014082058.000,2.3,35.7600,129.1900,경북 경주시 남남서쪽 9km 지역,,9.12 지진의 여진임.\n피해 없을 것으로 예상함.\n,,=
3,201610151857,606,20161015185518.000,2.5,35.7400,129.1800,경북 경주시 남남서쪽 11km 지역,,9.12 지진의 여진임.\n피해 없을 것으로 예상함\n,,=
3,201610152351,609,20161015234908.000,2.2,35.7600,129.1700,경북 경주시 남남서쪽 10km 지역,,9.12 지진의 여진임.\n피해 없을 것으로 예상함,,=
2,201610171646,610,20161017161450.000,6.4,32.9100,94.8700,중국 창두 북서쪽 294km 지역,,위 자료는 미지질조사소(USGS) 분석결과임.\n국내영향없음\n,,=
2,201610201157,611,20161020115000.000,5.3,35.9000,140.6000,일본 이바라키현(혼슈) 미토 남남동쪽 53km 지역,,위 자료는 일본기상청(JMA) 분석결과임.\n국내영향없음.\n,,=
3,201610201219,614,20161020121707.000,2.4,35.7600,129.1900,경북 경주시 남남서쪽 9km 지역,,9.12 지진의 여진임.\n피해 없을 것으로 예상함\n,,=
2,201610201536,617,20161020152700.000,6.0,22.3000,142.3000,일본 시즈오카현(혼슈) 시즈오카 남남동쪽 1460km 해역,,위 자료는 일본기상청(JMA) 분석결과임.\n국내영향없음\n,,=
3,201610211017,619,20161021101353.000,2.0,36.4600,126.8700,충남 청양군 동쪽 6km 지역,,피해 없을 것으로 예상함,,=
3,201610211250,622,20161021124749.000,2.6,35.7500,129.1700,경북 경주시 남남서쪽 11km 지역,,9.12 지진의 여진임.\n피해 없을 것으로 예상함\n,,=
2,201610211413,625,20161021140700.000,6.6,35.4000,133.9000,일본 돗토리현(혼슈) 돗토리 서남서쪽 32km 지역,,위 자료는 일본기상청(JMA) 분석결과임\n이 지진으로 인하여 부산, 울산, 경남 등의 지역에서 지진동을 느꼈음
2,201610211501,626,20161021145300.000,5.0,35.4000,133.9000,일본 돗토리현(혼슈) 돗토리 서남서쪽 32km 지역,,위 자료는 일본기상청(JMA) 분석결과임\n국내영향없음,,=
3,201610230302,627,20161023030004.000,2.7,35.7800,129.2000,경북 경주시 남남서쪽 7km 지역,,9.12 지진의 여진임.\n피해 없을 것으로 예상함\n,,=
3,201610240908,628,20161024090201.000,2.3,37.2500,127.0200,경기 수원시 권선구 남쪽 2km 지역,,피해 없을 것으로 예상함,,=
3,201610250326,630,20161025032306.000,2.0,35.7600,129.1900,경북 경주시 남남서쪽 9km 지역,,9.12 지진의 여진임.\n피해 없을 것으로 예상함,,=
3,201610252000,632,20161025195737.000,2.4,35.7000,129.3700,경북 경주시 남동쪽 21km 지역,,9.12 지진의 여진임.\n피해 없을 것으로 예상함,,=
2,201610270506,633,20161027041808.000,6.1,42.9500,13.0700,이탈리아 페루자 동북동쪽 59km 지역,,위 자료는 미지질조사소(USGS) 분석결과임.\n국내영향없음\n,,=
2,201610301609,636,20161030154017.000,6.6,42.8600,13.0900,이탈리아 노르챠 북쪽 6km 지역,,위 자료는 미지질조사소(USGS) 분석결과임.\n국내영향없음.,,=
3,201611020305,641,20161102030143.000,2.4,33.5200,126.8800,제주 제주시 동쪽 32km 지역,,피해 없을 것으로 예상함.,,=
3,201611030349,644,20161103034606.000,2.1,35.7500,129.1800,경북 경주시 남남서쪽 10km 지역,,9.12 지진의 여진임.\n피해 없을 것으로 예상함\n,,=
3,201611031004,647,20161103100226.000,2.3,35.7561,129.1859,경북 경주시 남남서쪽 9km 지역,,9.12 지진의 여진임.\n피해 없을 것으로 예상함\n,,=
3,201611031038,648,20161103103623.000,2.3,35.7600,129.1900,경북 경주시 남남서쪽 9km 지역,,9.12 지진의 여진임.\n피해 없을 것으로 예상함\n,,=
3,201611032339,649,20161103233552.000,2.6,35.3200,128.4900,경남 함안군 북동쪽 9km 지역,,피해 없을 것으로 예상함,,=
3,201611060628,652,20161106062622.000,3.5,33.7600,125.0700,전남 신안군 흑산면 남남서쪽 106km 해역,,피해 없을 것으로 예상함,,=
3,201611092058,656,20161109205544.000,2.3,36.5500,129.6000,경북 영덕군 북동쪽 26km 해역,,피해 없을 것으로 예상함,,=
3,201611102240,659,20161110223752.000,2.5,36.4600,129.8900,경북 영덕군 동쪽 47km 해역,,피해 없을 것으로 예상함.,,=
2,201611120651,660,20161112064300.000,5.8,38.5000,141.6000,일본 미야기현(혼슈) 센다이 동북동쪽 69km 해역,,위 자료는 일본기상청(JMA) 분석결과임.\n국내영향없음\n,,=
3,201611130250,661,20161113022723.000,2.3,38.7600,125.6600,황해북도 송림 북동쪽 3km 지역,,자연지진으로 분석됨,,=
2,201611132018,662,20161113200258.000,7.4,-42.8000,173.0000,뉴질랜드 앰벌리 북북동쪽 46km 지역,,위 자료는 미지질조사소(USGS) 분석결과임.\n국내영향없음\n,,=
2,201611132117,663,20161113203207.000,6.2,-42.2000,173.4900,뉴질랜드 카이코우라 북서쪽 28km 지역,,위 자료는 미지질조사소(USGS) 분석결과임.\n국내영향없음\n,,=
3,201611132157,667,20161113215257.000,3.5,36.3600,126.6300,충남 보령시 북북동쪽 4km 지역,,KBS, MBC, SBS
2,201611132326,668,20161113230100.000,6.2,-28.9200,-67.4900,아르헨티나 칠레시토 북쪽 26km 지역,,위 자료는 미지질조사소(USGS) 분석결과임.\n국내영향없음\n,,=
2,201611140952,669,20161114093427.000,6.8,-42.7000,173.4000,뉴질랜드 카이코우라 남서쪽 40km 지역,,위 자료는 미지질조사소(USGS) 분석결과임.\n국내영향없음,,=
3,201611151236,677,20161115122258.000,2.5,38.3700,128.1000,북한 강원 금강군 남남동쪽 29km 지역,,자연지진으로 분석됨.\n,,=
3,201611151629,681,20161115162740.000,2.0,35.7600,129.1900,경북 경주시 남남서쪽 9km 지역,,9.12 지진의 여진임.\n피해 없을 것으로 예상함\n,,=
3,201611162318,684,20161116231544.000,2.1,34.8600,125.0800,전남 신안군 흑산면 서북서쪽 43km 해역,,피해 없을 것으로 예상함,,=
3,201611180204,689,20161118020235.000,2.0,35.5100,128.0900,경남 합천군 남서쪽 9km 지역,,피해 없을 것으로 예상함,,=
3,201611190331,692,20161119032902.000,2.1,35.7600,129.1900,경북 경주시 남남서쪽 9km 지역,,9.12 지진의 여진임.\n피해 없을 것으로 예상함\n,,=
2,201611191155,693,20161119114800.000,5.4,33.8000,135.5000,일본 와카야마현(혼슈) 와카야마 남남동쪽 57km 지역,,위 자료는 일본기상청(JMA) 분석결과임.\n국내영향없음\n,,=
2,201611210623,694,20161121055743.000,6.4,-31.6400,-68.7700,아르헨티나 존다 남남서쪽 10km 지역,,위 자료는 미지질조사소(USGS) 분석결과임.\n국내영향없음\n,,=
2,201611220609,695,20161122055900.000,7.3,37.3000,141.6000,일본 후쿠시마현(혼슈) 후쿠시마 동남동쪽 112km 해역,,위 자료는 일본기상청(JMA) 분석결과임.\n국내영향없음.,,=
2,201611222309,696,20161122230400.000,5.7,37.2000,141.5000,일본 후쿠시마현(혼슈) 후쿠시마 남동쪽 110km 해역,,위 자료는 일본기상청(JMA) 분석결과임.\n국내영향없음\n,,=
2,201611231911,703,20161123190100.000,5.7,27.3000,140.8000,일본 도쿄 남쪽 930km 해역,,위 자료는 일본기상청(JMA) 분석결과임.\n국내영향없음.\n,,=
2,201611240632,704,20161124062300.000,6.1,37.1000,141.5000,일본 후쿠시마현(혼슈) 후쿠시마 남동쪽 117km 해역,,위 자료는 일본기상청(JMA) 분석결과임.\n국내영향없음\n,,=
2,201611250403,707,20161125034353.000,7.2,11.9500,-88.9100,엘살바도르 산살바도르 남남동쪽 196km 해역,,위 자료는 미지질조사소(USGS) 분석결과임.\n국내영향없음\n,,=
2,201611250708,708,20161125065556.000,5.5,24.1300,122.3000,대만 타이베이 남동쪽 127km 해역,,위 자료는 대만기상국(CWB) 분석결과임\n국내영향 없음,,=
3,201611251857,709,20161125185358.000,2.3,35.7500,129.1700,경북 경주시 남남서쪽 11km 지역,,9.12 지진의 여진임.\n피해 없을 것으로 예상함\n,,=
2,201611252352,712,20161125232429.000,6.5,39.2730,74.0100,중국 카스지구 서쪽 170km 지역,,위 자료는 미지질조사소(USGS) 분석결과임.\n국내영향없음.\n,,=
3,201611270655,715,20161127065312.000,2.5,36.3400,127.3300,대전 유성구 남서쪽 3km 지역,,피해 없을 것으로 예상함,,=
3,201611272011,716,20161127200846.000,2.2,36.0200,127.3900,충남 금산군 남서쪽 13km 지역,,피해 없을 것으로 예상함,,=
3,201611282100,717,20161128205726.000,2.4,35.7700,129.1900,경북 경주시 남남서쪽 8km 지역,,9.12 지진의 여진임.\n피해 없을 것으로 예상함\n,,=
3,201611290007,720,20161128233302.000,2.2,38.4900,126.1400,황해북도 평산 북서쪽 28km 지역,,자연지진으로 분석됨,,=
3,201611291012,723,20161129100922.000,2.9,33.4000,125.7200,제주 제주시 고산 서북서쪽 43km 해역,,피해 없을 것으로 예상함,,=
3,201612020448,726,20161202044542.000,2.1,35.7600,129.1900,경북 경주시 남남서쪽 9km 지역,,9.12 지진의 여진임.\n피해 없을 것으로 예상함\n,,=
2,201612020812,727,20161202074025.000,6.3,-15.3100,-70.8400,페루 아레키파 북동쪽 143km 지역,,위 자료는 미지질조사소(USGS) 분석결과임.\n국내영향없음,,=
3,201612050049,728,20161205004703.000,2.1,35.7700,129.1800,경북 경주시 남남서쪽 8km 지역,,9.12 지진의 여진임.\n피해 없을 것으로 예상함\n,,=
3,201612050744,729,20161205074221.000,2.1,35.8100,129.7200,경북 포항시 남구 남동쪽 39km 해역,,피해 없을 것으로 예상함,,=
3,201612072238,730,20161207223414.000,2.4,37.1800,125.4800,인천 옹진군 연평도 남남서쪽 57km 해역,,피해 없을 것으로 예상함,,=
2,201612090253,512,20161209023848.000,8.0,-10.7000,161.4000,솔로몬제도 키라키라 서남서쪽 63km 해역 ,,국내영향없음. 위 자료는 미지질조사소(USGS) 분석결과임.,,=
3,201612091132,734,20161209113045.000,2.4,35.6900,129.3600,경북 경주시 남동쪽 21km 지역,,9.12 지진의 여진임.\n피해 없을 것으로 예상함\n,,=
3,201612100054,738,20161210005113.000,2.1,35.7700,129.1700,경북 경주시 남남서쪽 9km 지역,,9.12 지진의 여진임.\n피해 없을 것으로 예상함,,=
3,201612101554,739,20161210155154.000,2.0,37.6300,129.6800,강원 삼척시 동북동쪽 50km 해역,,피해 없을 것으로 예상함.,,=
3,201612111608,740,20161211160537.000,2.5,36.0700,125.5900,충남 태안군 서격렬비도 남쪽 59km 해역,,피해 없을 것으로 예상함,,=
3,201612120448,741,20161212044632.000,2.2,35.7600,129.1800,경북 경주시 남남서쪽 9km 지역,,9.12 지진의 여진임.\n피해 없을 것으로 예상함\n,,=
3,201612121755,744,20161212175317.000,3.3,35.7600,129.1800,경북 경주시 남남서쪽 9km 지역,,9.12 지진의 여진임.\n피해 없을 것으로 예상함\n,,=
3,201612141007,747,20161214100528.000,2.1,36.5400,128.0800,경북 상주시 북북서쪽 16km 지역,,피해 없을 것으로 예상함,,=
3,201612141722,750,20161214172034.000,3.3,35.7600,129.1700,경북 경주시 남남서쪽 10km 지역,,9.12 지진의 여진임.,,=
3,201612151717,752,20161215171453.000,2.1,35.7600,129.1900,경북 경주시 남남서쪽 9km 지역,,9.12 지진의 여진임.\n피해 없을 것으로 예상함,,=
2,201612172008,598,20161217195111.000,8.0,-4.4700,153.5800,파푸아뉴기니 타론 동쪽 60km 해역,,국내영향없음. 위 자료는 미지질조사소(USGS) 분석결과임.,,=
2,201612182253,611,20161218223012.000,6.1,-10.0300,-71.0200,브라질 타라우아카 남쪽 208km 지역,,국내영향없음. 위 자료는 미지질조사소(USGS) 분석결과임.,,=
2,201612200159,621,20161220014100.000,5.5,37.3000,141.7000,일본 후쿠시마현(혼슈) 후쿠시마 동남동쪽 120km 해역,,국내영향없음. \n위 자료는 일본기상청(JMA) 분석결과임.,,=
3,201612222116,762,20161222211332.000,2.2,34.4500,128.5400,경남 통영시 매물도 남쪽 22km 해역,,피해 없을 것으로 예상함,,=
3,201612230534,763,20161223053132.000,2.2,36.1200,129.3600,경북 포항시 북구 북쪽 9km 지역,,피해 없을 것으로 예상함,,=
3,201612250202,764,20161225015943.000,2.4,35.2500,129.3900,부산 기장군 동쪽 15km 해역,,피해 없을 것으로 예상함,,=
3,201612250632,765,20161225062909.000,2.5,35.7800,129.3100,경북 경주시 남동쪽 11km 지역,,9.12 지진의 여진임.\n피해 없을 것으로 예상함\n,,=
2,201612252343,662,20161225232222.000,7.7,-43.3100,-74.5400,칠레 푸에르토 ?론 서남서쪽 77km 해역,,국내영향없음. 위 자료는 미지질조사소(USGS) 분석결과임.,,=
2,201612282146,689,20161228213800.000,6.3,36.7000,140.6000,일본 이바라키현(혼슈) 미토 북북동쪽 39km 지역,,국내영향없음. \n위 자료는 일본기상청(JMA) 분석결과임.,,=
3,201612290626,771,20161229055311.000,2.6,38.7100,125.7600,황해북도 송림 동남동쪽 11km 지역,,자연지진으로 분석됨,,=
3,201612292135,772,20161229213225.000,2.3,36.1200,129.3600,경북 포항시 북구 북쪽 9km 지역,,피해 없을 것으로 예상함,,=
3,201612301527,773,20161230150441.000,2.5,38.6400,125.7600,황해북도 사리원 북쪽 15km 지역,,자연지진으로 분석됨,,=
2,201612310520,718,20161231050800.000,5.6,37.4000,141.4000,일본 후쿠시마현(혼슈) 후쿠시마 동남동쪽 91km 해역,,국내영향없음. 위 자료는 일본기상청(JMA) 분석결과임.,,=
3,201612310826,775,20161231080103.000,2.6,39.3100,126.2700,평안남도 성천 북북동쪽 9km 지역,,자연지진으로 분석됨,,=
3,201701040504,3,20170104050050.000,2.5,36.5800,129.2400,경북 영덕군 북북서쪽 22km 지역,,피해 없을 것으로 예상함,,=
2,201701040712,25,20170104065231.000,7.2,-19.3300,176.0600,피지 수바 서남서쪽 283km 해역,,국내영향없음. 위 자료는 미지질조사소(USGS) 분석결과임.,,=
2,201701050303,49,20170105025300.000,5.8,37.1000,141.4000,일본 후쿠시마현(혼슈) 후쿠시마 남동쪽 110km 해역,,국내영향없음. \n위 자료는 일본기상청(JMA) 분석결과임.,,=
3,201701060533,14,20170106053113.000,3.3,35.7500,129.1700,경북 경주시 남남서쪽 11km 지역,,9.12 지진의 여진임.\n피해 없을 것으로 예상함\n,,=
3,201701060536,21,20170106053323.000,2.2,35.7500,129.1800,경북 경주시 남남서쪽 10km 지역,,9.12 지진의 여진임.\n피해 없을 것으로 예상함\n,,=
3,201701070655,22,20170107063741.000,2.4,38.6900,125.7300,황해북도 송림 동남동쪽 10km 지역,,자연지진으로 분석됨,,=
3,201701110012,25,20170111001005.000,2.1,36.4400,128.4200,경북 의성군 서북서쪽 27km 지역,,피해 없을 것으로 예상함,,=
3,201701141156,28,20170114115255.000,2.2,35.1700,127.7900,경남 하동군 북북동쪽 12km 지역,,피해 없을 것으로 예상함,,=
3,201701160701,29,20170116065731.000,2.7,33.6400,127.5100,전남 여수시 거문도 남남동쪽 47km 해역,,피해 없을 것으로 예상함,,=
3,201701161957,30,20170116195413.000,2.1,36.3300,126.5900,충남 보령시 서쪽 2km 지역,,피해 없을 것으로 예상함,,=
3,201701171619,31,20170117160656.000,2.8,38.7100,125.8600,황해북도 송림 동쪽 20km 지역,,자연지진으로 분석됨,,=
3,201701181253,34,20170118124953.000,2.5,35.0200,125.0600,전남 신안군 흑산면 북서쪽 56km 해역,,피해 없을 것으로 예상함,,=
3,201701210329,37,20170121032738.000,2.6,35.7500,129.1800,경북 경주시 남남서쪽 10km 지역,,9.12 지진의 여진임.\n피해 없을 것으로 예상함\n,,=
2,201701221347,28,20170122133024.000,8.0,-6.0800,155.2400,파푸아뉴기니 아라와 서북서쪽 36km 지역,,국내영향없음. \n위 자료는 미지질조사소(USGS) 분석결과임.,,=
3,201701240410,39,20170124040756.000,2.6,35.7700,129.1700,경북 경주시 남남서쪽 9km 지역,,9.12 지진의 여진임.\n피해 없을 것으로 예상함\n,,=
3,201701262258,44,20170126225338.000,2.0,33.5400,126.8700,제주 제주시 동쪽 32km 해역,,피해 없을 것으로 예상함,,=
2,201701282247,118,20170128224000.000,5.0,39.8000,140.8000,일본 이와테현(혼슈) 모리오카 서북서쪽 32km 지역,,국내영향없음. \n위 자료는 일본기상청(JMA) 분석결과임.,,=
3,201701291357,45,20170129134553.000,2.6,38.7000,127.1600,강원 평강(북한) 북북서쪽 34km 지역,,자연지진으로 분석됨,,=
3,201702051910,56,20170205190729.000,2.5,33.6100,126.7300,제주 제주시 동북동쪽 22km 해역,,피해 없을 것으로 예상함,,=
3,201702052020,57,20170205200615.000,2.6,39.6100,127.6400,함경남도 함흥 남남동쪽 34km 해역,,자연지진으로 분석됨,,=
3,201702100529,60,20170210052241.000,2.2,35.6500,129.5700,울산 북구 동북동쪽 20km 해역,,피해 없을 것으로 예상함,,=
3,201702101827,61,20170210180135.000,2.6,38.5400,125.8400,황해북도 사리원 동북동쪽 8km 지역,,자연지진으로 분석됨,,=
2,201702110235,62,20170211021252.000,5.6,22.8100,120.2300,대만 타이난 남쪽 19km 지역,,위 자료는 미지질조사소(USGS) 분석결과임.\n국내영향없음\n,,=
3,201702120925,64,20170212092227.000,2.3,35.6900,129.5800,울산 북구 동북동쪽 23km 해역,,피해 없을 것으로 예상함\n,,=
3,201702160238,65,20170216023456.000,2.9,35.7800,129.2000,경북 경주시 남남서쪽 7km 지역,,9.12 지진의 여진임.\n피해 없을 것으로 예상함\n,,=
3,201702161822,68,20170216182019.000,2.3,35.6400,128.0900,경남 합천군 북서쪽 11km 지역,,피해 없을 것으로 예상함,,=
3,201702181657,71,20170218165349.000,2.0,33.2300,126.1800,제주 서귀포시 서쪽 35km 해역,,피해 없을 것으로 예상함,,=
3,201702182101,72,20170218205819.000,2.4,35.2300,126.9400,광주 북구 북북동쪽 7km 지역,,피해 없을 것으로 예상함,,=
2,201702182139,73,20170218211015.000,6.3,-23.9200,-66.6900,아르헨티나 산안토니오 데로스 코브레스 북서쪽 50km 지역,,위 자료는 미지질조사소(USGS) 분석결과임.\n국내영향없음\n,,=
3,201702210323,76,20170221032111.000,2.1,35.7600,129.2000,경북 경주시 남쪽 9km 지역,,9.12 지진의 여진임.\n피해 없을 것으로 예상함\n,,=
2,201702212335,77,20170221230904.000,6.5,-19.2900,-63.9200,볼리비아 라파스 남동쪽 540km 지역,,위 자료는 미지질조사소(USGS) 분석결과임.\n국내영향없음.\n,,=
3,201702221311,80,20170222130850.000,2.1,35.7700,129.1800,경북 경주시 남남서쪽 8km 지역,,9.12 지진의 여진임.\n피해 없을 것으로 예상함\n,,=
3,201702232107,81,20170223210351.000,3.1,37.4000,124.8900,인천 백령도 남남동쪽 64km 해역,,피해 없을 것으로 예상함,,=
3,201702241138,82,20170224113444.000,2.3,36.3800,127.7900,충북 옥천군 동북동쪽 21km 지역,,피해 없을 것으로 예상함,,=
3,201702241248,83,20170224122938.000,2.5,38.8900,126.0900,평양(북한) 동남동쪽 33km 지역,,자연지진으로 분석됨,,=
3,201702250702,86,20170225065844.000,2.2,35.7400,129.1700,경북 경주시 남남서쪽 12km 지역,,9.12 지진의 여진임.\n피해 없을 것으로 예상함\n,,=
2,201702281655,93,20170228164900.000,5.6,37.5000,141.4000,일본 후쿠시마현(혼슈) 후쿠시마 동남동쪽 87km 해역,,위 자료는 일본기상청(JMA) 분석결과임.\n국내영향없음.,,=
3,201703040635,94,20170304063312.000,2.3,35.9900,127.9500,경북 김천시 남서쪽 22km 지역,,피해 없을 것으로 예상함,,=
3,201703050755,97,20170305075204.000,2.4,35.7500,129.1700,경북 경주시 남남서쪽 11km 지역,,9.12 지진의 여진임.\n피해 없을 것으로 예상함\n,,=
3,201703050922,99,20170305091827.000,3.2,37.7500,129.6600,강원 동해시 동북동쪽 54km 해역,,피해 없을 것으로 예상함,,=
3,201703051513,102,20170305150940.000,2.1,37.7200,129.5900,강원 동해시 동북동쪽 47km 해역,,피해 없을 것으로 예상함,,=
3,201703051922,103,20170305191907.000,2.1,37.7700,129.7000,강원 동해시 동북동쪽 58km 해역,,피해 없을 것으로 예상함\n9시 18분 규모 3.2 동해 해역 지진의 여진임.,,=
3,201703060626,106,20170306062133.000,2.0,35.7500,126.1000,전북 부안군 위도 북서쪽 24km 해역,,피해 없을 것으로 예상함,,=
2,201703060813,107,20170306074754.000,6.5,-6.0100,149.3400,파푸아뉴기니 킴베 서남서쪽 101km 지역,,위 자료는 미지질조사소(USGS) 분석결과임.\n국내영향없음\n,,=
3,201703070354,110,20170307034807.000,2.2,36.3000,128.2300,경북 구미시 북북서쪽 23km 지역,,피해 없을 것으로 예상함.,,=
3,201703070657,112,20170307065336.000,2.6,37.7500,129.7100,강원 동해시 동북동쪽 58km 해역,,피해 없을 것으로 예상함\n3월 5일 9시 18분 규모 3.2 동해 해역 지진의 여진임.,,=
3,201703090226,115,20170309022431.000,2.0,35.8200,129.7800,경북 포항시 남구 동남동쪽 43km 해역,,피해 없을 것으로 예상함,,=
3,201703140546,118,20170314054143.000,2.1,34.6400,127.7800,전남 여수시 남동쪽 17km 지역,,피해 없을 것으로 예상함,,=
3,201703160000,120,20170315235605.000,2.4,37.7300,129.6900,강원 동해시 동북동쪽 56km 해역,,피해 없을 것으로 예상함,,=
3,201703190303,125,20170319030114.000,2.9,33.3200,127.1800,제주 서귀포시 성산 동남동쪽 29km 해역,,피해 없을 것으로 예상함,,=
3,201703212341,127,20170321231948.000,2.4,38.5200,126.0300,황해북도 사리원 동쪽 23km 지역,,자연지진으로 분석됨,,=
3,201703270933,129,20170327092826.000,2.0,35.2100,126.9500,광주 북구 북동쪽 5km 지역,,피해 없을 것으로 예상함,,=
3,201703280052,130,20170328004839.000,2.2,37.1700,125.4800,인천 옹진군 연평도 남남서쪽 58km 해역,,피해 없을 것으로 예상함,,=
3,201703281549,132,20170328154538.000,2.0,35.7900,129.2000,경북 경주시 남남서쪽 5km 지역,,9.12 지진의 여진임.\n피해 없을 것으로 예상함\n,,=
2,201703291331,133,20170329130924.000,6.6,56.9200,162.7300,러시아 클류치 동북동 134km 지역,,위 자료는 미지질조사소(USGS) 분석결과임.\n국내영향없음\n,,=
3,201703302153,134,20170330214953.000,2.0,35.7600,129.1900,경북 경주시 남남서쪽 9km 지역,,9.12 지진의 여진임.\n피해 없을 것으로 예상함\n,,=
3,201703311347,137,20170331134609.000,3.3,35.7800,129.2000,경북 경주시 남남서쪽 7km 지역,,9.12 지진의 여진임.,,=
3,201703311356,138,20170331135328.000,2.5,35.7900,129.1900,경북 경주시 남남서쪽 6km 지역,,9.12 지진의 여진임.\n피해 없을 것으로 예상함\n,,=
3,201704011606,142,20170401160416.000,2.2,35.7800,129.2000,경북 경주시 남남서쪽 7km 지역,,9.12 지진의 여진임.\n피해 없을 것으로 예상함\n,,=
2,201704040304,143,20170404024015.000,6.5,-22.6200,25.1500,보츠와나 가보로네 북북서쪽 240km 지역,,위 자료는 미지질조사소(USGS) 분석결과임.\n국내영향없음\n,,=
3,201704042329,144,20170404232550.000,2.2,35.6700,130.0000,울산 동구 동북동쪽 56km 해역,,피해 없을 것으로 예상함,,=
2,201704051535,146,20170405150912.000,6.1,35.8600,60.3900,이란 마슈하드 남동쪽 82km 지역,,위 자료는 미지질조사소(USGS) 분석결과임.\n국내영향없음.\n,,=
3,201704070007,148,20170407000409.000,2.0,35.9700,127.8000,전북 무주군 동남동쪽 13km 지역,,피해 없을 것으로 예상함,,=
3,201704081823,153,20170408182049.000,2.7,35.7600,129.1800,경북 경주시 남남서쪽 9km 지역,,9.12 지진의 여진임.\n피해 없을 것으로 예상함\n,,=
3,201704082343,154,20170408231313.000,2.1,38.7500,125.6300,황해북도 송림 북북서쪽 2km 지역,,자연지진으로 분석됨,,=
3,201704090149,155,20170409014553.000,2.1,35.7600,129.2000,경북 경주시 남쪽 9km 지역,,9.12 지진의 여진임.\n피해 없을 것으로 예상함\n,,=
3,201704091440,159,20170409141245.000,2.4,38.9900,126.2000,평안남도 성천 남쪽 28km 지역,,자연지진으로 분석됨,,=
3,201704100406,161,20170410040249.000,2.3,35.1600,128.7700,경남 창원시 진해구 동북동쪽 6km 지역,,피해 없을 것으로 예상함,,=
2,201704140510,163,20170414044111.000,5.7,25.1600,122.3300,대만 타이베이 동북동쪽 87km 해역,,위 자료는 대만기상국(CWB) 분석결과임\n국내영향없음,,=
3,201704150545,165,20170415054152.000,2.2,35.7600,129.1800,경북 경주시 남남서쪽 9km 지역,,9.12 지진의 여진임.\n피해 없을 것으로 예상함\n,,=
3,201704151135,167,20170415113113.000,3.1,36.1100,129.3600,경북 포항시 북구 북쪽 8km 지역,,피해 없을 것으로 예상함,,=
3,201704151719,169,20170415171647.000,2.0,36.1100,129.3700,경북 포항시 북구 북쪽 8km 지역,,피해 없을 것으로 예상함,,=
2,201704151747,170,20170415171941.000,6.2,-23.2400,-67.6500,칠레 칼라마 동남동쪽 157km 지역,,위 자료는 미지질조사소(USGS) 분석결과임.\n국내영향없음\n,,=
3,201704162143,172,20170416213921.000,2.2,36.7000,125.1800,충남 태안군 서격렬비도 서북서쪽 33km 해역,,피해 없을 것으로 예상함,,=
3,201704180120,175,20170418011744.000,2.0,35.7600,129.1800,경북 경주시 남남서쪽 9km 지역,,9.12 지진의 여진임.\n피해 없을 것으로 예상함\n,,=
3,201704181739,177,20170418173638.000,2.1,35.5000,128.8800,경남 밀양시 동쪽 12km 지역,,피해 없을 것으로 예상함,,=
2,201704190533,179,20170419024955.000,6.0,-2.7300,-75.3100,페루 이키토스 북서쪽 255km 지역,,위 자료는 미지질조사소(USGS) 분석결과임.\n국내영향없음\n,,=
3,201704201603,181,20170420160021.000,3.2,33.7700,127.2800,전남 여수시 거문도 남쪽 29km 해역,,피해 없을 것으로 예상함.,,=
2,201704250701,184,20170425063825.000,7.1,-33.0600,-72.0400,칠레 발파라이소 서쪽 39km 해역,,위 자료는 미지질조사소(USGS) 분석결과임.\n국내영향없음\n,,=
3,201704280557,189,20170428055429.000,2.9,33.3300,127.8500,제주 서귀포시 성산 동쪽 90km 해역,,피해 없을 것으로 예상함,,=
3,201704281122,191,20170428111923.000,2.1,36.6000,128.8100,경북 안동시 동북동쪽 8km 지역,,피해 없을 것으로 예상함,,=
2,201704292140,15,20170429213200.000,5.7,30.8000,131.5000,일본 미야자키현(규슈) 미야타키 남쪽 123km 해역,,국내영향없음. 위 자료는 일본기상청(JMA) 분석결과임.,,=
2,201704301110,19,20170430105723.000,6.0,21.4300,121.8500,대만 카오슝 남동쪽 210km 해역,,국내영향없음. 위 자료는 대만기상국(CWB) 분석결과임.,,=
2,201704302349,22,20170430234200.000,5.5,42.3000,143.1000,일본 홋카이도 구시로 남서쪽 129km 지역,,국내영향없음. \n위 자료는 일본기상청(JMA) 분석결과임.,,=
2,201705012155,28,20170501213154.000,6.2,59.8400,-136.7000,미국 알래스카 앵커리지 동남동쪽 738km ,,국내영향없음. \n위 자료는 미지질조사소(USGS) 분석결과임.,,=
2,201705012341,30,20170501231815.000,6.3,59.7400,-136.7000,미국 알래스카 앵커리지 동남동쪽 743km 지역,,국내영향없음. \n위 자료는 미지질조사소(USGS) 분석결과임.,,=
3,201705040111,50,20170504010827.000,2.6,36.6100,129.4400,경북 영덕군 북북동쪽 22km 해역,,지진피해 없을 것으로 예상됨,,=
3,201705042148,56,20170504214623.000,2.4,36.7400,128.1000,경북 문경시 북북서쪽 18km 지역,,지진피해 없을 것으로 예상됨,,=
3,201705050006,55,20170505000255.000,2.0,36.7300,128.1000,경북 문경시 북북서쪽 18km 지역,,지진피해 없을 것으로 예상됨,,=
3,201705052318,67,20170505231621.000,3.0,35.3200,127.4300,전남 구례군 북북서쪽 13km 지역,,,,=
2,201705091102,83,20170509105400.000,6.4,24.2000,126.5000,일본 오키나와현 오키나와 남남서쪽 253km 해역,,국내영향없음. 위 자료는 일본기상청(JMA) 분석결과임.,,=
3,201705101409,99,20170510140647.000,2.5,35.8800,126.1900,전북 부안군 위도 북북서쪽 32km 해역,,지진피해 없을 것으로 예상됨,,=
3,201705102234,104,20170510223114.000,2.1,36.6100,129.4500,경북 영덕군 북북동쪽 23km 해역,,지진피해 없을 것으로 예상됨,,=
3,201705131841,118,20170513183723.000,2.8,36.6100,129.4400,경북 영덕군 북북동쪽 23km 해역,,지진피해 없을 것으로 예상됨,,=
2,201705160840,138,20170516081254.000,5.7,23.2500,121.4700,대만 카오슝 동북동쪽 145km 해역,,국내영향없음. 위 자료는 대만기상국(CWB) 분석결과임.,,=
3,201705162011,143,20170516200649.000,2.1,36.8500,124.5500,충남 태안군 서격렬비도 서북서쪽 92km 해역,,지진피해 없을 것으로 예상됨.,,=
3,201705162332,145,20170516232902.000,2.2,36.6000,128.9200,경북 안동시 동북동쪽 17km 지역,,지진피해 없을 것으로 예상됨.,,=
3,201705201633,173,20170520162902.000,2.0,35.9200,128.2700,경북 성주군 북서쪽 1km 지역,,지진피해 없을 것으로 예상됨,,=
3,201705202231,176,20170520222933.000,2.9,37.7300,129.6200,강원 동해시 동북동쪽 50km 해역,,지진피해 없을 것으로 예상됨,,=
3,201705251124,205,20170525112007.000,3.0,36.9600,124.4000,충남 태안군 서격렬비도 서북서쪽 109km 해역,,지진피해 없을 것으로 예상됨,,=
3,201705281549,220,20170528154738.000,2.7,35.6700,129.5600,울산 북구 동북동쪽 20km 해역,,지진피해 없을 것으로 예상됨,,=
2,201705292354,222,20170529233520.000,6.6,-1.2700,120.4800,인도네시아 팔루 남동쪽 83km 지역,,국내영향없음. 위 자료는 미지질조사소(USGS) 분석결과임.,,=
3,201706040519,259,20170604051611.000,2.1,36.8300,128.1000,충북 충주시 남동쪽 24km 지역,,지진피해 없을 것으로 예상됨,,=
3,201706111818,298,20170611181653.000,2.0,37.2800,129.2100,강원 삼척시 남남동쪽 19km 지역,,지진피해 없을 것으로 예상됨,,=
3,201706112035,299,20170611203152.000,2.5,35.7700,129.1700,경북 경주시 남남서쪽 9km 지역,,지진피해 없을 것으로 예상됨,,=
3,201706130804,313,20170613080151.000,2.1,35.7400,129.1800,경북 경주시 남남서쪽 11km 지역,,지진피해 없을 것으로 예상됨,,=
3,201706140252,319,20170614024347.000,2.2,38.3400,126.1400,황해북도 평산 서쪽 22km 지역,,자연지진으로 분석됨\n지진피해 없을 것으로 예상됨,,=
2,201706141646,325,20170614162903.000,7.0,14.9000,-92.0000,과테말라 산 파블로 북서쪽 2km 지역,,국내영향없음. 위 자료는 미지질조사소(USGS) 분석결과임.,,=
3,201706151700,336,20170615165624.000,2.4,36.5400,125.0700,충남 태안군 서격렬비도 서쪽 42km 해역,,지진피해 없을 것으로 예상됨,,=
3,201706171432,347,20170617143009.000,2.3,33.3800,127.2100,제주 서귀포시 성산 동쪽 30km 해역,,지진피해 없을 것으로 예상됨,,=
3,201706201105,365,20170620110237.000,2.0,35.8500,129.0800,경북 경주시 서쪽 12km 지역,,지진피해 없을 것으로 예상됨,,=
2,201706250710,424,20170625070200.000,5.7,35.9000,137.6000,일본 야마나시현(혼슈) 고후 서북서쪽 91km 지역,,국내영향없음. 위 자료는 일본기상청(JMA) 분석결과임.,,=
3,201706272020,455,20170627201718.000,2.0,35.7700,129.2000,경북 경주시 남남서쪽 8km 지역,,9.12 지진의 여진임.\n피해 없을 것으로 예상함,,=
3,201706281325,469,20170628130017.000,2.7,40.0000,125.8100,평안북도 영변 북쪽 22km 지역,,자연지진으로 분석됨,,=
2,201707012356,512,20170701234500.000,5.3,42.8000,141.9000,일본 홋카이도 삿포로 동남동쪽 53km 지역,,국내영향없음. 위 자료는 일본기상청(JMA) 분석결과임.,,=
3,201707051920,564,20170705191730.000,2.5,35.9900,127.9700,경북 김천시 남서쪽 21km 지역,최대진도Ⅱ(경북),지진피해 없을 것으로 예상됨,,=
3,201707060604,568,20170706060026.000,2.4,36.0000,127.9400,경북 김천시 남서쪽 22km 지역,최대진도Ⅲ(경북),지진피해 없을 것으로 예상됨,,=
2,201707061715,584,20170706170403.000,6.9,11.1500,124.8000,필리핀 세부 북동쪽 134km 지역,,국내영향 없음. \n위 자료는 미지질조사소(USGS) 분석결과임.,,=
3,201707090012,604,20170708234515.000,2.8,40.5900,127.0200,북한 자강도 용림 동북동쪽 23km 지역,최대진도Ⅰ,자연지진으로 분석됨,,=
3,201707090346,608,20170709034348.000,2.6,33.5100,125.7300,제주 제주시 고산 서북서쪽 47km 해역,최대진도Ⅰ,지진피해 없을 것으로 예상됨,,=
2,201707130501,648,20170713044900.000,6.3,40.9000,131.8000,북한 함경북도 나진 남동쪽 194km 해역,,국내영향없음.,,
2,201707180849,693,20170718083418.000,7.4,54.1900,169.1700,러시아 클류치 동남동쪽 580km 해역,,국내영향없음. \n위 자료는 미지질조사소(USGS) 분석결과임.,,=
3,201707181036,694,20170718103105.000,2.7,37.6900,126.1900,인천 강화군 서남서쪽 27km 해역,최대진도Ⅰ,지진피해 없을 것으로 예상됨,,=
3,201707191026,712,20170719102335.000,2.2,33.7700,126.1200,제주 제주시 북서쪽 48km 해역,최대진도Ⅰ,지진피해 없을 것으로 예상됨,,=
2,201707200919,731,20170720091100.000,5.6,37.3000,141.6000,일본 후쿠시마현(혼슈) 후쿠시마 동남동쪽 112km 해역,,국내영향없음. 위 자료는 일본기상청(JMA) 분석결과임.,,=
3,201707201442,734,20170720143847.000,2.0,37.3900,129.5400,강원 삼척시 동남동쪽 33km 해역,최대진도Ⅰ,지진피해 없을 것으로 예상됨,,=
2,201707240053,775,20170724003600.000,5.7,40.1000,143.5000,일본 이와테현 모리오카 동북동쪽 205km 해역,,국내영향없음. 위 자료는 일본기상청(JMA) 분석결과임.,,=
2,201707261942,833,20170726193300.000,5.6,26.9000,130.2000,일본 오키나와현 오키나와 동북동쪽 262km 해역,,국내영향없음. 위 자료는 일본기상청(JMA) 분석결과임.,,=
2,201707280910,875,20170728085900.000,5.6,29.2000,142.2000,일본 가나가와현(혼슈) 요코하마 남남동쪽 735km 해역,,국내영향없음. 위 자료는 일본기상청(JMA) 분석결과임.,,=
2,201708020211,977,20170802020200.000,5.5,36.8000,140.6000,일본 이바라키현(혼슈) 미토 북북동쪽 50km 지역,,국내영향없음. 위 자료는 일본기상청(JMA) 분석결과임.,,=
2,201708042038,993,20170804201941.000,5.8,24.1900,123.9900,대만 타이베이 동남동쪽 269km 해역,,국내영향없음. 위 자료는 대만기상국(CWB) 분석결과임.,,=
3,201708072118,8,20170807205309.000,2.6,38.7000,125.6300,북한 황해북도 송림 남남서쪽 4km 지역,최대진도Ⅰ,자연지진으로 분석됨. 지진피해 없을 것으로 예상됨.,,=
2,201708082240,17,20170808221900.000,7.0,33.2000,103.8200,중국 쓰촨성 북쪽 310km 지역,,국내영향없음. 위 자료는 중국지진국(CEA) 분석결과임.,,=
2,201708090854,24,20170809082700.000,6.6,44.2700,82.8900,중국 신장 위구르 우르무치시 서북서쪽 약382km 지역,,국내영향없음. 위 자료는 중국지진국(CEA) 분석결과임.,,=
3,201708091357,26,20170809135343.000,2.7,33.8700,125.5200,전남 신안군 흑산면 남쪽 87km 해역,최대진도Ⅰ,지진피해 없을 것으로 예상됨,,=
2,201708111453,48,20170811142825.000,6.2,14.0100,120.7100,필리핀 마닐라 남서쪽 74km 지역,,국내영향없음. 위 자료는 미지질조사소(USGS) 분석결과임.,,=
3,201708152158,67,20170815213210.000,2.6,38.7300,125.6700,북한 황해북도 송림 동쪽 3km 지역,최대진도Ⅰ,자연지진으로 분석됨. 지진피해 없을 것으로 예상됨,,=
3,201708160104,68,20170816003523.000,2.5,38.7300,125.6900,북한 황해북도 송림 동쪽 5km 지역,최대진도Ⅰ,자연지진으로 분석됨. 지진피해 없을 것으로 예상됨,,=
2,201708162159,79,20170816215100.000,5.7,28.7000,127.9000,일본 오키나와현 오키나와 북쪽 278km 해역,,국내영향없음. 위 자료는 일본기상청(JMA) 분석결과임.,,=
3,201708210201,106,20170821013016.000,2.1,38.8200,126.1300,북한 평양 동남동쪽 39km 지역,최대진도Ⅰ,자연지진으로 분석됨. 지진피해 없을 것으로 예상됨.,,=
3,201708292212,191,20170829220649.000,2.4,35.3100,125.3600,전남 영광군 안마도 서쪽 61km 해역,최대진도Ⅰ,지진피해 없을 것으로 예상됨,,=
3,201709010601,229,20170901055730.000,2.1,36.4200,127.2100,충남 공주시 동남동쪽 9km 지역,최대진도Ⅰ,지진피해 없을 것으로 예상됨,,=
3,201709071501,288,20170907145807.000,2.9,37.6000,125.3400,인천 옹진군 연평도 서남서쪽 33km 해역,,지진피해 없을 것으로 예상됨,,=
2,201709080235,297,20170908022700.000,6.1,28.0000,140.6000,일본 시즈오카현(혼슈) 시즈오카 남남동쪽 804km 해역,,국내영향없음. 위 자료는 일본기상청(JMA) 분석결과임.,,=
2,201709081404,303,20170908134917.000,8.0,14.9000,-94.0300,멕시코 멕시코시티 남동쪽 724km 해역,,국내영향없음. \n위 자료는 미지질조사소(USGS) 분석결과임.,,=
2,201709082230,318,20170908222300.000,5.3,39.5000,140.4000,일본 아키타현(혼슈) 아키타 남동쪽 35km 지역,,국내영향없음. 위 자료는 일본기상청(JMA) 분석결과임.,,=
2,201709101750,324,20170910174400.000,5.7,41.7000,142.9000,일본 홋카이도 구시로 남서쪽 188km 해역,,국내영향없음. 위 자료는 일본기상청(JMA) 분석결과임.,,=
3,201709111733,332,20170911172557.000,3.2,35.2900,124.1600,전남 신안군 흑산면 서북서쪽 139km 해역,최대진도Ⅱ(전북),지진피해 없을 것으로 예상됨,,=
2,201709120248,334,20170912023500.000,5.9,24.1000,142.5000,일본 시즈오카현(혼슈) 시즈오카 남남동쪽 1273km 해역,,국내영향없음. 위 자료는 일본기상청(JMA) 분석결과임.,,=
3,201709160138,362,20170916013406.000,2.2,34.2500,127.1300,전남 여수시 거문도 북서쪽 29km 해역,최대진도Ⅰ,지진피해 없을 것으로 예상됨,,=
2,201709200350,384,20170920031439.000,7.1,18.5800,-98.4000,멕시코 멕시코시티 남동쪽 122km 지역 ,,국내영향없음. 위 자료는 미지질조사소(USGS) 분석결과임.,,=
2,201709202342,391,20170920232956.000,5.7,23.3300,121.7600,대만 카오슝 동북동쪽 175km 해역,,국내영향없음. 위 자료는 대만기상국(CWB) 분석결과임.,,=
2,201709210146,392,20170921013700.000,5.9,38.0000,144.4000,일본 미야기현(혼슈) 센다이 동쪽 310km 해역,,국내영향없음. 위 자료는 일본기상청(JMA) 분석결과임.,,=
2,201709210527,397,20170921050950.000,6.5,-18.8100,169.0300,바누아투 포트빌라 남남동쪽 140km 지역,,국내영향없음. 위 자료는 미지질조사소(USGS) 분석결과임.,,=
3,201709231826,420,20170923172918.000,3.0,41.1400,129.2000,북한 함경북도 길주 북북서쪽 23km 지역,,자연지진으로 분석됨,,=
5,201709232230,422,20170923172916.000,3.2,41.3500,129.0600,북한 함경북도 길주 북북서쪽 49km 지역,,- 발생깊이 : 2 km 내외\n- 2017년 9월 23일 18시 26분에 발표된 북한 지진정보의 정밀분석결과로, 현재까지 자연지진으로 추정됨.,발생시각
2,201709232251,423,20170923215302.000,6.1,16.7400,-94.9500,멕시코 오악사카 동쪽 193km 지역,,국내영향없음. 위 자료는 미지질조사소(USGS) 분석결과임.,,=
3,201709240217,425,20170923134300.000,2.6,41.3500,129.0600,북한 함경북도 길주 북북서쪽 49km 지역,,- 발생깊이 : 2km 내외\n- 6차 핵실험 위치에서 북북서쪽 약 6km 부근지역에서 발생한 자연지진으로 추정됨.\n- 본 지진정보는 9월 23일 17시 29분 발생한 지진을 정밀분석하는 과정에서 분석된 결과임.,,=
2,201709270531,437,20170927052200.000,6.0,40.3000,142.5000,일본 이와테현(혼슈) 모리오카 동북동쪽 133km 해역,,국내영향없음. 위 자료는 일본기상청(JMA) 분석결과임.,,=
3,201709301538,459,20170930153431.000,2.5,33.4200,127.1500,제주 서귀포시 성산 동쪽 25km 해역,,지진피해 없을 것으로 예상됨,,=
3,201710040218,490,20171004021148.000,2.4,35.5600,129.8800,울산 동구 동쪽 42km 해역,,지진피해 없을 것으로 예상됨,,=
3,201710041213,493,20171004121031.000,2.1,36.1600,127.1300,충남 논산시 남동쪽 4km 지역,최대진도Ⅰ,자연지진으로 분석됨,,=
2,201710061709,505,20171006170000.000,6.0,37.5000,144.0000,일본 미야기현 센다이 동남동쪽 288km 해역,,국내영향없음. 위 자료는 일본기상청(JMA) 분석결과임.,,=
2,201710070003,509,20171006235600.000,5.9,37.1000,141.2000,일본 후쿠시마현(혼슈) 후쿠시마 남동쪽 98km 해역,,국내영향없음. 위 자료는 일본기상청(JMA) 분석결과임.,,=
3,201710081222,512,20171008121828.000,2.8,34.8400,127.2500,전남 보성군 동북동쪽 17km 지역,최대진도Ⅲ(전남),Ⅱ(광주),지진피해 없을 것으로 예상됨,
2,201710101559,533,20171010153220.000,6.3,-18.5200,-69.6400,칠레 푸트레 남남서쪽 36km 지역,,국내영향없음. 위 자료는 미지질조사소(USGS) 분석결과임.,,=
3,201710130241,547,20171013014108.000,2.7,41.3900,129.0300,북한 함경북도 길주 북북서쪽 54km 지역,,자연지진으로 분석됨\n지진피해 없을 것으로 예상됨\n발생깊이 3km임,,=
3,201710160612,564,20171016060845.000,2.8,33.8600,125.3000,전남 신안군 흑산면 남쪽 89km 해역,최대진도Ⅱ(광주,전남),지진피해 없을 것으로 예상됨,
3,201710161554,572,20171016155115.000,2.5,35.7900,129.1900,경북 경주시 남남서쪽 6km 지역,최대진도Ⅲ(경북),Ⅱ(울산,전북),지진피해 없을 것으로 예상됨
3,201710180500,585,20171018045603.000,2.6,36.5900,129.4500,경북 영덕군 북북동쪽 20km 해역,최대진도Ⅱ(경북),지진피해 없을 것으로 예상됨,,=
2,201710191809,597,20171019180200.000,5.6,28.3000,131.5000,일본 가고시마현(규슈) 가고시마 남남동쪽 378km 해역,,국내영향없음. 위 자료는 일본기상청(JMA) 분석결과임.,,=
3,201710200645,601,20171020064159.000,2.0,35.9000,127.5400,전북 진안군 북동쪽 15km 지역,최대진도Ⅱ(전북),지진피해 없을 것으로 예상됨,,=
3,201710201242,607,20171020122015.000,2.2,38.4400,126.1600,북한 황해북도 평산 서북서쪽 24km 지역,,자연지진으로 분석됨,,=
3,201710211316,619,20171021131120.000,2.7,33.6300,126.0500,제주 제주시 고산 북북서쪽 39km 해역,최대진도Ⅰ,지진피해 없을 것으로 예상됨,,=
3,201710290217,693,20171029021456.000,2.2,34.3900,127.3400,전남 고흥군 남남동쪽 25km 해역,최대진도Ⅰ,지진피해 없을 것으로 예상됨,,=
3,201710301104,698,20171030110210.000,2.1,36.4200,126.4800,충남 보령시 북서쪽 15km 해역,최대진도Ⅰ,지진피해 없을 것으로 예상됨,,=
2,201710310958,706,20171031094211.000,7.0,-21.7000,169.0000,뉴칼레도니아 누메아 동북동쪽 270km 해역,,국내영향없음. 위 자료는 미지질조사소(USGS) 분석결과임.,,=
2,201711080642,774,20171108062638.000,6.6,-4.2800,143.4800,파푸아뉴기니 앙고람 서남서쪽 69km 지역,,국내영향없음. 위 자료는 미지질조사소(USGS) 분석결과임.,,=
3,201711080938,775,20171108093518.000,2.5,33.0500,126.2000,제주 제주시 고산 남쪽 28km 해역,최대진도Ⅱ(광주,전남),지진피해 없을 것으로 예상됨,
3,201711081756,787,20171108175249.000,2.0,35.1600,128.5700,경남 창원시 마산합포구 남쪽 4km 지역,최대진도Ⅰ,지진피해 없을 것으로 예상됨,,=
3,201711091334,795,20171109132942.000,2.0,35.7500,129.1800,경북 경주시 남남서쪽 10km 지역,최대진도Ⅰ,지진피해 없을 것으로 예상됨,,=
2,201711091649,799,20171109164200.000,6.1,32.2000,142.5000,일본 지바현(혼슈) 지바 남남동쪽 439km 해역,,국내영향없음. 위 자료는 일본기상청(JMA) 분석결과임.,,=
3,201711111721,807,20171111171851.000,2.2,34.8400,127.4600,전남 순천시 남남서쪽 12km 지역,최대진도Ⅱ(전남),지진피해 없을 것으로 예상됨,,=
2,201711112157,809,20171111212253.000,5.1,23.6400,120.7100,대만 화롄 서남서쪽 92km 지역,,국내영향없음. 위 자료는 대만기상국(CWB) 분석결과임.,,=
2,201711130340,828,20171113031819.000,7.2,34.9300,45.7900,이라크 바그다드 북동쪽 218km 지역,,국내영향없음.\n위 자료는 미지질조사소(USGS) 분석결과임.,,=
2,201711130731,832,20171113072400.000,5.7,38.0000,145.1000,일본 미야기현(혼슈) 센다이 동쪽 371km 해역,,국내영향없음.\n위 자료는 일본기상청(JMA) 분석결과임.,,=
2,201711131151,836,20171113112824.000,6.5,9.5300,-84.5100,코스타리카 하코 남동쪽 16km 지역,,국내영향없음. 위 자료는 미지질조사소(USGS) 분석결과임.,,=
3,201711140221,852,20171114021756.000,2.7,37.2900,124.8200,인천 백령도 남쪽 75km 해역,최대진도Ⅰ,지진피해 없을 것으로 예상됨,,=
3,201711151426,874,20171115142232.000,2.2,36.1100,129.3600,경북 포항시 북구 북쪽 7km 지역,최대진도Ⅱ(경북),지진피해 없을 것으로 예상됨,,=
3,201711151428,876,20171115142244.000,2.6,36.0800,129.3100,경북 포항시 북구 북서쪽 7km 지역,,지진피해 없을 것으로 예상됨,,=
11,201711151429,840,20171115142931.000,5.5,36.1000,129.3700,경북 포항시 북구 북쪽 6km 지역,,,,=
3,201711151435,877,20171115142931.000,5.4,36.1200,129.3600,경북 포항시 북구 북쪽 9km 지역,최대진도Ⅵ(경북),Ⅳ(강원,경남,대구
3,201711151449,878,20171115143259.000,3.6,36.1000,129.3600,경북 포항시 북구 북쪽 7km 지역,최대진도Ⅵ(경북),Ⅱ(울산),자연지진으로 분석됨,
3,201711151453,881,20171115144600.000,2.5,36.1200,129.3900,경북 포항시 북구 북북동쪽 9km 지역,최대진도Ⅱ(강원,경북,전북),자연지진으로 분석됨
3,201711151456,885,20171115145255.000,2.4,36.1100,129.3500,경북 포항시 북구 북쪽 8km 지역,최대진도Ⅲ(경북),Ⅱ(전북),자연지진으로 분석됨,
3,201711151500,886,20171115145632.000,2.8,36.1000,129.3500,경북 포항시 북구 북북서쪽 7km 지역,최대진도Ⅳ(경북),Ⅱ(강원),자연지진으로 분석됨,
3,201711151503,891,20171115150054.000,2.9,36.1000,129.3500,경북 포항시 북구 북쪽 7km 지역,최대진도Ⅳ(경북),Ⅱ(강원),자연지진으로 분석됨,
14,201711151513,841,20171115150949.000,3.6,36.0900,129.3300,경북 포항시 북구 북북서쪽 6km 지역,,,,=
3,201711151529,918,20171115150950.000,3.5,36.0900,129.3400,경북 포항시 북구 북북서쪽 6km 지역,,자연지진으로 분석됨,,=
3,201711151614,934,20171115161101.000,2.9,36.1300,129.3600,경북 포항시 북구 북쪽 10km 지역,최대진도Ⅲ(경북),Ⅱ(전북),경북 포항지진의 여진입니다. 안전에 주의바랍니다. \n자연지진으로 분석됨,
14,201711151650,940,20171115164930.000,4.6,36.1100,129.3600,경북 포항시 북구 북쪽 8Km 지역,최대진도Ⅵ(경북),Ⅲ(울산),Ⅱ(강원,경남
3,201711151654,463,20171115164930.000,4.3,36.1200,129.3600,경북 포항시 북구 북쪽 9km 지역,최대진도Ⅶ(경북),Ⅲ(대구,울산),Ⅱ(강원
3,201711151716,463,20171115171113.000,2.8,36.0000,129.3400,경북 포항시 남구 서남서쪽 2km 지역,,,,=
3,201711151845,947,20171115184146.000,2.1,36.0900,129.3200,경북 포항시 북구 북서쪽 6km 지역,최대진도Ⅰ,경북 포항지진의 여진입니다.,,=
3,201711151859,948,20171115185736.000,2.3,36.1100,129.3500,경북 포항시 북구 북북서쪽 8km 지역,최대진도Ⅲ(경북),경북 포항지진의 여진입니다.,,=
3,201711152057,952,20171115205425.000,2.4,36.1000,129.3500,경북 포항시 북구 북북서쪽 7km 지역,최대진도Ⅳ(경북),Ⅲ(강원),경북 포항지진의 여진입니다.,
3,201711152202,954,20171115215927.000,2.1,36.1400,129.3600,경북 포항시 북구 북쪽 10km 지역,최대진도Ⅰ,경북 포항지진의 여진입니다.,,=
3,201711152231,957,20171115222430.000,2.1,36.1400,129.3800,경북 포항시 북구 북쪽 11km 지역,,경북 포항지진의 여진입니다.,,=
3,201711152246,958,20171115224312.000,2.1,36.1100,129.3600,경북 포항시 북구 북쪽 7km 지역,최대진도Ⅲ(강원),Ⅱ(경북),경북 포항지진의 여진입니다.,
3,201711152308,959,20171115230516.000,2.0,36.1000,129.3600,경북 포항시 북구 북쪽 6km 지역,최대진도Ⅱ(경북),경북 포항지진의 여진입니다.,,=
3,201711152321,961,20171115231807.000,2.1,36.1300,129.3800,경북 포항시 북구 북쪽 10km 지역,,경북 포항지진의 여진입니다.,,=
3,201711160024,962,20171116002153.000,2.4,36.1400,129.3500,경북 포항시 북구 북쪽 10km 지역,최대진도Ⅱ(경북),경북 포항지진의 여진입니다.,,=
3,201711160041,963,20171116003814.000,2.0,36.0900,129.3500,경북 포항시 북구 북북서쪽 6km 지역,최대진도Ⅱ(경북),경북 포항지진의 여진입니다.,,=
3,201711160126,964,20171116012312.000,2.1,36.0900,129.3500,경북 포항시 북구 북북서쪽 6km 지역,최대진도Ⅱ(경북),경북 포항지진의 여진입니다.,,=
3,201711160139,965,20171116013605.000,2.5,36.1400,129.3600,경북 포항시 북구 북쪽 10km 지역,최대진도Ⅲ(경북),경북 포항지진의 여진입니다.,,=
3,201711160240,966,20171116023743.000,2.3,36.1400,129.3700,경북 포항시 북구 북쪽 11km 지역,최대진도Ⅱ(경북),경북 포항지진의 여진입니다.,,=
3,201711160507,968,20171116050337.000,2.0,36.0800,129.3400,경북 포항시 북구 북북서쪽 5km 지역,,경북 포항지진의 여진입니다.,,=
3,201711160557,970,20171116055411.000,2.5,36.0900,129.3400,경북 포항시 북구 북북서쪽 6km 지역,최대진도Ⅲ(경북),Ⅱ(강원),경북 포항지진의 여진입니다.,
14,201711160903,972,20171116090242.000,3.8,36.1100,129.3800,경북 포항시 북구 북쪽 8Km 지역,최대진도Ⅴ(경북),Ⅱ(울산),,
3,201711160906,972,20171116090242.000,3.6,36.1200,129.3700,경북 포항시 북구 북쪽 8km 지역,최대진도Ⅴ(경북),Ⅱ(강원,대구,울산)
3,201711160949,973,20171116094728.000,2.1,36.1200,129.3700,경북 포항시 북구 북쪽 9km 지역,최대진도Ⅰ,경북 포항지진의 여진입니다.,,=
3,201711161040,974,20171116103734.000,2.3,36.1000,129.3500,경북 포항시 북구 북북서쪽 6km 지역,최대진도Ⅲ(경북),Ⅱ(강원),경북 포항지진의 여진입니다.,
3,201711161407,976,20171116140404.000,2.3,36.1300,129.3700,경북 포항시 북구 북쪽 10km 지역,최대진도Ⅰ,경북 포항지진의 여진입니다.,,=
3,201711161434,977,20171116143109.000,2.0,36.1000,129.3400,경북 포항시 북구 북북서쪽 7km 지역,최대진도Ⅱ(강원,경북),경북 포항지진의 여진입니다.,
3,201711161652,978,20171116164831.000,2.4,36.1200,129.3600,경북 포항시 북구 북쪽 8km 지역,최대진도Ⅱ(경북),경북 포항지진의 여진입니다.,,=
3,201711161734,979,20171116173121.000,2.0,36.1100,129.3700,경북 포항시 북구 북쪽 7km 지역,최대진도Ⅱ(강원),경북 포항지진의 여진입니다.,,=
3,201711161736,980,20171116173249.000,2.2,36.1200,129.3600,경북 포항시 북구 북쪽 9km 지역,최대진도Ⅰ,경북 포항지진의 여진입니다.,,=
2,201711161852,981,20171116184300.000,6.2,32.4000,140.9000,일본 가나가와현(혼슈) 요코하마 남남동쪽 358km 해역,,국내영향없음. 위 자료는 일본기상청(JMA) 분석결과임.,,=
3,201711161908,982,20171116190505.000,2.4,36.1200,129.3600,경북 포항시 북구 북쪽 9km 지역,최대진도Ⅱ(경북),경북 포항지진의 여진입니다.,,=
3,201711170120,984,20171117011701.000,2.1,36.0800,129.3300,경북 포항시 북구 북북서쪽 6km 지역,최대진도Ⅰ,경북 포항지진의 여진입니다.,,=
3,201711170828,985,20171117082550.000,2.1,36.1200,129.3700,경북 포항시 북구 북쪽 8km 지역,최대진도Ⅰ,경북 포항지진의 여진입니다.,,=
3,201711171900,986,20171117185715.000,2.6,36.1000,129.3500,경북 포항시 북구 북북서쪽 6km 지역,최대진도Ⅳ(경북),경북 포항지진의 여진입니다.,,=
2,201711180800,988,20171118073400.000,6.9,29.7500,95.0200,중국 시짱(티베트) 린즈지구 북동쪽 56km,,국내영향없음.\n위 자료는 중국지진청(CEA) 분석결과임.,,=
3,201711190121,989,20171119011838.000,2.0,36.1100,129.3400,경북 포항시 북구 북북서쪽 8km 지역,최대진도Ⅱ(강원),경북 포항지진의 여진입니다.,,=
3,201711190336,990,20171119033331.000,2.4,36.0900,129.3500,경북 포항시 북구 북북서쪽 6km 지역,최대진도Ⅲ(경북),Ⅱ(강원),경북 포항지진의 여진입니다.,
3,201711190510,991,20171119050705.000,2.1,36.1200,129.3800,경북 포항시 북구 북쪽 9km 지역,최대진도Ⅰ,경북 포항지진의 여진입니다.,,=
3,201711190644,992,20171119064059.000,2.2,36.0900,129.3400,경북 포항시 북구 북북서쪽 6km 지역,최대진도Ⅱ(강원,경북),경북 포항지진의 여진입니다.,
14,201711192346,6,20171119234547.000,3.7,36.1200,129.3700,경북 포항시 북구 북쪽 9km 지역,최대진도Ⅳ(경북),,,=
3,201711192349,6,20171119234547.000,3.5,36.1200,129.3600,경북 포항시 북구 북쪽 9km 지역,최대진도Ⅴ(경북),경북 포항지진의 여진입니다.,,=
14,201711200606,11,20171120060515.000,3.8,36.1400,129.3700,경북 포항시 북구 북쪽 11km 지역,최대진도Ⅴ(경북),Ⅱ(울산),,
3,201711200608,11,20171120060515.000,3.6,36.1400,129.3600,경북 포항시 북구 북쪽 11km 지역,최대진도Ⅴ(경북),Ⅱ(강원,울산),경북 포항지진의 여진입니다.
2,201711200757,13,20171120074329.000,7.3,-21.3000,168.5000,뉴칼레도니아 누메아 동북동쪽 237km 해역,,국내영향없음. 위 자료는 미지질조사소(USGS) 분석결과임.,,=
3,201711210601,24,20171121055834.000,2.0,36.0900,129.3500,경북 포항시 북구 북쪽 6km 지역,최대진도Ⅱ(강원,경북),경북 포항지진의 여진입니다.,
3,201711210900,26,20171121085729.000,2.1,36.0900,129.3400,경북 포항시 북구 북북서쪽 5km 지역,최대진도Ⅰ,경북 포항지진의 여진입니다.,,=
3,201711210957,28,20171121095301.000,2.4,36.1100,129.3300,경북 포항시 북구 북북서쪽 8km 지역,최대진도Ⅱ(경북,전북),경북 포항지진의 여진입니다.,
3,201711221244,45,20171122124146.000,2.5,36.1000,129.3500,경북 포항시 북구 북북서쪽 6km 지역,최대진도Ⅳ(경북),Ⅱ(전북),경북 포항지진의 여진입니다.,
3,201711222219,58,20171122221541.000,2.0,36.1200,129.3500,경북 포항시 북구 북쪽 9km 지역,최대진도Ⅰ,경북 포항지진의 여진입니다.,,=
2,201711222345,59,20171122232009.000,5.5,23.5900,120.7300,대만 화롄 서남서쪽 93km 지역,,국내영향없음. 위 자료는 대만기상국(CWB) 분석결과임.,,=
3,201711232330,67,20171123232705.000,2.3,36.1100,129.3700,경북 포항시 북구 북쪽 8km 지역,최대진도Ⅱ(강원,경북),경북 포항지진의 여진입니다.,
3,201711240035,69,20171124002956.000,2.6,37.2300,125.0400,인천 옹진군 연평도 남서쪽 76km 해역,,지진피해 없을 것으로 예상됨,,=
3,201711240119,70,20171124011727.000,2.3,36.1100,129.3500,경북 포항시 북구 북쪽 7km 지역,최대진도Ⅲ(경북),Ⅱ(강원),경북 포항지진의 여진입니다.,
3,201711242132,81,20171124212725.000,2.3,34.0500,125.5700,전남 신안군 흑산면 남쪽 68km 해역,최대진도Ⅱ(강원),자연지진으로 분석됨,,=
3,201711251254,97,20171125125111.000,2.0,36.1000,129.3500,경북 포항시 북구 북쪽 7km 지역,최대진도Ⅱ(경북),경북 포항지진의 여진입니다.,,=
3,201711251414,101,20171125141041.000,2.3,36.1100,129.3500,경북 포항시 북구 북쪽 7km 지역,최대진도Ⅲ(경북),Ⅱ(강원),경북 포항지진의 여진입니다.,
3,201711260317,109,20171126031345.000,2.9,36.4700,124.8300,충남 태안군 서격렬비도 서남서쪽 64km 해역,최대진도Ⅰ,지진피해 없을 것으로 예상됨,,=
3,201712010807,156,20171201080326.000,2.4,36.1000,129.3500,경북 포항시 북구 북북서쪽 7km 지역,,경북 포항지진의 여진입니다.,,=
2,201712011154,158,20171201113246.000,6.0,30.7700,57.3300,이란 케르만 북북동쪽 59km ,,국내영향없음. 위 자료는 미지질조사소(USGS) 분석결과임.,,=
2,201712011215,162,20171201115000.000,6.0,-6.1400,147.6000,파푸아뉴기니 핀샤펜 북북서쪽 59km 지역,,국내영향없음. 위 자료는 미지질조사소(USGS) 분석결과임.,,=
3,201712011627,164,20171201162348.000,2.7,33.2400,127.3200,제주 서귀포시 성산 동남동쪽 44km 해역,최대진도Ⅰ,지진피해 없을 것으로 예상됨,,=
3,201712021043,174,20171202074556.000,2.5,41.3100,129.1100,북한 함경북도 길주 북북서쪽 43km 지역,,자연지진이며, 6차 북한 핵실험으로 발생한 유발지진으로 추정됨.\n6차 북핵 위치로부터 북동쪽으로 약 2.7km 지역. \n한국지질자원연구원과 공동으로 분석한 결과임.,
3,201712030117,181,20171203011347.000,2.1,36.7500,128.8200,경북 안동시 북북동쪽 22km 지역,,지진피해 없을 것으로 예상됨,,=
2,201712032043,192,20171203201906.000,6.0,-0.4800,-80.2800,에콰도르 바이아데카라케스 북동쪽 19km 지역,,국내영향없음. 위 자료는 미지질조사소(USGS) 분석결과임.,,=
3,201712042159,197,20171204215547.000,2.5,33.4200,127.1500,제주 서귀포시 성산 동쪽 25km 해역,,지진피해 없을 것으로 예상됨,,=
3,201712052122,201,20171205211932.000,2.1,36.0200,129.4600,경북 포항시 남구 동쪽 9km 해역,최대진도Ⅰ,지진피해 없을 것으로 예상됨,,=
2,201712060020,203,20171206001300.000,5.2,36.4000,138.0000,일본 나가노현(혼슈) 나가노 남남서쪽 33km 지역,,국내영향없음. 위 자료는 일본기상청(JMA) 분석결과임.,,=
3,201712060057,204,20171206004053.000,2.8,41.3200,129.1300,북한 함경북도 길주 북북서쪽 44km 지역,,자연지진이며, 6차 북한 핵실험으로 발생한 유발지진으로 추정됨.\n6차 북핵 위치로부터 북동쪽으로 약 5km 지역.\n한국지질자원연구원과 공동으로 분석한 결과임.,
5,201712060102,206,20171205234053.000,2.8,41.3200,129.1300,북한 함경북도 길주 북북서쪽 44km 지역,,자연지진이며, 6차 북한 핵실험으로 발생한 유발지진으로 추정됨.\n6차 북핵 위치로부터 북동쪽으로 약 5km 지역.\n한국지질자원연구원과 공동으로 분석한 결과임.,진원시 수정
3,201712090152,226,20171209014959.000,2.2,36.1000,129.3500,경북 포항시 북구 북북서쪽 7km 지역,최대진도Ⅲ(경북),경북 포항지진의 여진입니다.,,=
3,201712090242,227,20171209023918.000,2.3,36.1000,129.3500,경북 포항시 북구 북북서쪽 7km 지역,최대진도Ⅲ(경북),경북 포항지진의 여진입니다.,,=
3,201712091619,234,20171209161537.000,2.3,35.6100,129.9900,울산 동구 동북동쪽 54km 해역,최대진도Ⅰ,지진피해 없을 것으로 예상됨,,=
3,201712091643,235,20171209151335.000,3.0,41.3200,129.1000,북한 함경북도 길주 북북서쪽 45km 지역,,자연지진이며, 6차 핵실험으로 발생한 유발지진으로 추정됨.\n6차 북핵 위치로부터 북동쪽으로 약 3km 지역.\n한국지질자원연구원과 공동으로 분석한 결과임.,
3,201712091732,236,20171209154002.000,2.8,41.3100,129.1100,북한 함경북도 길주 북북서쪽 43km 지역,,자연지진이며, 6차 핵실험으로 발생한 유발지진으로 추정됨.\n6차 북핵 위치로부터 북동쪽으로 약 3km 지역\n한국지질자원연구원과 공동으로 분석한 결과임.,
3,201712121024,245,20171212100604.000,2.5,38.3200,126.1800,북한 황해북도 평산 서쪽 19km 지역,최대진도Ⅰ,자연지진으로 분석됨,,=
2,201712130715,249,20171213064131.000,6.0,30.8400,57.2700,이란 케르만 북북동쪽 64km 지역,,국내영향없음. 위 자료는 미지질조사소(USGS) 분석결과임.,,=
2,201712160211,268,20171216014756.000,6.5,-7.7300,108.0200,인도네시아 자카르타 남동쪽 200km 지역 ,,국내영향없음.\n위 자료는 미지질조사소(USGS) 분석결과임.,,=
3,201712191338,284,20171219133428.000,2.1,35.7700,129.4200,경북 경주시 동남동쪽 20km 지역,최대진도Ⅳ(경북),Ⅱ(울산),지진피해 없을 것으로 예상됨,
3,201712201926,305,20171220192234.000,2.3,36.0900,125.6400,충남 태안군 서격렬비도 남쪽 57km 해역,최대진도Ⅰ,지진피해 없을 것으로 예상됨,,=
3,201712211204,311,20171221120112.000,2.0,36.7200,128.0100,경북 문경시 북서쪽 21km 지역,최대진도Ⅰ,지진피해 없을 것으로 예상됨,,=
3,201712221324,324,20171222123529.000,2.2,39.3100,127.1500,북한 함경남도 고원 남남서쪽 15km 지역,,자연지진으로 분석됨,,=
14,201712251620,351,20171225161921.000,3.7,36.0800,129.4100,경북 포항시 북구 북동쪽 6km 지역,최대진도Ⅳ(경북),Ⅱ(울산),위 정보는 이동속도가 빠른 지진파(P파)만을 이용하여 자동 추정한 정보임. 수동으로 분석한 정보는 '지진정보'로 추가 발표할 예정임.,
3,201712251622,351,20171225161922.000,3.5,36.1100,129.3600,경북 포항시 북구 북쪽 8km 지역,최대진도Ⅳ(경북),Ⅱ(대구,울산),경북 포항지진의 여진입니다.
3,201712251635,353,20171225163202.000,2.1,36.1100,129.3600,경북 포항시 북구 북쪽 7km 지역,최대진도Ⅰ,경북 포항지진의 여진입니다.,,=
3,201712260408,355,20171226040546.000,2.2,36.1400,129.3700,경북 포항시 북구 북쪽 11km 지역,최대진도Ⅰ,경북 포항지진의 여진입니다.,,=
3,201712271930,365,20171227192745.000,2.8,36.1100,129.3600,경북 포항시 북구 북쪽 7km 지역,최대진도Ⅱ(경북),경북 포항지진의 여진입니다.\n지진피해 없을 것으로 예상됨.,,=
3,201712271946,368,20171227194244.000,2.3,36.1100,129.3600,경북 포항시 북구 북쪽 7km 지역,최대진도Ⅱ(경북),경북 포항지진의 여진입니다.\n지진피해 없을 것으로 예상됨.,,=
3,201712291742,378,20171229174022.000,2.1,36.1100,129.3500,경북 포항시 북구 북북서쪽 8km 지역,최대진도Ⅰ,지진피해 없을 것으로 예상됨\n경북 포항지진의 여진입니다.,,=
3,201712301946,394,20171230194413.000,2.0,35.7600,129.1700,경북 경주시 남남서쪽 9km 지역,최대진도Ⅰ,지진피해 없을 것으로 예상됨,,=
3,201801011847,5,20180101183501.000,2.1,38.3300,126.1600,북한 황해북도 평산 서쪽 20km 지역,최대진도Ⅰ,자연지진으로 분석됨,,=
3,201801011915,6,20180101191153.000,2.0,36.1100,129.3600,경북 포항시 북구 북쪽 8km 지역,최대진도Ⅰ,경북 포항지진의 여진입니다.\n지진피해 없을 것으로 예상됨.,,=
3,201801060251,28,20180106024716.000,2.2,37.7100,125.9400,인천 옹진군 연평도 동북동쪽 21km 해역,최대진도Ⅰ,지진피해 없을 것으로 예상됨,,=
3,201801091621,62,20180109161751.000,2.1,33.9800,127.1100,전남 여수시 거문도 서남서쪽 19km 해역,최대진도Ⅰ,지진피해 없을 것으로 예상됨,,=
2,201801101210,67,20180110115132.000,7.8,17.5000,-83.6000,온두라스 테구시갈파 북동쪽 540km 해역,,국내영향없음. 위 자료는 미지질조사소(USGS) 분석결과임.,,=
3,201801101847,69,20180110184259.000,2.0,36.2600,127.3400,대전 서구 남남서쪽 12km 지역,최대진도Ⅰ,지진피해 없을 것으로 예상됨,,=
2,201801120345,80,20180112032624.000,6.0,18.4300,96.0900,미얀마 네피도 남쪽 145km ,,국내영향없음. 위 자료는 미지질조사소(USGS) 분석결과임.,,=
2,201801141832,103,20180114181846.000,7.3,-15.7000,-74.7000,페루 아카리 남남서쪽 31km 해역 ,,국내영향없음. 위 자료는 미지질조사소(USGS) 분석결과임.,,=
2,201801211038,158,20180121100642.000,6.3,-18.8900,-69.6200,칠레 아리카 남동쪽 86km 지역,,국내영향없음.\n위 자료는 미지질조사소(USGS) 분석결과임.,,=
2,201801231848,176,20180123183140.000,8.0,56.0000,-149.2000,알래스카 앵커리지 남쪽 583km 해역 ,,국내영향없음. 위 자료는 미지질조사소(USGS) 분석결과임.,,=
3,201801240129,179,20180124012517.000,2.4,34.3200,127.3200,전남 여수시 거문도 북쪽 32km 해역,,지진피해 없을 것으로 예상됨,,=
2,201801241956,186,20180124195100.000,6.2,41.0000,142.5000,일본 아오모리현(혼슈) 아오모리 동쪽 149km 해역,,국내영향없음.\n위 자료는 일본기상청(JMA) 분석결과임.,,=
3,201801282025,225,20180128200706.000,3.2,40.2400,127.3000,북한 함경남도 장진 남남동쪽 16km 지역,최대진도Ⅰ,자연지진으로 분석됨,,=
2,201801311632,252,20180131160700.000,6.1,36.5400,70.8200,아프가니스탄 카불 북동쪽 188km 지역,,국내영향없음. 위 자료는 미지질조사소(USGS) 분석결과임.,,=
3,201802021224,284,20180202122112.000,2.9,36.1200,129.3700,경북 포항시 북구 북쪽 9km 지역,최대진도Ⅳ(경북),자연지진으로 분석됨.\n경북 포항지진의 여진입니다.,,=
3,201802031116,288,20180203111218.000,2.0,36.1400,129.3600,경북 포항시 북구 북쪽 11km 지역,최대진도Ⅱ(경북),경북 포항지진의 여진입니다.\n지진피해 없을 것으로 예상됨.,,=
3,201802031238,290,20180203123501.000,2.6,33.7700,127.4000,전남 여수시 거문도 남남동쪽 30km 해역,최대진도Ⅰ,지진피해 없을 것으로 예상됨,,=
3,201802041546,291,20180204154338.000,2.1,36.1100,129.3600,경북 포항시 북구 북쪽 8km 지역,최대진도Ⅱ(경북),지진피해 없을 것으로 예상됨.\n경북 포항지진의 여진입니다.,,=
3,201802041854,292,20180204185025.000,2.8,36.3700,127.6200,충북 옥천군 북북동쪽 8km 지역,최대진도Ⅲ(경북,대전,세종,전북
3,201802042222,293,20180204222035.000,2.3,36.0600,129.3100,경북 포항시 북구 서북서쪽 5km 지역,최대진도Ⅰ,지진피해 없을 것으로 예상됨.\n경북 포항지진의 여진입니다.,,=
2,201802042317,294,20180204225641.000,6.1,24.1000,121.6600,대만 화롄 북동쪽 20km 해역,,국내영향없음. 위 자료는 미지질조사소(USGS) 분석결과임.,,=
2,201802060609,309,20180206055700.000,5.7,27.1000,141.0000,일본 시즈오카현(혼슈) 시즈오카 남남동쪽 910km 해역,,국내영향없음. 위 자료는 일본기상청(JMA) 분석결과임.,,=
3,201802060921,310,20180206091833.000,2.5,36.0800,129.3300,경북 포항시 북구 북서쪽 5km 지역,최대진도Ⅲ(경북),지진피해 없을 것으로 예상됨\n경북 포항지진의 여진입니다.,,=
3,201802062100,319,20180206195353.000,2.6,41.3300,129.1000,북한 함경북도 길주 북북서쪽 46km 지역,,자연지진이며, 6차 핵실험으로 발생한 유발지진으로 추정됨.\n6차 북핵 위치로부터 북동쪽으로 약 3km 지역.\n한국지질자원연구원과 공동으로 분석한 결과임.,
2,201802070114,325,20180207005042.000,6.0,24.1400,121.6900,대만 화롄 북북동쪽 18km 해역,,국내영향없음. \n위 자료는 대만기상국(CWB) 분석결과임.,,=
2,201802080033,338,20180208002131.000,5.7,24.1200,121.7900,대만 화롄 북동쪽 22km 해역,,국내영향없음.\n위 자료는 대만기상국(CWB) 분석결과임.,,=
3,201802080759,339,20180208064601.000,2.7,41.3200,129.0900,북한 함경북도 길주 북북서쪽 45km 지역,,자연지진이며, 6차 핵실험으로 발생한 유발지진으로 추정됨.\n6차 북핵 위치로부터 북동쪽으로 2km 지역.\n한국지질자원연구원과 공동으로 분석한 결과임.,
3,201802081003,341,20180208095649.000,2.7,35.1000,124.9900,전남 신안군 흑산면 북서쪽 67km 해역,,지진피해 없을 것으로 예상됨,,=
3,201802090046,359,20180209004345.000,2.5,33.9200,125.2200,전남 신안군 흑산면 남남서쪽 85km 해역,최대진도Ⅰ,지진피해 없을 것으로 예상됨,,=
3,201802100135,368,20180210013238.000,2.4,36.6000,125.7600,충남 태안군 서격렬비도 동쪽 20km 해역,최대진도Ⅰ,지진피해 없을 것으로 예상됨,,=
14,201802110503,379,20180211050303.000,4.7,36.0900,129.3300,경북 포항시 북구 북북서쪽 6km 지역,최대진도Ⅵ(경북),Ⅳ(울산),Ⅲ(경남,대구)
3,201802110507,379,20180211050303.000,4.6,36.0800,129.3300,경북 포항시 북구 북서쪽 5km 지역,최대진도Ⅴ(경북),Ⅳ(울산),Ⅲ(경남,대구)
3,201802110542,386,20180211053806.000,2.1,36.0900,129.3200,경북 포항시 북구 북서쪽 7km 지역,최대진도Ⅰ,경북 포항지진의 여진입니다.,,=
3,201802110814,394,20180211081138.000,2.1,36.0800,129.3400,경북 포항시 북구 북북서쪽 5km 지역,최대진도Ⅰ,경북 포항지진의 여진입니다.,,=
3,201802111217,401,20180211121428.000,2.1,36.0800,129.3200,경북 포항시 북구 북서쪽 6km 지역,최대진도Ⅰ,경북 포항지진의 여진입니다.,,=
3,201802111252,402,20180211124937.000,2.4,36.0800,129.3300,경북 포항시 북구 북서쪽 5km 지역,최대진도Ⅱ(경북),경북 포항지진의 여진입니다.,,=
3,201802130632,426,20180213063012.000,2.6,36.0700,129.3300,경북 포항시 북구 북서쪽 5km 지역,최대진도Ⅱ(경북),경북 포항지진의 여진입니다.,,=
3,201802131035,434,20180213103210.000,2.2,36.1200,129.3700,경북 포항시 북구 북쪽 9km 지역,최대진도Ⅱ(경북),경북 포항지진의 여진입니다.,,=
3,201802140219,441,20180214021426.000,2.3,37.8000,125.3800,북한 황해남도 옹진 남쪽 14km 해역,최대진도Ⅰ,자연지진으로 분석됨,,=
2,201802170905,460,20180217083942.000,7.2,16.6500,-97.6500,멕시코 오악사카 서남서쪽 109km 지역,,국내영향없음. 위 자료는 미지질조사소(USGS) 분석결과임.,,=
3,201802171839,461,20180217183548.000,2.0,36.1100,129.3700,경북 포항시 북구 북쪽 8km 지역,최대진도Ⅱ(경북),경북 포항지진의 여진입니다.,,=
3,201802172134,466,20180217213118.000,2.6,36.0900,129.3300,경북 포항시 북구 북북서쪽 6km 지역,최대진도Ⅱ(경북),지진피해 없을 것으로 예상됨\n경북 포항지진의 여진입니다.,,=
3,201802172341,468,20180217233856.000,2.2,36.1000,129.3500,경북 포항시 북구 북북서쪽 6km 지역,최대진도Ⅱ(경북),지진피해 없을 것으로 예상됨\n경북 포항지진의 여진입니다.,,=
3,201802180337,473,20180218033427.000,2.4,36.0700,129.3300,경북 포항시 북구 북서쪽 4km 지역,최대진도Ⅰ,지진피해 없을 것으로 예상됨\n경북 포항지진의 여진입니다.,,=
2,201802192356,498,20180219234701.000,5.3,24.6300,121.6100,대만 타이베이 남쪽 47km 지역,,국내영향없음. 위 자료는 대만기상국(CWB) 분석결과임.,,=
2,201802260138,561,20180226012800.000,5.7,37.5000,141.8000,일본 미야기현(혼슈) 센다이 남동쪽 118km 해역,,국내영향없음. 위 자료는 일본기상청(JMA) 분석결과임.,,=
3,201802260226,562,20180226022303.000,2.4,33.9700,126.8700,전남 완도군 남남동쪽 39km 해역,최대진도Ⅰ,지진피해 없을 것으로 예상됨,,=
2,201802260301,565,20180226024439.000,7.6,-6.2000,142.8000,파푸아뉴기니 멘디 서쪽 95km 지역,,국내영향없음.\n위 자료는 미지질조사소(USGS) 분석결과임.,,=
3,201802261112,567,20180226110657.000,2.5,34.5200,125.3200,전남 신안군 흑산면 남서쪽 20km 해역,최대진도Ⅰ,자연지진으로 분석됨,,=
2,201802261747,572,20180226172659.000,6.0,-6.4300,143.2700,파푸아뉴기니 멘디 서남서쪽 50km 지역,,국내영향없음. 위 자료는 미지질조사소(USGS) 분석결과임.,,=
2,201802270041,575,20170227001757.000,6.3,-6.5000,143.2600,파푸아뉴기니 멘디 남서쪽 56km 지역,,국내영향없음. 위 자료는 미지질조사소(USGS) 분석결과임.,,=
2,201802270551,576,20180227001759.000,6.2,-6.5000,143.2600,파푸아뉴기니 멘디 남서쪽 56km 지역,,발생시각(2017-02-27 00:17:57에서 2018-02-27 00:17:59),\n규모(6.3에서 6.2) 및 깊이(5km에서 14km) 수정에 따른 재통보임.\n국내영향없음. 위 자료는 미지질조사소(USGS) 분석결과임.,
3,201802271319,584,20180227131443.000,2.2,37.0200,124.8700,충남 태안군 서격렬비도 북서쪽 75km 해역,최대진도Ⅰ,지진피해 없을 것으로 예상됨,,=
2,201802281209,595,20180228114544.000,6.0,-6.1700,142.4800,파푸아뉴기니 멘디 서쪽 131km 지역,,국내영향없음. 위 자료는 미지질조사소(USGS) 분석결과임.,,=
2,201803012255,600,20180301224700.000,5.7,24.2000,123.8000,일본 오키나와 이리오모테섬 남쪽 8km 해역,,국내영향없음. 위 자료는 일본기상청(JMA) 분석결과임.,,=
3,201803040056,614,20180304005247.000,2.6,38.1300,130.3300,경북 울릉군 북서쪽 88km 해역,최대진도Ⅰ,지진피해 없을 것으로 예상됨,,=
2,201803042355,621,20180304233322.000,6.0,-6.0600,142.7300,파푸아뉴기니 멘디 서쪽 102km 지역,,국내영향없음.\n위 자료는 미지질조사소(USGS) 분석결과임.,,=
2,201803062329,636,20180306231311.000,6.7,-6.3000,142.6000,파푸아뉴기니 멘디 서쪽 118km 지역,,국내영향없음. 위 자료는 미지질조사소(USGS) 분석결과임.,,=
3,201803082320,663,20180308231647.000,2.0,35.3000,127.3300,전남 곡성군 동북동쪽 4km 지역,최대진도Ⅰ,지진피해 없을 것으로 예상됨,,=
3,201803082342,664,20180308233841.000,2.0,35.3100,127.3200,전남 곡성군 북동쪽 4km 지역,최대진도Ⅰ,지진피해 없을 것으로 예상됨,,=
2,201803090252,669,20180309023950.000,7.0,-4.2600,153.3600,파푸아뉴기니 뉴아일랜드 동쪽 30km 해역,,국내영향없음. 위 자료는 미지질조사소(USGS) 분석결과임.,,=
3,201803091809,676,20180309180537.000,2.2,36.9500,126.4500,충남 서산시 북쪽 18km 지역,최대진도Ⅰ,지진피해 없을 것으로 예상됨,,=
3,201803100134,682,20180310013139.000,2.8,36.1400,129.3700,경북 포항시 북구 북쪽 11km 지역,최대진도Ⅳ(경북),경북 포항지진의 여진입니다.,,=
3,201803160026,733,20180316002323.000,2.0,36.9800,128.4200,충북 단양군 동남동쪽 5km 지역,최대진도Ⅰ,지진피해 없을 것으로 예상됨,,=
3,201803161806,747,20180316180247.000,2.7,36.1000,129.3500,경북 포항시 북구 북북서쪽 7km 지역,,경북 포항지진의 여진입니다.,,=
2,201803201852,772,20180320182256.000,5.2,23.3100,120.5400,대만 카오슝 북북동쪽 79km 지역,,국내영향없음. 위 자료는 대만기상국(CWB) 분석결과임.,,=
2,201803252344,817,20180325233700.000,6.1,32.7000,140.9000,일본 가나가와현(혼슈) 요코하마 남남동쪽 326km 해역,,국내영향없음. 위 자료는 일본기상청(JMA) 분석결과임.,,=
3,201803260943,830,20180326094039.000,2.7,37.7800,124.8300,인천 백령도 남동쪽 24km 해역,최대진도Ⅰ,지진피해 없을 것으로 예상됨,,=
2,201803261907,844,20180326185104.000,7.0,-5.7000,151.5000,파푸아뉴기니 킴베 동쪽 150km 해역,,국내영향없음.\n위 자료는 미지질조사소(USGS) 분석결과임.,,=
2,201803300648,893,20180330062532.000,6.9,-5.4700,151.4500,파푸아뉴기니 킴베 동쪽 145km 지역,,국내영향없음.\n위 자료는 미지질조사소(USGS) 분석결과임.,,=
2,201803300822,898,20180330081700.000,5.1,36.4000,140.6000,일본 이바라키현(혼슈) 미토 동북동쪽 12km 지역,,국내영향없음. 위 자료는 일본기상청(JMA) 분석결과임.,,=
2,201803300822,898,20180330081700.000,5.1,36.4000,140.6000,일본 이바라키현(혼슈) 미토 동북동쪽 12km 지역,,국내영향없음. 위 자료는 일본기상청(JMA) 분석결과임.,,=
3,201803310023,914,20180331002012.000,2.0,36.1000,129.3600,경북 포항시 북구 북쪽 7km 지역,최대진도Ⅱ(경북),경북 포항지진의 여진입니다.,,=
2,201804022305,935,20180402224034.000,6.8,-20.6700,-63.0200,볼리비아 산타크루즈 남쪽 310km 지역,,국내영향없음. 위 자료는 미지질조사소(USGS) 분석결과임.,,=
3,201804062112,960,20180406210911.000,2.6,36.0800,129.8200,경북 포항시 북구 동쪽 41km 해역,최대진도Ⅰ,지진피해 없을 것으로 예상됨,,=
2,201804071509,970,20180407144838.000,6.3,-5.8400,142.4900,파푸아뉴기니 멘디 서북서쪽 134km 지역 ,,국내영향없음. 위 자료는 미지질조사소(USGS) 분석결과임.,,=
2,201804090140,981,20180409013200.000,5.8,35.2000,132.6000,일본 시마네현(혼슈) 마쓰에 남서쪽 50km 지역,,국내영향없음. 위 자료는 일본기상청(JMA) 분석결과임.,,=
3,201804091219,989,20180409121540.000,2.4,35.7600,129.1900,경북 경주시 남남서쪽 8km 지역,최대진도Ⅲ(경북,울산),9.12 지진의 여진임\n피해 없을 것으로 예상함,
2,201804101946,13,20180410191934.000,6.2,-30.9900,-71.5600,칠레 오바예 남서쪽 54km 지역,,국내영향없음. 위 자료는 미지질조사소(USGS) 분석결과임.,,=
3,201804230544,121,20180423043117.000,2.3,41.3500,129.1200,북한 함경북도 길주 북북서쪽 47km 지역,,자연지진으로 분석됨.\n지진피해 없을 것으로 예상됨.,,=
3,201804231314,122,20180423131021.000,2.4,33.2100,126.4000,제주 서귀포시 서남서쪽 16km 해역,최대진도Ⅰ,지진피해 없을 것으로 예상됨,,=
3,201804240524,124,20180424052032.000,2.5,37.0600,125.9200,인천 옹진군 덕적도 남서쪽 27km 해역,최대진도Ⅰ,지진피해 없을 것으로 예상됨,,=
3,201805011912,201,20180501190905.000,2.0,35.7700,129.2000,경북 경주시 남쪽 8km 지역,최대진도Ⅱ(경북,울산),9.12 지진의 여진임\n피해 없을 것으로 예상함,
2,201805020858,211,20180502084706.000,5.5,24.0500,122.2300,대만 화롄 동쪽 70km 해역,,국내영향없음. 위 자료는 대만기상국(CWB) 분석결과임.,,=
3,201805021237,218,20180502123436.000,2.5,36.5600,127.6400,충북 보은군 북서쪽 11km 지역,최대진도Ⅱ(경북,대전,세종,충남
3,201805041924,210,20180504192049.000,2.0,36.1000,127.7000,충북 영동군 남서쪽 11km 지역,최대진도 Ⅰ,지진피해 없을 것으로 예상됨,,=
2,201805050809,214,20180505073255.000,6.9,19.3700,-155.0300,하와이 힐로 남쪽 40km 지역,,국내영향없음.\n위 자료는 미지질조사소(USGS) 분석결과임.,,=
2,201805061527,231,20180506150400.000,6.0,32.2000,140.2000,일본 도쿄 남쪽 390km 해역,,국내영향없음.\n위 자료는 일본기상청(JMA) 분석결과임.,,=
3,201805070156,237,20180507015208.000,2.0,36.7200,128.3700,경북 예천군 북서쪽 10km 지역,최대진도 Ⅰ,지진피해 없을 것으로 예상됨,,=
2,201805070507,240,20180507050100.000,5.2,39.6000,141.2000,일본 이와테현(혼슈) 모리오카 남남동쪽 12km 지역,,국내영향없음. 위 자료는 일본기상청(JMA) 분석결과임.,,=
2,201805092007,289,20180509194145.000,6.2,36.9900,71.3700,아프가니스탄 카불 북동쪽 338km 지역,,국내영향없음. 위 자료는 미지질조사소(USGS) 분석결과임.,,=
2,201805121047,357,20180512102900.000,5.1,36.6000,137.9000,일본 나가노현(혼슈) 나가노 서남서쪽 27km 지역,,국내영향없음. 위 자료는 일본기상청(JMA) 분석결과임.,,=
3,201805140211,377,20180514020738.000,2.5,33.6200,125.5800,제주 제주시 고산 서북서쪽 65km 해역,최대진도 Ⅰ,지진피해 없을 것으로 예상됨,,=
3,201805201401,516,20180520135831.000,2.0,34.1600,125.6100,전남 신안군 흑산면 남남동쪽 56km 해역,최대진도 Ⅰ,지진피해 없을 것으로 예상됨,,=
3,201805220015,545,20180522001241.000,2.2,36.3700,129.4900,경북 영덕군 동남동쪽 12km 해역,최대진도 Ⅰ,지진피해 없을 것으로 예상됨,,=
2,201805252126,640,20180525211300.000,5.1,36.9000,138.5000,일본 나가노현(혼슈) 나가노 북동쪽 39km 지역,,국내영향없음. 위 자료는 일본기상청(JMA) 분석결과임.,,=
2,201805280313,674,20180528025000.000,5.7,45.2700,124.7100,중국 길림성 송원시 북서쪽 17km 지역,,국내영향없음. 위 자료는 중국지진국(CEA) 분석결과임.,,=
3,201805310017,775,20180531001322.000,2.6,36.2200,129.3800,경북 포항시 북구 북쪽 20km 지역,최대진도 Ⅱ(경북),지진피해 없을 것으로 예상됨,,=
3,201805311652,800,20180531163815.000,2.8,38.5300,127.6800,북한 강원 회양 남남동쪽 21km 지역,최대진도 Ⅰ,자연지진으로 분석됨,,=
3,201806091740,32,20180609173846.000,2.3,35.8700,129.7300,경북 포항시 남구 동남동쪽 37km 해역,최대진도 Ⅰ,지진피해 없을 것으로 예상됨,,=
3,201806091740,32,20180609173846.000,2.3,35.8700,129.7300,경북 포항시 남구 동남동쪽 37km 해역,최대진도 Ⅰ,지진피해 없을 것으로 예상됨,,=
2,201806120501,74,20180612045400.000,5.5,31.2000,131.5000,일본 미야자키현(규슈) 미야자키 남쪽 79km 해역,,국내영향없음. 위 자료는 일본기상청(JMA) 분석결과임.,,=
3,201806151112,140,20180615111002.000,2.1,36.3900,128.4900,경북 의성군 서북서쪽 19km 지역,최대진도 Ⅰ,지진피해 없을 것으로 예상됨,,=
3,201806162109,180,20180616210525.000,2.3,37.1900,129.0800,강원 삼척시 남남서쪽 30km 지역,최대진도 Ⅲ(강원),지진피해 없을 것으로 예상됨,,=
2,201806180805,197,20180618075800.000,5.9,34.8000,135.6000,일본 오사카부(혼슈) 오사카 북동쪽 15km 지역,,국내영향없음. 위 자료는 일본기상청(JMA) 분석결과임.,,=
3,201806202311,272,20180620230649.000,2.1,34.9000,124.8100,전남 신안군 흑산면 서북서쪽 66km 해역,최대진도 Ⅰ,지진피해 없을 것으로 예상됨,,=
3,201806281846,479,20180628184300.000,2.7,38.1800,127.3400,강원 철원군 북북동쪽 4km 지역,최대진도 Ⅲ(강원,경기),지진피해 없을 것으로 예상됨,
3,201806282108,482,20180628210326.000,2.2,36.9900,125.2500,충남 태안군 서격렬비도 북북서쪽 50km 해역,최대진도 Ⅰ,지진피해 없을 것으로 예상됨,,=
3,201807011536,547,20180701153322.000,2.2,37.6300,129.4800,강원 삼척시 북동쪽 34km 해역,최대진도 Ⅰ,지진피해 없을 것으로 예상됨,,=
3,201807040442,601,20180704043940.000,2.1,37.3000,127.7000,경기 여주시 동쪽 6km 지역,최대진도 Ⅳ(강원,경기),Ⅱ(충북),지진피해 없을 것으로 예상됨
2,201807072029,728,20180707202300.000,6.0,35.1000,140.6000,일본 지바현(혼슈) 지바 남동쪽 72km 해역,,국내영향없음. 위 자료는 일본기상청(JMA) 분석결과임.,,=
3,201807172022,889,20180717201912.000,2.7,35.9100,127.8100,전북 무주군 남동쪽 17km 지역,최대진도 Ⅳ(경남,전북),Ⅲ(경북,충북)
3,201807190554,916,20180719055211.000,2.5,35.8300,129.8000,경북 포항시 남구 동남동쪽 44km 해역,최대진도 Ⅰ,지진피해 없을 것으로 예상됨,,=
3,201807201217,965,20180720121433.000,2.4,36.0100,126.1600,전북 군산시 어청도 남동쪽 21km 해역,최대진도 Ⅰ,지진피해 없을 것으로 예상됨,,=
3,201807201232,969,20180720122933.000,2.3,35.8400,129.7900,경북 포항시 남구 동남동쪽 43km 해역,최대진도 Ⅰ,지진피해 없을 것으로 예상됨,,=
3,201807212333,8,20180721233047.000,2.2,34.4700,127.2500,전남 고흥군 남남서쪽 16km 해역,최대진도 Ⅱ(전남),지진피해 없을 것으로 예상됨,,=
3,201807221402,12,20180722135911.000,2.6,33.4300,125.9300,제주 제주시 서쪽 56km 해역,최대진도 Ⅰ,지진피해 없을 것으로 예상됨,,=
2,201807290811,128,20180729074737.000,6.4,-8.3300,116.4900,인도네시아 롬복 북서쪽 27km 지역,,국내영향없음. 위 자료는 미지질조사소(USGS) 분석결과임.,,=
2,201808052115,234,20180805204634.000,7.0,-8.2700,116.4600,인도네시아 롬복 북서쪽 35km 지역,,국내영향 없을 것으로 예상됨.\n위 자료는 미지질조사소(USGS) 분석결과임.,,=
3,201808090024,268,20180809002124.000,2.1,37.0300,125.3000,충남 태안군 서격렬비도 북북서쪽 51km 해역,최대진도 Ⅰ,지진피해 없을 것으로 예상됨,,=
3,201808090028,270,20180809002308.000,2.1,37.0300,125.2700,충남 태안군 서격렬비도 북북서쪽 53km 해역,최대진도 Ⅰ,지진피해 없을 것으로 예상됨,,=
3,201808102144,292,20180810214119.000,2.4,33.2100,127.5300,제주 서귀포시 동쪽 90km 해역,최대진도 Ⅰ,지진피해 없을 것으로 예상됨,,=
2,201808130020,312,20180812235853.000,6.5,69.8000,-145.0000,미국 알래스카 카크토빅 남서쪽 64km 지역,,국내영향없음.\n위 자료는 미지질조사소(USGS) 분석결과임.,,=
2,201808130647,315,20180813061500.000,6.4,69.7500,-144.2000,미국 알래스카 카크토빅 남남서쪽 65km 지역,,국내영향없음.\n위 자료는 미지질조사소(USGS) 분석결과임.,,=
3,201808150306,339,20180815030159.000,2.7,37.3000,130.9200,경북 울릉군 울릉도 남쪽 21km 해역,최대진도 Ⅰ,지진피해 없을 것으로 예상됨,,=
2,201808170346,364,20180817032200.000,6.6,23.5000,143.4000,일본 시즈오카현(혼슈) 시즈오카 남남동쪽 1365km 해역,,국내영향없음. 위 자료는 일본기상청(JMA) 분석결과임.,,=
2,201808180938,378,20180818082225.000,6.1,8.7900,-83.1400,코스타리카 산호세 남동쪽 162km 지역,,국내영향없음.\n위 자료는 미지질조사소(USGS) 분석결과임.,,=
2,201808190945,395,20180819091937.000,7.9,-18.1000,-178.0000,피지 수바 동쪽 377km 해역,,국내영향없음. 위 자료는 미지질조사소(USGS) 분석결과임.,,=
2,201808191336,397,20180819131021.000,6.3,-8.3300,116.5800,인도네시아 롬복 북북서쪽 22km 지역,,국내영향없음. 위 자료는 미지질조사소(USGS) 분석결과임.,,=
2,201808200022,407,20180819235627.000,6.9,-8.3500,116.6300,인도네시아 롬복 북동쪽 48km 지역,,국내영향없음.\n위 자료는 미지질조사소(USGS) 분석결과임.,,=
2,201808220700,452,20180822063142.000,7.3,10.7400,-62.9100,베네수엘라 카루파노 동북동쪽 38km 해역,,국내영향없음. 위 자료는 미지질조사소(USGS) 분석결과임.,,=
3,201808240303,475,20180824025716.000,2.6,37.9200,125.6800,북한 황해남도 해주 남남서쪽 14km 지역,최대진도 Ⅰ,자연지진으로 분석됨,,=
2,201808241839,483,20180824180406.000,7.1,-11.0400,-70.8200,페루 리마 동쪽 690km 지역,,국내영향없음. 위 자료는 미지질조사소(USGS) 분석결과임.,,=
3,201808242131,484,20180824212824.000,2.1,34.3300,127.4200,전남 고흥군 남남동쪽 34km 해역,최대진도 Ⅰ,지진피해 없을 것으로 예상됨,,=
2,201808260755,497,20180826071326.000,6.1,34.6700,46.2100,이란 케르만샤 북서쪽 87km 지역,,국내영향없음.\n위 자료는 미지질조사소(USGS) 분석결과임.,,=
3,201808290504,530,20180829050129.000,2.5,37.0000,129.3200,경북 울진군 서쪽 7km 지역,최대진도 Ⅰ,지진피해 없을 것으로 예상됨,,=
2,201808291308,541,20180829125159.000,7.0,-22.2000,170.0000,뉴칼레도니아 헌터섬 서쪽 212km 해역,,국내영향없음. 위 자료는 미지질조사소(USGS) 분석결과임.,,=
2,201809020054,580,20180902004400.000,5.7,28.1000,140.5000,일본 시즈오카현(혼슈) 시즈오카 남남동쪽 790km 해역,,국내영향없음. 위 자료는 일본기상청(JMA) 분석결과임.,,=
2,201809050524,617,20180905051100.000,5.6,36.5000,141.4000,일본 도쿄 북동쪽 178km 해역,,국내영향없음. \n위 자료는 일본기상청(JMA) 분석결과임.,,=
2,201809060315,625,20180906030800.000,6.7,42.7000,142.0000,일본 홋카이도 삿포로 남동쪽 66km 지역,,국내영향없음.\n위 자료는 일본기상청(JMA) 분석결과임.,,=
2,201809060621,628,20180906061100.000,5.4,42.7000,142.0000,일본 홋카이도 삿포로 남동쪽 66km 지역,,- 국내영향없음.\n- 위 자료는 일본기상청(JMA) 분석결과임.\n- 9월 6일 03:08 발생한 규모 6.7 지진의 여진임,,=
2,201809070106,650,20180907004917.000,8.1,-18.4000,179.5000,피지 수바 동남동쪽 116km 해역,,국내영향없음. 위 자료는 미지질조사소(USGS) 분석결과임.,,=
2,201809071148,653,20180907111204.000,6.2,-2.3500,-78.9000,에콰도르 알라우시 남남서쪽 17km 지역,,국내영향없음. 위 자료는 미지질조사소(USGS) 분석결과임.,,=
2,201809081642,671,20180908161649.000,6.1,7.2400,126.4600,필리핀 마티 북동쪽 42km 지역,,국내영향없음. 위 자료는 미지질조사소(USGS) 분석결과임.,,=
2,201809092300,679,20180909225500.000,5.0,42.8000,142.0000,일본 홋카이도 삿포로 동남동쪽 60km 지역,,국내영향없음. 위 자료는 일본기상청(JMA) 분석결과임.,,=
3,201809140911,744,20180914090813.000,2.2,36.7800,128.3600,경북 문경시 북동쪽 26km 지역,최대진도 Ⅱ(경북,충북),지진피해 없을 것으로 예상됨,
2,201809151346,779,20180915134000.000,5.5,26.7000,129.7000,일본 오키나와현 오키나와 동북동쪽 208km 해역,,국내영향없음. 위 자료는 일본기상청(JMA) 분석결과임.,,=
2,201809151710,781,20180915170500.000,5.8,26.6000,129.7000,일본 오키나와현 오키나와 동북동쪽 206km 해역,,국내영향없음. 위 자료는 일본기상청(JMA) 분석결과임.,,=
3,201809152148,782,20180915214544.000,2.4,37.0700,129.9100,경북 울진군 동쪽 46km 해역,최대진도 Ⅰ,지진피해 없을 것으로 예상됨,,=
2,201809160133,788,20180916012400.000,5.8,26.6000,129.6000,일본 오키나와현 오키나와 동북동쪽 196km 해역,,국내영향없음. 위 자료는 일본기상청(JMA) 분석결과임.,,=
3,201809171055,797,20180917105248.000,2.4,36.0500,129.6900,경북 포항시 북구 동쪽 29km 해역,최대진도 Ⅱ(경북),지진피해 없을 것으로 예상됨,,=
2,201809222007,865,20180922195800.000,5.5,26.7000,129.7000,일본 오키나와현 오키나와 동북동쪽 208km 해역,,국내영향없음. 위 자료는 일본기상청(JMA) 분석결과임.,,=
3,201809241807,882,20180924173825.000,2.8,40.2000,127.7000,북한 함경남도 신흥 북동쪽 30km 지역,최대진도 Ⅰ,자연지진으로 분석됨,,=
3,201809250410,888,20180925040547.000,2.5,33.4600,125.8000,제주 제주시 서쪽 68km 해역,최대진도 Ⅰ,지진피해 없을 것으로 예상됨,,=
3,201809271306,903,20180927122432.000,2.4,38.7400,125.7000,북한 황해북도 송림 동쪽 6km 지역,최대진도 Ⅰ,자연지진으로 분석됨,,=
2,201809281929,921,20180928190243.000,7.5,-0.1800,119.8400,인도네시아 팔루 북쪽 78km 지역,,국내영향없음.\n위 자료는 미지질조사소(USGS) 분석결과임.,,=
2,201809301800,938,20180930175400.000,5.0,42.6000,142.0000,일본 홋카이도 삿포로 남동쪽 74km 지역,,국내영향없음. 위 자료는 일본기상청(JMA) 분석결과임.,,=
2,201810050905,11,20181005085800.000,5.3,42.6000,142.0000,일본 홋카이도 삿포로 남동쪽 74km 지역,,국내영향없음.\n위 자료는 일본기상청(JMA) 분석결과임.,,=
2,201810071019,22,20181007101400.000,5.1,35.0000,137.6000,일본 아이치현(혼슈) 나고야 동남동쪽 66km 지역,,국내영향없음. 위 자료는 일본기상청(JMA) 분석결과임.,,=
2,201810110602,70,20181011054822.000,7.3,-5.9000,151.4000,파푸아뉴기니 킴베 동남동쪽 145km 해역 ,,국내영향없음. 위 자료는 미지질조사소(USGS) 분석결과임.,,=
2,201810110722,71,20181011070034.000,6.3,-4.9600,151.6800,파푸아뉴기니 코코포 남서쪽 93km 지역 ,,국내영향없음. 위 자료는 미지질조사소(USGS) 분석결과임.,,=
2,201810121322,102,20181012131500.000,5.3,35.7000,140.7000,일본 지바현(혼슈) 지바 동쪽 55km 지역,,국내영향없음.\n위 자료는 일본기상청(JMA) 분석결과임.,,=
3,201810121704,104,20181012164300.000,2.3,38.6700,127.1800,북한 강원 평강 북북서쪽 30km 지역,최대진도 Ⅰ,자연지진으로 분석됨.,,=
3,201810141449,131,20181014144603.000,2.4,37.4900,124.5800,인천 옹진군 백령도 남쪽 52km 해역,최대진도 Ⅰ,지진피해 없을 것으로 예상됨,,=
3,201810170316,177,20181017031444.000,2.0,36.1600,127.3000,충남 논산시 동쪽 18km 지역,최대진도 Ⅱ(대전,전북,충남,충북)
3,201810200126,220,20181020012240.000,2.6,37.2600,129.9600,경북 울진군 동북동쪽 58km 해역,최대진도 Ⅰ,지진피해 없을 것으로 예상됨,,=
3,201810221213,258,20181022120926.000,2.1,35.6100,124.9400,전북 군산시 어청도 서남서쪽 109km 해역,최대진도 Ⅰ,지진피해 없을 것으로 예상됨,,=
2,201810231349,286,20181023133458.000,6.0,24.0000,122.6400,대만 화롄 동쪽 111km 해역,,국내영향없음. 위 자료는 대만기상국(CWB) 분석결과임.,,=
2,201810240115,298,20181024010404.000,5.7,24.0000,122.6600,대만 화롄 동쪽 113km 해역,,국내영향없음.\n위 자료는 대만기상국(CWB) 분석결과임.,,=
3,201810241525,318,20181024151421.000,2.2,38.0400,125.3700,북한 황해남도 옹진 북쪽 12km 지역,최대진도 Ⅰ,자연지진으로 분석됨,,=
3,201810250558,322,20181025055346.000,2.3,35.7600,129.1900,경북 경주시 남남서쪽 9km 지역,최대진도 null,,,=
2,201810260342,337,20181026033600.000,5.7,38.2000,142.0000,일본 미야기현(혼슈) 센다이 동쪽 99km 해역,,국내영향없음. 위 자료는 일본기상청(JMA) 분석결과임.,,=
2,201810301141,385,20181030111339.000,6.1,-39.0500,174.9800,뉴질랜드 뉴플리머스 서쪽 77km 지역,,국내영향없음. 위 자료는 미지질조사소(USGS) 분석결과임.,,=
2,201811020744,441,20181102071951.000,6.2,-19.6600,-69.5400,칠레 이키케 북동쪽 88km 지역,,국내영향없음. 위 자료는 미지질조사소(USGS) 분석결과임.,,=
3,201811041707,503,20181104170444.000,2.5,36.0800,128.2500,경북 김천시 동남동쪽 14km 지역,최대진도 Ⅱ(경북),지진피해 없을 것으로 예상됨,,=
2,201811041738,505,20181104165529.000,6.0,7.8100,123.8700,필리핀 민다나오섬 파가디안 동쪽 48km 지역,,국내영향없음. 위 자료는 미지질조사소(USGS) 분석결과임.,,=
3,201811051216,521,20181105120155.000,3.2,37.8000,124.9000,북한 황해남도 옹진군 남서쪽 43km 해역,최대진도 null,자연지진으로 분석됨\n백령도에 지진동이 감지됨,,=
3,201811051223,527,20181105120715.000,3.1,37.8500,124.8700,북한 황해남도 옹진군 남서쪽 44km 해역,최대진도 null,자연지진으로 분석됨\n백령도에 지진동이 감지됨,,=
3,201811190338,718,20181119033449.000,2.1,36.4200,127.3000,대전 유성구 북서쪽 8km 지역,최대진도 null,,,=
3,201811201414,752,20181120141027.000,2.3,33.5200,127.2900,전남 여수시 거문도 남쪽 57km 해역,최대진도 Ⅰ,지진피해 없을 것으로 예상됨,,=
3,201811221838,784,20181122183618.000,2.2,35.9100,129.7100,경북 포항시 남구 동남동쪽 33km 해역,최대진도 Ⅰ,지진피해 없을 것으로 예상됨,,=
3,201811240822,799,20181124081644.000,2.9,38.7000,127.1600,북한 강원 평강 북북서쪽 34km 지역,최대진도 Ⅰ,자연지진으로 분석됨,,=
3,201811250305,813,20181125025833.000,2.2,38.7300,125.9200,북한 황해북도 송림 동쪽 25km 지역,최대진도 Ⅰ,자연지진으로 분석됨,,=
3,201811252329,822,20181125232727.000,2.1,33.1500,126.0900,제주 서귀포시 서남서쪽 45km 해역,최대진도 Ⅰ,지진피해 없을 것으로 예상됨,,=
2,201811260209,824,20181126013731.000,6.3,34.3100,45.7300,이란 케르만샤 서쪽 20km 지역,,국내영향없음. 위 자료는 미지질조사소(USGS) 분석결과임.,,=
2,201811260908,827,20181126085725.000,6.1,23.3800,118.5900,대만 카오슝 서북서쪽 196km 해역,,국내영향없음. 위 자료는 대만기상국(CWB) 분석결과임.,,=
2,201811270842,846,20181127083300.000,5.0,36.1000,139.9000,일본 사이타마현(혼슈) 사이타마 북동쪽 35km 지역,,국내영향없음. 위 자료는 일본기상청(JMA) 분석결과임.,,=
2,201811281139,868,20181128112300.000,5.9,41.3000,143.3000,일본 홋카이도 구시로 남남서쪽 207km 해역,,국내영향없음. \n위 자료는 일본기상청(JMA) 분석결과임.,,=
3,201811290312,881,20181129030523.000,3.3,34.9400,124.5300,전남 신안군 흑산도 서북서쪽 92km 해역,최대진도 Ⅰ,지진피해 없을 것으로 예상됨,,=
3,201811291454,894,20181129145239.000,2.1,37.3200,129.6900,경북 울진군 북동쪽 44km 해역,최대진도 Ⅰ,지진피해 없을 것으로 예상됨,,=
2,201812010249,925,20181201022928.000,6.6,61.3300,-149.9300,알래스카 앵커리지 북쪽 13km 지역,,국내영향없음. 위 자료는 미지질조사소(USGS) 분석결과임.,,=
3,201812050803,968,20181205080108.000,2.1,36.4500,129.6200,경북 영덕군 동쪽 23km 해역,최대진도 Ⅰ,지진피해 없을 것으로 예상됨,,=
3,201812050831,973,20181205082820.000,2.5,36.4500,129.6200,경북 영덕군 동쪽 23km 해역,최대진도 Ⅰ,지진피해 없을 것으로 예상됨,,=
2,201812051344,990,20181205131808.000,7.5,-21.9700,169.4500,뉴칼레도니아 누메아 동쪽 311km 해역,,국내영향없음.\n위 자료는 미지질조사소(USGS) 분석결과임.,,=
3,201812080419,26,20181208041641.000,2.4,36.3100,128.2500,경북 구미시 북북서쪽 23km 지역,최대진도 Ⅰ,지진피해 없을 것으로 예상됨,,=
3,201812091408,36,20181209140618.000,2.2,35.8600,129.6900,경북 포항시 남구 동남동쪽 34km 해역,최대진도 Ⅱ(경북),지진피해 없을 것으로 예상됨,,=
2,201812111152,66,20181211112632.000,7.1,-58.6000,-26.4700,남 샌드위치 아일랜드 브리스톨섬 북쪽 48km 해역,,국내영향없음. 위 자료는 미지질조사소(USGS) 분석결과임.,,=
3,201812120346,73,20181212034304.000,2.3,35.7200,126.7800,전북 부안군 동남동쪽 4km 지역,최대진도 Ⅰ,지진피해 없을 것으로 예상됨,,=
2,201812150116,129,20181215010300.000,5.9,26.7000,141.2000,일본 시즈오카현(혼슈) 시즈오카 남남동쪽 959km 해역,,국내영향없음. 위 자료는 일본기상청(JMA) 분석결과임.,,=
2,201812160631,142,20181216062105.000,5.6,23.7400,121.9000,대만 화롄 동남동쪽 43km 해역,,국내영향없음. 위 자료는 대만기상국(CWB) 분석결과임.,,=
2,201812161905,148,20181216184237.000,6.1,-3.9000,140.2800,인도네시아 아베푸라 남남서쪽 144km 지역,,국내영향없음.\n위 자료는 미지질조사소(USGS) 분석결과임.,,=
3,201812170219,150,20181217021627.000,2.2,36.5300,129.6500,경북 영덕군 동북동쪽 28km 해역,최대진도 Ⅱ(경북),지진피해 없을 것으로 예상됨,,=
3,201812201326,207,20181220132324.000,2.0,35.8800,129.6900,경북 포항시 남구 동남동쪽 33km 해역,최대진도 Ⅰ,지진피해 없을 것으로 예상됨,,=
2,201812210226,214,20181221020154.000,7.4,55.1100,164.7100,러시아 클류치 남동쪽 278km 해역,,국내영향없음. 위 자료는 미지질조사소(USGS) 분석결과임.,,=
3,201812211609,229,20181221160612.000,2.7,35.7600,127.9500,경남 거창군 북북동쪽 9km 지역,최대진도 Ⅲ(경남,경북,전북),Ⅱ(대구
2,201812222349,242,20181222232502.000,6.0,-13.4400,166.6900,바누아투 솔라 서북서쪽 105km 지역,,국내영향없음. 위 자료는 미지질조사소(USGS) 분석결과임.,,=
3,201812270313,285,20181227031048.000,2.0,36.9900,128.8900,경북 봉화군 북동쪽 18km 지역,최대진도 Ⅱ(강원,경북),지진피해 없을 것으로 예상됨,
2,201812291301,308,20181229123912.000,7.2,5.8000,126.9000,필리핀 민다나오섬 디고스시티 남동쪽 203km 해역,,국내영향없음.\n위 자료는 미지질조사소(USGS) 분석결과임.,,=
2,201812300414,320,20181230040800.000,5.4,42.3000,143.1000,일본 홋카이도 구시로 남서쪽 129km 지역,,국내영향없음. 위 자료는 일본기상청(JMA) 분석결과임.,,=
3,201901010653,384,20190101064951.000,3.1,36.5300,129.6600,경북 영덕군 동북동쪽 29km 해역,최대진도 null,,,=
3,201901020849,27,20190102072029.000,2.8,41.3000,129.2100,북한 함경북도 길주 북북서쪽 40km 지역,최대진도 null,자연지진이며, 유발지진으로 추정됨.\n6차 북핵위치로부터 동쪽으로 약 11km 지역.\n한국지질자원연구원과 공동으로 분석한 결과임.,
3,201901021316,30,20190102131227.000,2.2,36.7700,128.3100,경북 문경시 북북동쪽 23km 지역,최대진도 Ⅰ,지진피해 없을 것으로 예상됨,,=
2,201901031816,50,20190103181000.000,5.0,33.0000,130.6000,일본 구마모토현(규슈) 구마모토 북북서쪽 24km 지역,,국내영향없음. 위 자료는 일본기상청(JMA) 분석결과임.,,=
2,201901060453,92,20190106042538.000,6.8,-8.1400,-71.5700,브라질 타라우아카 서쪽 89km 지역,,국내영향없음. 위 자료는 미지질조사소(USGS) 분석결과임.,,=
2,201901060812,94,20190106075400.000,5.6,26.5000,144.9000,일본 지바현(혼슈) 지바 남남동쪽 1110km 해역,,국내영향없음. 위 자료는 일본기상청(JMA) 분석결과임.,,=
2,201901070240,109,20190107022722.000,7.0,2.2000,126.7000,인도네시아 토벨로 서북서쪽 154km 해역,,국내영향없음. 위 자료는 미지질조사소(USGS) 분석결과임.,,=
2,201901082148,157,20190108213900.000,5.9,30.6000,131.3000,일본 가고시마현(규슈) 가고시마 남남동쪽 131km 해역,,국내영향없음. 위 자료는 일본기상청(JMA) 분석결과임.,,=
3,201901090314,159,20190109031023.000,3.7,37.3700,124.2300,인천 옹진군 백령도 남남서쪽 76km 해역,최대진도 Ⅰ,지진피해 없을 것으로 예상됨,,=
3,201901100534,199,20190110053105.000,2.5,35.7900,129.2000,경북 경주시 남남서쪽 5km 지역,최대진도 Ⅳ(경북,울산),Ⅱ(경남),
3,201901132112,290,20190113210920.000,2.0,37.0200,127.9300,충북 충주시 북쪽 3km 지역,최대진도 Ⅲ(충북),Ⅱ(강원),지진피해 없을 것으로 예상됨,
3,201901172137,390,20190117213402.000,2.7,33.9400,127.6200,전남 여수시 거문도 동남동쪽 30km 해역,최대진도 Ⅰ,지진피해 없을 것으로 예상됨,,=
2,201901182153,420,20190118214600.000,5.3,35.9000,140.5000,일본 지바현(혼슈) 지바 북동쪽 48km 지역,,국내영향없음.\n위 자료는 일본기상청(JMA) 분석결과임.,,=
2,201901261729,661,20190126172300.000,5.7,40.3000,142.4000,일본 이와테현(혼슈) 모리오카 동북동쪽 125km 해역,,국내영향없음. 위 자료는 일본기상청(JMA) 분석결과임.,,=
2,201901301429,774,20190130142135.000,5.7,23.7300,122.4000,대만 화롄 동남동쪽 90km 해역,,국내영향없음.\n위 자료는 대만기상국(CWB) 분석결과임.,,=
3,201901312000,803,20190131195745.000,2.2,36.5300,129.6600,경북 영덕군 동북동쪽 29km 해역,최대진도 Ⅰ,지진피해 없을 것으로 예상됨,,=
2,201902020138,825,20190202011413.000,6.6,14.7600,-92.3000,멕시코 치아파스 타파출라 남쪽 16km 지역,,국내영향없음.\n위 자료는 미지질조사소(USGS) 분석결과임.,,=
14,201902101254,35,20190210125336.000,4.0,36.1600,130.0000,경북 포항시 북구 동북동쪽 58km 해역,최대진도 Ⅱ(경북,울산),위 정보는 이동속도가 빠른 지진파(P파)만을 이용하여 자동 추정한 정보임.,
3,201902101256,35,20190210125338.000,4.1,36.1600,129.9000,경북 포항시 북구 동북동쪽 50km 해역,최대진도 Ⅲ(경북,울산),Ⅱ(강원,경남
3,201902101414,41,20190210141238.000,2.5,36.1600,129.8500,경북 포항시 북구 동북동쪽 45km 해역,최대진도 Ⅰ,지진피해 없을 것으로 예상됨,,=
3,201902130548,134,20190213051613.000,2.7,38.9000,125.8600,북한 평양 남동쪽 17km 지역,최대진도 Ⅰ,자연지진으로 분석됨,,=
3,201902172223,239,20190217221901.000,2.6,33.2900,126.2500,제주 서귀포시 서쪽 29km 지역,최대진도 Ⅲ(제주),,,=
2,201902172356,256,20190217233556.000,6.4,-3.3900,152.1100,파푸아뉴기니 나마타나이 북서쪽 47km 지역,,국내영향없음\n위 자료는 미지질조사소(USGS) 분석결과임,,=
3,201902180536,277,20190218053310.000,2.4,36.7200,128.4100,경북 예천군 북북서쪽 8km 지역,최대진도 Ⅱ(경북,충북),지진피해 없을 것으로 예상됨,
3,201902202217,359,20190220221447.000,2.9,36.5100,125.5000,충남 태안군 서격렬비도 남남서쪽 12km 해역,최대진도 Ⅰ,지진피해 없을 것으로 예상됨,,=
2,201902212128,403,20190221212200.000,5.7,42.8000,142.0000,일본 홋카이도 삿포로 동남동쪽 60km 지역,,국내영향없음. 위 자료는 일본기상청(JMA) 분석결과임.,,=
2,201902221933,436,20190222191724.000,7.7,-2.3000,-76.9000,에콰도르 팔로라 동남동쪽 132km 지역,,국내영향없음. 위 자료는 미지질조사소(USGS) 분석결과임.,,=
3,201902250933,496,20190225093034.000,2.9,36.7700,129.0300,경북 영양군 북북서쪽 14km 지역,최대진도 Ⅲ(경북),Ⅱ(강원,충북),지진피해 없을 것으로 예상됨
3,201902272124,185,20190227212235.000,2.2,37.3100,124.7400,인천 옹진군 백령도 남쪽 72km 해역,최대진도 Ⅰ,지진피해 없을 것으로 예상됨,,=
2,201903011815,190,20190301175041.000,7.0,-14.6800,-70.1300,페루 아장가로 북북동쪽 27km 지역 ,,국내영향없음. 위 자료는 미지질조사소(USGS) 분석결과임.,,=
3,201903031506,196,20190303142557.000,2.5,39.6300,127.1200,북한 함경남도 금야 북서쪽 15km 지역,최대진도 Ⅰ,자연지진으로 분석됨,,=
3,201903091510,214,20190309150645.000,2.0,36.8200,128.7300,경북 봉화군 남쪽 8km 지역,최대진도 Ⅱ(강원,경북,충북),지진피해 없을 것으로 예상됨
2,201903110216,218,20190311021100.000,5.9,36.8000,142.5000,일본 이바라키현(혼슈) 미토 동북동쪽 188km 해역,,국내영향없음. 위 자료는 일본기상청(JMA) 분석결과임.,,=
3,201903110430,220,20190311042700.000,2.4,33.4700,126.4000,제주 제주시 서남서쪽 13km 지역,최대진도 Ⅰ,지진피해 없을 것으로 예상됨,,=
2,201903130532,228,20190313051900.000,5.1,24.9700,121.8700,대만 타이베이 동남동쪽 33km 지역,,국내영향없음. 위 자료는 대만기상국(CWB) 분석결과임.,,=
3,201903131222,230,20190313122020.000,2.4,33.6300,126.9300,제주 제주시 동북동쪽 40km 해역,최대진도 Ⅰ,지진피해 없을 것으로 예상됨,,=
2,201903151519,237,20190315140350.000,6.3,-17.8600,-65.8900,볼리비아 클리자 남쪽 28km 지역,,국내영향없음. 위 자료는 미지질조사소(USGS) 분석결과임.,,=
3,201903171931,244,20190317192800.000,2.3,36.3400,127.8700,충북 옥천군 동쪽 27km 지역,최대진도 Ⅱ(경북,대전,충남,충북)
3,201903190541,248,20190319053106.000,2.2,38.0100,126.0000,북한 황해남도 해주 동쪽 25km 지역,최대진도 Ⅰ,자연지진으로 분석됨,,=
3,201903210537,260,20190321044105.000,2.8,41.3100,129.0800,북한 함경북도 길주 북북서쪽 45km 지역,,자연지진이며, 유발지진으로 추정됨.,
3,201903210723,262,20190321071335.000,2.7,37.5600,125.2000,북한 황해남도 옹진 남남서쪽 43km 해역,최대진도 Ⅰ,자연지진으로 분석됨,,=
2,201903240508,270,20190324042116.000,6.1,4.5600,-76.2800,콜롬비아 보고타 서쪽 246km 지역,,- 국내영향없음.,,
2,201903270651,279,20190327062719.000,6.0,66.3200,-156.9400,알라스카 코북 남쪽 66km 지역,,국내영향없음. 위 자료는 미지질조사소(USGS) 분석결과임.,,=
3,201903281625,285,20190328162156.000,2.2,33.6200,126.9400,제주 제주시 동북동쪽 40km 해역,최대진도 Ⅰ,지진피해 없을 것으로 예상됨,,=
2,201903302046,291,20190330202044.000,6.1,-5.6700,151.0900,파푸아뉴기니 킴베 동쪽 105km 지역,,국내영향없음. 위 자료는 미지질조사소(USGS) 분석결과임.,,=
2,201904031104,303,20190403105255.000,5.6,22.9500,120.8500,대만 타이둥 서북서쪽 38km 지역,,국내영향없음. 위 자료는 대만기상국(CWB) 분석결과임.,,=
2,201904041112,307,20190404105655.000,5.2,22.9700,120.8800,대만 타이둥 북서쪽 37km 지역,,국내영향없음. 위 자료는 대만기상국(CWB) 분석결과임.,,=
2,201904051908,311,20190405185700.000,5.9,30.5000,139.5000,일본 시즈오카현(혼슈) 시즈오카 남남동쪽 508km 해역,,국내영향없음. 위 자료는 일본기상청(JMA) 분석결과임.,,=
2,201904081319,320,20190408131300.000,5.5,26.4000,129.6000,일본 오키나와현 오키나와 동쪽 193km 해역,,국내영향없음. 위 자료는 일본기상청(JMA) 분석결과임.,,=
2,201904111724,330,20190411171800.000,6.0,40.4000,143.4000,일본 이와테현(혼슈) 모리오카 동북동쪽 206km 해역,,국내영향없음. 위 자료는 일본기상청(JMA) 분석결과임.,,=
2,201904121641,334,20190412163100.000,5.6,26.0000,141.5000,일본 시즈오카현(혼슈) 시즈오카 남남동쪽 1042km 해역,,국내영향없음. 위 자료는 일본기상청(JMA) 분석결과임.,,=
2,201904181410,347,20190418140107.000,6.1,24.0600,121.5400,대만 화롄 북쪽 12km 지역,,국내영향없음. 위 자료는 대만기상국(CWB) 분석결과임.,,=
14,201904191117,350,20190419111642.000,4.2,37.8800,129.5600,강원 동해시 북동쪽 56km 해역,최대진도 Ⅱ(강원,경북),위 정보는 이동속도가 빠른 지진파(P파)만을 이용하여 자동 추정한 정보임.,
3,201904191121,351,20190419111643.000,4.3,37.8800,129.5400,강원 동해시 북동쪽 54km 해역,최대진도 Ⅳ(강원),Ⅲ(경북),Ⅱ(경기,충북)
14,201904220546,362,20190422054518.000,4.0,36.8600,129.8600,경북 울진군 동남동쪽 43km 해역,최대진도 Ⅲ(경북),Ⅱ(강원),위 정보는 이동속도가 빠른 지진파(P파)만을 이용하여 자동 추정한 정보임.,
3,201904220549,363,20190422054519.000,3.8,36.8600,129.8000,경북 울진군 동남동쪽 38km 해역,최대진도 Ⅲ(강원,경북),Ⅱ(충북),위의 정보는 2019년 4월 22일 5시 46분에 발표한 지진조기경보[지진속보] 정보를 수동으로 분석한 상세정보임
2,201904221832,365,20190422181114.000,6.3,14.9400,120.4900,필리핀 마닐라 북서쪽 65km 지역,,국내영향없음.,,
2,201904231458,369,20190423143757.000,6.6,11.9000,125.2000,필리핀 사마르섬 타크로반 북북동쪽 75km 지역,,국내영향없음.,,
2,201904240553,371,20190424051550.000,6.1,28.4600,94.5600,인도 아루나찰프라데시 알롱 북북서 38km 지역,,국내영향없음. 위 자료는 미지질조사소(USGS) 분석결과임.,,=
3,201904270113,378,20190427011006.000,2.5,33.7900,126.0900,제주 제주시 북서쪽 52km 해역,최대진도 Ⅰ,지진피해 없을 것으로 예상됨,,=
2,201904280231,382,20190428022500.000,5.6,42.5000,142.9000,일본 홋카이도 구시로 서남서쪽 132km 지역,,국내영향없음. 위 자료는 일본기상청(JMA) 분석결과임.,,=
3,201905040547,402,20190504054315.000,2.4,37.4200,124.5600,인천 옹진군 백령도 남쪽 60km 해역,최대진도 Ⅰ,지진피해 없을 것으로 예상됨,,=
3,201905051659,409,20190505165704.000,2.1,36.5500,129.5400,경북 영덕군 북동쪽 22km 해역,최대진도 Ⅰ,지진피해 없을 것으로 예상됨,,=
2,201905070634,413,20190507061937.000,7.1,-6.9800,146.4000,파푸아뉴기니 불롤로 북서쪽 37km 지역,,국내영향없음. 위 자료는 미지질조사소(USGS) 분석결과임.,,=
2,201905100749,422,20190510074300.000,5.6,31.8000,132.0000,일본 미야자키현(규슈) 미야자키 동남동쪽 56km 해역,,국내영향없음. 위 자료는 일본기상청(JMA) 분석결과임.,,=
2,201905100854,424,20190510084800.000,6.3,31.8000,132.1000,일본 미야자키현(규슈) 미야자키 동쪽 65km 해역,,국내영향없음. 위 자료는 일본기상청(JMA) 분석결과임.,,=
3,201905101608,428,20190510160558.000,2.0,36.5600,129.6400,경북 영덕군 동북동쪽 29km 해역,최대진도 Ⅰ,지진피해 없을 것으로 예상됨,,=
3,201905132353,437,20190513235038.000,2.4,33.3500,127.1700,제주 서귀포시 동쪽 58km 해역,최대진도 Ⅰ,지진피해 없을 것으로 예상됨,,=
2,201905142214,441,20190514215826.000,7.7,-4.2100,152.4800,파푸아뉴기니 코코포 동북동쪽 28km 해역 ,,국내영향없음. 위 자료는 미지질조사소(USGS) 분석결과임.,,=
2,201905151433,444,20190515142400.000,5.5,29.7000,130.7000,일본 가고시마현(규슈) 가고시마 남쪽 211km 해역,,국내영향없음. 위 자료는 일본기상청(JMA) 분석결과임.,,=
3,201905160049,447,20190516003545.000,3.3,39.1500,126.4700,북한 평안남도 양덕 서남서쪽 16km 지역,최대진도 Ⅰ,자연지진으로 분석됨,,
3,201905171127,452,20190517110833.000,2.4,38.3700,126.3000,북한 황해북도 평산 서북서쪽 9km 지역,최대진도 Ⅰ,자연지진으로 분석됨,,=
2,201905180814,458,20190518073748.000,6.0,-4.5800,153.0100,파푸아뉴기니 타론 남남서쪽 12km 지역,,국내영향없음. 위 자료는 미지질조사소(USGS) 분석결과임.,,=
2,201905251528,477,20190525152000.000,5.1,35.3000,140.3000,일본 지바현(혼슈) 지바 남남동쪽 38km 지역,,국내영향없음.,,
2,201905261703,480,20190526164114.000,8.0,-5.8100,-75.2400,페루 라구나스 남동쪽 80km 지역,,국내영향없음. 위 자료는 미지질조사소(USGS) 분석결과임.,,=
2,201906020524,499,20190602051400.000,5.7,23.5000,143.1000,일본 시즈오카현(혼슈) 시즈오카 남남동쪽 1355km 해역,,국내영향없음. 위 자료는 일본기상청(JMA) 분석결과임.,,=
2,201906041349,506,20190604134000.000,6.1,29.1000,139.8000,일본 시즈오카현(혼슈) 시즈오카 남쪽 667km 해역,,국내영향없음. 위 자료는 일본기상청(JMA) 분석결과임.,,=
2,201906041856,507,20190604184619.000,5.6,22.8500,121.5900,대만 화롄 남쪽 122km 해역,,국내영향없음. 위 자료는 대만기상국(CWB) 분석결과임.,,=
3,201906112323,526,20190611231853.000,2.5,35.7600,129.1900,경북 경주시 남남서쪽 9km 지역,최대진도 Ⅲ(경북,울산),Ⅱ(경남),9.12 지진의 여진임.
3,201906152210,542,20190615220711.000,2.2,35.7100,126.3600,전북 부안군 서쪽 34km 해역,최대진도 Ⅲ(전북),,,=
2,201906160822,544,20190616075502.000,7.4,-30.8200,-178.0800,뉴질랜드 북섬 오클랜드 북동쪽 975km 해역,,국내영향없음. 위 자료는 미지질조사소(USGS) 분석결과임.,,=
2,201906170813,547,20190617080000.000,5.2,36.5000,140.6000,일본 이바라키현(혼슈) 미토 북동쪽 19km 지역,,국내영향없음.,,
2,201906180025,549,20190617235500.000,6.0,28.3400,104.9000,중국 충칭 남서쪽 210km 지역 ,,국내영향없음. 위 자료는 중국지진청(CEA) 분석결과임.,,=
2,201906182233,553,20190618222200.000,6.8,38.6000,139.5000,일본 아마가타현(혼슈) 야마가타 서북서쪽 83km 해역,,위 자료는 일본기상청(JMA) 분석결과임.,,
2,201906200245,558,20190620022449.000,6.3,-2.2500,138.4000,인도네시아 아베푸라 서쪽 245km 지역,,국내영향없음.,,
3,201906211344,563,20190621132041.000,2.5,38.8100,125.6800,북한 황해북도 송림 북북동쪽 9km 지역,최대진도 Ⅰ,자연지진으로 분석됨,,
3,201906220550,567,20190622054359.000,2.7,38.8100,125.7100,북한 황해북도 송림 북동쪽 10km 지역,최대진도 Ⅰ,지진피해 없을 것으로 예상됨,,
3,201906220557,568,20190622054936.000,3.4,38.8100,125.7000,북한 황해북도 송림 북동쪽 10km 지역,최대진도 Ⅰ,자연지진으로 분석됨,,
3,201906230543,573,20190623052622.000,3.4,38.8100,125.7000,북한 황해북도 송림 북동쪽 10km 지역,최대진도 Ⅰ,자연지진으로 분석됨,,
3,201906231337,575,20190623131509.000,2.4,38.7500,125.7300,북한 황해북도 송림 동쪽 8km 지역,최대진도 Ⅰ,자연지진으로 분석됨,,
3,201906231845,577,20190623184115.000,2.4,36.6900,128.4100,경북 예천군 북서쪽 5km 지역,최대진도 Ⅲ(경북,충북),,
2,201906240917,580,20190624091100.000,5.5,34.9000,140.0000,일본 가나가와현(혼슈) 요코하마 남남동쪽 69km 해역,,국내영향없음. 위 자료는 일본기상청(JMA) 분석결과임.,,=
2,201906241035,581,20190624100528.000,6.1,-2.8600,138.4900,인도네시아 아베푸라 서쪽 233km 지역,,국내영향없음. 위 자료는 미지질조사소(USGS) 분석결과임.,,=
2,201906241211,582,20190624115340.000,7.3,-6.3900,129.2200,인도네시아 말루쿠주 암본 남남동쪽 319km 해역,,국내영향없음. 위 자료는 미지질조사소(USGS) 분석결과임.,,=
2,201906261446,588,20190626142348.000,6.3,8.4300,-82.7900,파나마 파나마시티 서쪽 370km 지역,,-국내영향없음.,,
3,201906271528,592,20190627151951.000,3.9,38.8000,125.6900,북한 황해북도 송림 북동쪽 9km 지역,최대진도 Ⅰ,지진피해 없을 것으로 예상됨,,
3,201906271547,593,20190627153727.000,2.5,38.8000,125.7100,북한 황해북도 송림 북동쪽 10km 지역,최대진도 Ⅰ,지진피해 없을 것으로 예상됨,,
3,201906271558,594,20190627153945.000,2.3,38.7700,125.7100,북한 황해북도 송림 동북동쪽 8km 지역,최대진도 Ⅰ,자연지진으로 분석됨,,
2,201906300456,600,20190630044412.000,5.7,22.2900,122.4200,대만 화롄 남남동쪽 205km 해역,,국내영향없음. 위 자료는 대만기상국(CWB) 분석결과임.,,=
3,201907022055,612,20190702205151.000,2.7,35.8800,129.6900,경북 포항시 남구 동남동쪽 33km 해역,최대진도 Ⅰ,지진피해 없을 것으로 예상됨,,=
2,201907050255,617,20190705023348.000,6.4,35.7100,-117.5100,미국 캘리포니아 로스앤젤레스 북북동쪽 195km 지역,,국내영향없음. 위 자료는 미지질조사소(USGS) 분석결과임.,,=
2,201907061258,622,20190706121952.000,7.1,35.7700,-117.6100,미국 캘리포니아 로스앤젤레스 북북동쪽 200km 지역 ,,국내영향없음. 위 자료는 미지질조사소(USGS) 분석결과임.,,=
3,201907081413,628,20190708140443.000,2.3,37.9100,129.5700,강원 동해시 북동쪽 59km 해역,최대진도 Ⅰ,지진피해 없을 것으로 예상됨,,=
3,201907100221,634,20190710015540.000,2.1,38.7000,125.7300,북한 황해북도 송림 동남동쪽 9km 지역,최대진도 Ⅰ,자연지진으로 분석됨,,
2,201907131003,645,20190713095800.000,5.9,29.3000,128.1000,일본 오키나와현 오키나와 북쪽 346km 해역,,국내영향없음. 위 자료는 일본기상청(JMA) 분석결과임.,,=
2,201907141843,648,20190714181050.000,7.3,-0.5300,128.0900,인도네시아 할마헤라 남남동쪽 200km 지역,,국내영향없음. 위 자료는 미지질조사소(USGS) 분석결과임.,,=
2,201907151744,651,20190715172135.000,6.2,-5.9900,149.5500,파푸아뉴기니 칸드리안 북쪽 25km 지역,,국내영향없음. 위 자료는 미지질조사소(USGS) 분석결과임.,,=
3,201907200041,663,20190720003840.000,2.0,36.3300,128.0800,경북 상주시 남서쪽 11km 지역,최대진도 Ⅰ,지진피해 없을 것으로 예상됨,,=
14,201907211105,668,20190721110418.000,3.9,36.5000,128.1100,경북 상주시 북북서쪽 11km 지역,최대진도 Ⅴ(경북),Ⅲ(충북),Ⅱ(대전,세종
3,201907211108,669,20190721110418.000,3.9,36.5000,128.1000,경북 상주시 북북서쪽 11km 지역,최대진도 Ⅳ(경북,충북),Ⅲ(대전,세종
3,201907220118,673,20190722011545.000,2.0,35.8200,125.5600,전북 군산시 어청도 남서쪽 50km 해역,최대진도 Ⅰ,지진피해 없을 것으로 예상됨,,=
3,201907250150,684,20190725014609.000,2.7,37.3700,129.8500,경북 울진군 북동쪽 58km 해역,최대진도 Ⅰ,지진피해 없을 것으로 예상됨,,=
2,201907280343,692,20190728033100.000,6.5,33.0000,137.4000,일본 미에현(혼슈) 남동쪽 208km 해역,,국내영향없음. 위 자료는 일본기상청(JMA) 분석결과임.,,=
2,201907300543,697,20190730053800.000,6.0,32.9000,140.8000,일본 가나가와현(혼슈) 요코하마 남남동쪽 302km 해역,,국내영향없음.,,
3,201907300547,699,20190730054515.000,2.1,35.0000,128.3000,경남 고성군 북서쪽 4km 지역,최대진도 Ⅱ(경남),지진피해 없을 것으로 예상됨.,,=
2,201908041929,713,20190804192300.000,6.2,37.7000,141.7000,일본 미야기현(혼슈) 센다이 남동쪽 96km 해역,,국내영향없음. 위 자료는 일본기상청(JMA) 분석결과임.,,=
2,201908080639,722,20190808062800.000,6.0,24.4300,121.9100,대만 화롄 북동쪽 65km 해역,,국내영향없음. 위 자료는 대만기상국(CWB) 분석결과임.,,=
3,201908092005,726,20190809193043.000,2.2,39.3200,124.6500,북한 평안북도 철산 남쪽 50km 해역,최대진도 Ⅰ,자연지진으로 분석됨,,=
3,201908102249,730,20190810224557.000,2.3,33.7800,126.9200,전남 여수시 거문도 남서쪽 45km 해역,최대진도 Ⅰ,지진피해 없을 것으로 예상됨,,=
3,201908111823,732,20190811181950.000,2.1,37.9700,124.6300,인천 옹진군 백령도 서북서쪽 5km 지역,최대진도 Ⅰ,지진피해 없을 것으로 예상됨,,=
2,201908151439,742,20190815143300.000,5.4,40.8000,141.4000,일본 아오모리현(혼슈) 아오모리 동쪽 55km 지역,,국내영향없음. 위 자료는 일본기상청(JMA) 분석결과임.,,=
3,201908201038,755,20190820103452.000,2.8,33.5700,124.8100,전남 신안군 흑산도 남남서쪽 135km 해역,최대진도 Ⅰ,지진피해 없을 것으로 예상됨,,=
3,201908231954,762,20190823195048.000,2.7,37.9600,124.6900,인천 옹진군 백령도 북동쪽 1km 지역,최대진도 Ⅲ(인천),지진피해 없을 것으로 예상됨,,=
2,201908241400,764,20190824135300.000,5.5,37.4000,142.5000,일본 미야기현(혼슈) 센다이 남동쪽 173km 해역,,국내영향없음.,,
3,201908281425,776,20190828142229.000,2.5,36.2400,130.0100,경북 영덕군 동남동쪽 61km 해역,최대진도 Ⅰ,지진피해 없을 것으로 예상됨,,=
2,201908290854,779,20190829084600.000,6.1,41.0000,143.1000,일본 아오모리현(혼슈) 아오모리 동쪽 199km 해역,,국내영향없음. 위 자료는 일본기상청(JMA) 분석결과임.,,=
3,201909011322,786,20190901125834.000,2.3,39.5100,126.1000,북한 평안남도 개천 남동쪽 27km 지역,최대진도 Ⅰ,지진피해 없을 것으로 예상됨.,,
3,201909072340,806,20190907233806.000,2.0,35.4800,129.5400,울산 동구 동남동쪽 12km 해역,최대진도 Ⅰ,지진피해 없을 것으로 예상됨,,=
3,201909110455,815,20190911045207.000,2.0,38.1300,127.0900,경기 연천군 북북동쪽 4km 지역,최대진도 Ⅰ,지진피해 없을 것으로 예상됨,,=
3,201909191823,836,20190919181905.000,2.6,33.6100,125.0100,전남 신안군 흑산도 남남서쪽 123km 해역,최대진도 Ⅰ,지진피해 없을 것으로 예상됨,,=
3,201909211517,842,20190921151116.000,3.5,38.6700,127.1700,북한 강원 평강 북북서쪽 31km 지역,최대진도 Ⅱ(강원,경기),지진피해 없을 것으로 예상됨,
3,201909221110,846,20190922110727.000,3.3,34.1600,125.1600,전남 신안군 흑산도 남남서쪽 62km 해역,최대진도 Ⅱ(전남),지진피해 없을 것으로 예상됨,,=
3,201909260301,857,20190926025731.000,2.3,36.0900,129.3300,경북 포항시 북구 북북서쪽 6km 지역,최대진도 Ⅰ,지진피해 없을 것으로 예상됨,,=
2,201909270218,860,20190927013618.000,6.1,-40.8000,-72.1500,칠레 푸에르토 몬트 북동쪽 100km 지역,,국내영향없음. 위 자료는 미지질조사소(USGS) 분석결과임.,,=
2,201909300124,867,20190930005753.000,7.2,-35.4800,-73.1500,칠레 콘스티투시온 서남서쪽 67km ,,국내영향없음. 위 자료는 미지질조사소(USGS) 분석결과임.,,=
3,201910022245,874,20191002223657.000,2.3,38.7900,125.7800,북한 황해북도 송림 동북동쪽 14km 지역,최대진도 Ⅰ,자연지진으로 분석됨,,=
3,201910040400,878,20191004035723.000,2.6,35.4700,128.8600,경남 밀양시 동남동쪽 11km 지역,최대진도 Ⅲ(경남),Ⅱ(경북,부산,울산)
2,201910121827,901,20191012182200.000,5.7,34.7000,140.7000,일본 지바현(혼슈) 지바 남남동쪽 114km 해역,,국내영향없음.,,
3,201910122049,904,20191012204603.000,2.5,35.1800,129.7700,울산 동구 남동쪽 48km 해역,최대진도 Ⅰ,지진피해 없을 것으로 예상됨,,=
3,201910131955,906,20191013195244.000,2.0,36.5300,129.6500,경북 영덕군 동북동쪽 28km 해역,최대진도 Ⅰ,지진피해 없을 것으로 예상됨,,=
3,201910152247,912,20191015223059.000,2.4,38.7800,125.7200,북한 황해북도 송림 동북동쪽 9km 지역,최대진도 Ⅰ,지진피해 없을 것으로 예상됨,,
2,201910162105,915,20191016203706.000,6.4,6.7100,125.0100,필리핀 콜럼비오 동북동쪽 7km 지역,,국내영향없음. 위 자료는 미지질조사소(USGS) 분석결과임.,,=
3,201910200007,925,20191020000510.000,2.2,33.4100,125.1300,제주 제주시 서쪽 130km 해역,최대진도 Ⅰ,지진피해 없을 것으로 예상됨,,=
3,201910271539,945,20191027153726.000,3.4,35.4100,128.4900,경남 창녕군 남쪽 15km 지역,최대진도 Ⅳ(경남),Ⅲ(경북,대구),Ⅱ(부산
2,201910291024,950,20191029100451.000,6.8,6.9200,125.2500,필리핀 민다나오 키산테 동쪽 10km 지역,,국내영향없음. 위 자료는 미지질조사소(USGS) 분석결과임.,,=
3,201910300204,954,20191030020141.000,2.3,36.6800,128.6100,경북 안동시 북서쪽 16km 지역,최대진도 Ⅰ,지진피해 없을 것으로 예상됨,,=
2,201910311026,958,20191031101120.000,6.8,7.1000,125.3000,필리핀 민다나오 키산테 북동쪽 25km 지역 ,,국내영향없음. 위 자료는 미지질조사소(USGS) 분석결과임.,,=
3,201910311632,961,20191031162934.000,2.1,37.2400,126.1100,인천 옹진군 서남서쪽 52km 지역,최대진도 Ⅲ(인천),지진피해 없을 것으로 예상됨,,=
2,201911050720,971,20191105065324.000,6.0,-31.8200,-71.3700,칠레 이야펠 남서쪽 28km 지역,,국내영향없음.,,
3,201911092318,985,20191109231414.000,2.4,37.6200,124.6500,인천 옹진군 백령도 남쪽 37km 해역,최대진도 Ⅰ,지진피해 없을 것으로 예상됨,,=
2,201911150132,997,20191115011742.000,7.4,1.5000,126.4000,인도네시아 코타 테르나테 북서쪽 133km 해역,,국내영향없음.,,
3,201911210611,1013,20191121060807.000,2.3,35.1300,124.9300,전남 신안군 흑산도 북서쪽 73km 해역,최대진도 Ⅰ,지진피해 없을 것으로 예상됨,,=
2,201911210917,1015,20191121085044.000,6.1,19.4500,101.3500,라오스 비엔티안 북서쪽 210km 지역,,국내영향없음.,,
3,201911211959,1017,20191121195550.000,2.4,33.8300,128.0900,전남 여수시 거문도 동남동쪽 75km 해역,최대진도 Ⅰ,지진피해 없을 것으로 예상됨,,=
2,201911261219,1028,20191126115410.000,6.4,41.4200,19.4800,알바니아 듀레스 북북동쪽 11km 지역,,국내영향없음. 위 자료는 미지질조사소(USGS) 분석결과임.,,=
3,201911291207,1038,20191129120443.000,2.0,36.8600,129.7900,경북 울진군 동남동쪽 38km 해역,최대진도 Ⅰ,지진피해 없을 것으로 예상됨,,=
2,201911291307,1039,20191129130100.000,5.5,39.1000,143.1000,일본 이와테현(혼슈) 모리오카 동남동쪽 180km 해역,,국내영향없음.,,
3,201912041722,1054,20191204171920.000,2.6,33.9400,124.7000,전남 신안군 흑산도 남서쪽 106km 해역,최대진도 Ⅰ,지진피해 없을 것으로 예상됨,,=
3,201912081213,1067,20191208120924.000,2.0,35.1200,124.9600,전남 신안군 흑산도 북서쪽 70km 해역,최대진도 Ⅰ,지진피해 없을 것으로 예상됨,,=
2,201912110229,1074,20191211020502.000,5.9,30.7000,141.7400,일본 가나가와현(혼슈) 요코하마 남남동쪽 563km 해역,,국내영향없음. 위 자료는 미지질조사소(USGS) 분석결과임.,,=
3,201912122032,1081,20191212202955.000,2.1,33.5500,126.9200,제주 제주시 동쪽 36km 해역,최대진도 Ⅰ,지진피해 없을 것으로 예상됨,,=
3,201912151420,1088,20191215141540.000,2.0,37.1600,126.2200,충남 서산시 북북서쪽 46km 해역,최대진도 Ⅲ(인천),,,=
2,201912151525,1089,20191215151154.000,6.9,6.6800,125.3100,필리핀 하고노이 서남서쪽 2km 지역,,국내영향없음. 위 자료는 미지질조사소(USGS) 분석결과임.,,=
2,201912162111,1094,20191216202558.000,5.0,24.5400,121.7700,대만 타이베이 남남동쪽 61km 지역,,국내영향없음.,,
3,201912171611,1096,20191217160030.000,2.1,38.0100,126.0000,북한 황해남도 해주 동쪽 25km 지역,최대진도 Ⅰ,자연지진으로 분석됨,,=
2,201912191528,1101,20191219152100.000,5.5,40.5000,142.2000,일본 이와테현(혼슈) 모리오카 북동쪽 126km 해역,,국내영향없음.,,
2,201912202103,1106,20191220203952.000,6.1,36.5300,70.4400,아프카니스탄 카불 북동쪽 250km 지역,,국내영향없음. 위 자료는 미지질조사소(USGS) 분석결과임.,,=
3,201912240623,1116,20191224061916.000,2.4,33.2900,127.1600,제주 서귀포시 동쪽 56km 해역,최대진도 Ⅰ,지진피해 없을 것으로 예상됨,,=
2,201912250207,1119,20191225014332.000,6.0,-26.9700,-63.3700,아르헨티나 엘 호요 서북서쪽 14km 지역,,국내영향없음.,,
2,201912250428,1120,20191225040351.000,6.0,3.4900,-74.0000,콜롬비아 레자니아스 남남동쪽 4km 지역,,국내영향없음.,,
3,201912290847,1136,20191229084326.000,2.3,33.3300,127.1600,제주 서귀포시 동쪽 56km 해역,최대진도 Ⅰ,지진피해 없을 것으로 예상됨,,=
14,201912300032,1138,20191230003208.000,3.5,35.5500,128.9100,경남 밀양시 동북동쪽 16km 지역,최대진도 Ⅳ(경남,경북,울산),Ⅱ(대구
3,201912300035,1139,20191230003208.000,3.5,35.5600,128.9000,경남 밀양시 동북동쪽 15km 지역,최대진도 Ⅳ(경남,경북,울산),Ⅲ(부산)
3,201912300147,1142,20191230014402.000,2.1,35.5600,128.9000,경남 밀양시 동북동쪽 15km 지역,최대진도 Ⅱ(경남,경북,울산),12월30일 00시 32분 발생한 규모 3.5 지진의 여진임
2,202001030329,7,20200103032400.000,5.9,35.8000,141.2000,일본 이바라키현(혼슈) 미토 남동쪽 91km 해역,,국내영향없음.,,
2,202001051120,16,20200105111100.000,5.7,22.9000,143.3000,일본 시즈오카현(혼슈) 시즈오카 남남동쪽 1425km 해역,,국내영향없음. 위 자료는 일본기상청(JMA) 분석결과임.,,=
2,202001080449,24,20200108041135.000,6.0,-5.1600,151.2600,파푸아뉴기니 킴베 동북동쪽 131km 지역,,국내영향없음. 위 자료는 미지질조사소(USGS) 분석결과임.,,=
3,202001080606,25,20200108060300.000,2.0,35.9100,128.3800,경북 성주군 동쪽 9km 지역,최대진도 Ⅰ,지진피해 없을 것으로 예상됨,,=
2,202001091806,29,20200109173808.000,6.3,62.4200,171.1200,러시아 추코츠키 아브토놈니 자치구 지역,,국내영향없음. 위 자료는 미지질조사소(USGS) 분석결과임.,,
2,202001140507,43,20200114045700.000,5.0,36.1000,139.9000,일본 사이타마현(혼슈) 사이타마 북동쪽 35km 지역,,국내영향없음. 위 자료는 일본기상청(JMA) 분석결과임.,,=
3,202001152248,50,20200115224611.000,2.1,37.1100,128.2900,충북 제천시 동남동쪽 9km 지역,최대진도 Ⅱ(강원,충북),지진피해 없을 것으로 예상됨,
2,202001190202,58,20200119013813.000,6.0,-2.8500,139.3300,인도네시아 아베푸라 서쪽 141km 지역,,국내영향없음.,,
2,202001192253,61,20200119222755.000,6.4,39.8300,77.2100,중국 신장 카슈가르 지구 동북동쪽 113km 지역,,국내영향없음. 위 자료는 중국지진청(CEA) 분석결과임.,,=
2,202001250323,77,20200125025514.000,6.7,38.3300,39.0800,터키 말라티아 동쪽 65km 지역,,국내영향없음. 위 자료는 미지질조사소(USGS) 분석결과임.,,=
2,202001290440,88,20200129041025.000,7.7,19.4400,-78.7600,자메이카 루세아 북북서쪽 125km 해역 ,,국내영향없음. 위 자료는 미지질조사소(USGS) 분석결과임.,,=
3,202001291046,90,20200129093347.000,2.5,41.2900,129.1100,북한 함경북도 길주 북북서쪽 41km 지역,최대진도 Ⅰ,자연지진이며, 6차핵실험으로 발생한 유발지진으로 추정됨.,
3,202001300056,94,20200130005252.000,3.2,36.5900,128.1200,경북 상주시 북쪽 20km 지역,최대진도 Ⅲ(경북,충북),Ⅱ(강원,대전
2,202002010118,100,20200201011100.000,5.1,35.7000,140.7000,일본 지바현(혼슈) 지바 동쪽 55km 지역,,국내영향없음. 위 자료는 일본기상청(JMA) 분석결과임.,,=
2,202002010214,101,20200201020700.000,5.3,36.0000,140.1000,일본 지바현(혼슈) 지바 북쪽 44km 지역,,국내영향없음. 위 자료는 일본기상청(JMA) 분석결과임.,,=
2,202002062027,119,20200206202000.000,5.6,36.4000,141.6000,일본 이바라키현(혼슈) 미토 동쪽 101km 해역,,국내영향없음. 위 자료는 일본기상청(JMA) 분석결과임.,,=
3,202002091445,126,20200209144126.000,2.4,35.7700,129.0300,경북 경주시 서남서쪽 18km 지역,최대진도 Ⅲ(경북,울산),Ⅱ(경남),지진 발생 인근 지역은 지진동을 느낄 수 있음. 안전에 유의하기 바람.
2,202002121945,134,20200212193700.000,5.5,37.3000,141.4000,일본 후쿠시마현(혼슈) 후쿠시마 동남동쪽 96km 해역,,국내영향없음. 위 자료는 일본기상청(JMA) 분석결과임.,,=
2,202002131944,137,20200213193400.000,7.0,44.7000,148.9000,일본 홋카이도 구시로 동북동쪽 409km 해역 ,,국내영향없음. 위 자료는 일본기상청(JMA) 분석결과임.,,=
2,202002152017,143,20200215190006.000,5.5,23.8400,121.5200,대만 화롄 남남서쪽 13km 지역,,-국내영향없음. 위 자료는 대만기상국(CWB) 분석결과임.,,=
2,202002152027,144,20200215200506.000,5.1,23.8500,121.5300,대만 화롄 남쪽 11km 지역,,국내영향없음. 위 자료는 대만기상국(CWB) 분석결과임.,,=
2,202002152044,145,20200215200006.000,5.5,23.8400,121.5200,대만 화롄 남남서쪽 13km 지역,,위의 정보는 2020년 2월 15일 20시 17분에 발표한 [국외지진정보]의 수정정보임,,
3,202002162007,148,20200216200335.000,2.7,36.2600,130.4900,경북 영덕군 동쪽 102km 해역,최대진도 Ⅰ,지진피해 없을 것으로 예상됨,,=
2,202002240141,164,20200224010031.000,6.0,38.4700,44.3700,이란 코이 서쪽 51km 지역,,국내영향없음. 위 자료는 미지질조사소(USGS) 분석결과임.,,=
2,202002252053,169,20200225201402.000,5.0,24.3900,121.4200,대만 화롄 북북서쪽 51km 지역,,국내영향없음. 위 자료는 대만기상국(CWB) 분석결과임.,,=
3,202002292210,180,20200229220219.000,2.7,38.4600,126.1700,북한 황해북도 평산 북서쪽 24km 지역,최대진도 Ⅰ,지진피해 없을 것으로 예상됨,,
3,202002292234,181,20200229220350.000,2.4,38.4500,126.1700,북한 황해북도 평산 북서쪽 24km 지역,최대진도 Ⅰ,지진피해 없을 것으로 예상됨,,
3,202003100120,209,20200310011633.000,2.0,35.4400,125.5400,전북 군산시 어청도 남남서쪽 85km 해역,최대진도 Ⅰ,지진피해 없을 것으로 예상됨,,=
2,202003130224,220,20200313021800.000,5.4,37.3000,136.8000,일본 도야마현(혼슈) 도야마 북북서쪽 77km 지역,,국내영향없음. 위 자료는 일본기상청(JMA) 분석결과임.,,=
3,202003201605,239,20200320160245.000,2.7,35.3900,128.0100,경남 산청군 동남동쪽 13km 지역,최대진도 Ⅲ(경남),Ⅱ(경북,대구,전남
2,202003251208,253,20200325114919.000,7.8,49.0000,157.7000,러시아 세베로쿠릴스크 남남동쪽 218km 해역,,국내영향없음. 위 자료는 미지질조사소(USGS) 분석결과임.,,=
2,202003261502,258,20200326145300.000,5.8,22.9000,143.1000,일본 시즈오카현(혼슈) 시즈오카 남남동쪽 1418km 해역,,국내영향없음. 위 자료는 일본기상청(JMA) 분석결과임.,,=
2,202003310103,270,20200331005600.000,5.5,23.9000,123.4000,일본 오키나와현 이리 오모테 섬 부근 해역,,국내영향없음.,,
2,202004010917,274,20200401085231.000,6.5,44.4500,-115.1400,미국 보이시 북동쪽 153km 지역,,국내영향없음.,,
3,202004032008,281,20200403194435.000,2.2,38.7500,125.7200,북한 황해북도 송림 동북동쪽 8km 지역,최대진도 Ⅰ,자연지진으로 분석됨,,=
2,202004120050,304,20200412004400.000,5.1,36.2000,140.0000,일본 도치기현(혼슈) 우쓰노미야 남남동쪽 41km 지역,,국내영향없음. 위 자료는 일본기상청(JMA) 분석결과임.,,=
3,202004180740,321,20200418073628.000,2.3,37.5800,126.1400,인천 강화군 서남서쪽 36km 해역,최대진도 Ⅱ(인천),지진피해 없을 것으로 예상됨,,=
2,202004181734,322,20200418172600.000,6.9,27.2000,140.7000,일본 시즈오카현(혼슈) 시즈오카 남남동쪽 892km 해역,,국내영향없음. 위 자료는 일본기상청(JMA) 분석결과임.,,=
2,202004181832,323,20200418182500.000,6.0,27.3000,140.6000,일본 시즈오카현(혼슈) 시즈오카 남남동쪽 879km 해역,,국내영향없음. 위 자료는 일본기상청(JMA) 분석결과임.,,=
2,202004200545,329,20200420053900.000,6.1,38.9000,142.1000,일본 이와테현(혼슈) 모리오카 남동쪽 121km 해역,,국내영향없음. 위 자료는 일본기상청(JMA) 분석결과임.,,=
3,202004222057,342,20200422205426.000,2.1,38.1100,130.0100,강원 동해시 북동쪽 102km 해역,최대진도 Ⅰ,지진피해 없을 것으로 예상됨,,=
2,202004231352,344,20200423134400.000,5.5,36.2000,137.7000,일본 나가노현(혼슈) 나가노 남서쪽 67km 지역,,국내영향없음. 위 자료는 일본기상청(JMA) 분석결과임.,,=
3,202004240210,347,20200424020722.000,2.3,35.3000,125.5400,전남 신안군 흑산도 북쪽 73km 해역,최대진도 Ⅰ,지진피해 없을 것으로 예상됨,,=
3,202004271110,358,20200427110710.000,2.8,35.8000,127.5300,전북 장수군 북쪽 17km 지역,최대진도 Ⅳ(전북),Ⅲ(경남),Ⅱ(경북,전남
3,202004281209,363,20200428120653.000,2.4,36.1600,127.4300,충남 금산군 북서쪽 8km 지역,최대진도 Ⅱ(대전,전북,충남,충북)
3,202004281255,365,20200428125201.000,2.1,34.6600,126.4100,전남 목포시 남쪽 17km 해역,최대진도 Ⅱ(전남),지진피해 없을 것으로 예상됨,,=
3,202004291602,369,20200429151047.000,2.4,39.3900,126.1300,북한 평안남도 성천 북북서쪽 18km 지역,최대진도 Ⅰ,자연지진으로 분석됨,,=
3,202004300716,372,20200430071313.000,2.4,34.6600,126.4000,전남 해남군 서북서쪽 21km 지역,최대진도 Ⅲ(전남),지진 발생 인근 지역은 지진동을 느낄 수 있음. 안전에 유의하기 바람.,,=
3,202005020259,380,20200502025702.000,2.3,34.6600,126.4000,전남 해남군 서북서쪽 21km 지역,최대진도 Ⅱ(전남),지진피해 없을 것으로 예상됨,,=
2,202005031255,384,20200503122440.000,5.9,23.2300,121.6100,대만 화롄 남쪽 80km 해역,,국내영향없음. 위 자료는 대만기상국(CWB) 분석결과임.,,=
2,202005032108,386,20200503205400.000,6.0,31.3000,128.7000,일본 가고시마현(규슈) 가고시마 서쪽 179km 해역,,위 자료는 일본기상청(JMA) 분석결과임.,,
3,202005032210,388,20200503220714.000,3.1,34.6600,126.4000,전남 해남군 서북서쪽 21km 지역,최대진도 Ⅲ(전남),지진 발생 인근 지역은 지진동을 느낄 수 있음. 안전에 유의하기 바람.,,=
2,202005042215,394,20200504220700.000,5.5,35.7000,140.6000,일본 지바현(혼슈) 지바 동북동쪽 46km 지역,,국내영향없음. 위 자료는 일본기상청(JMA) 분석결과임.,,=
3,202005050658,398,20200505064429.000,2.4,38.4700,126.1600,북한 황해북도 평산 북서쪽 26km 지역,최대진도 Ⅰ,자연지진으로 분석됨,,=
2,202005060202,402,20200506015700.000,5.0,35.6000,140.1000,일본 지바현(혼슈) 지바 남서쪽 1km 지역,,국내영향없음. 위 자료는 일본기상청(JMA) 분석결과임.,,=
3,202005070211,406,20200507020731.000,2.1,34.7700,124.6800,전남 신안군 흑산도 서쪽 73km 해역,최대진도 Ⅰ,지진피해 없을 것으로 예상됨,,=
3,202005090200,413,20200509015739.000,2.2,34.6600,126.4000,전남 해남군 서북서쪽 21km 지역,최대진도 Ⅱ(전남),지진피해 없을 것으로 예상됨,,=
3,202005091251,415,20200509122708.000,2.2,38.8700,126.2200,북한 평안남도 성천 남쪽 41km 지역,최대진도 Ⅰ,자연지진으로 분석됨,,=
2,202005110904,420,20200511085800.000,5.5,36.4000,141.1000,일본 이바라키현(혼슈) 미토 동쪽 56km 해역,,국내영향없음. 위 자료는 일본기상청(JMA) 분석결과임.,,=
14,202005111945,421,20200511194506.000,4.0,38.7200,127.1400,북한 강원 평강 북북서쪽 37km 지역,최대진도 Ⅱ(강원,경기),위 정보는 이동속도가 빠른 지진파(P파)만을 이용하여 자동 추정한 정보임.,
3,202005111950,422,20200511194506.000,3.8,38.6800,127.1800,북한 강원 평강 북북서쪽 32km 지역,최대진도 Ⅱ(강원,경기,서울,인천)
3,202005131523,428,20200513151902.000,2.8,36.1000,127.3400,전북 완주군 북동쪽 27km 지역,최대진도 Ⅲ(대전,전북,충남),Ⅱ(충북)
2,202005152024,434,20200515200326.000,6.4,38.1700,-117.8800,미국 네바다 토노파 서북서쪽 57km 지역,,국내영향없음. 위 자료는 미지질조사소(USGS) 분석결과임.,,=
2,202005191319,445,20200519131300.000,5.3,36.3000,137.6000,일본 도야마현(혼슈) 도야마 남동쪽 56km 지역,,국내영향없음. 위 자료는 일본기상청(JMA) 분석결과임.,,=
3,202005222142,453,20200522211832.000,2.1,37.6700,125.0000,북한 황해남도 옹진 남서쪽 43km 해역,최대진도 Ⅰ,자연지진으로 분석됨,,=
3,202005271926,465,20200527192328.000,2.8,36.0100,128.0100,경북 김천시 남남서쪽 17km 지역,최대진도 Ⅲ(경북,전북,충북),Ⅱ(경남)
2,202005291911,471,20200529190500.000,5.2,36.3000,137.6000,일본 도야마현(혼슈) 도야마 남동쪽 56km 지역,,국내영향없음. 위 자료는 일본기상청(JMA) 분석결과임.,,=
2,202005310320,475,20200531031400.000,5.8,42.5000,143.7000,일본 홋카이도 구시로 남서쪽 77km 해역,,국내영향없음. 위 자료는 일본기상청(JMA) 분석결과임.,,=
2,202005311433,478,20200531140935.000,6.0,-15.2800,-70.6600,페루 람파 서북서쪽 32km 지역,,국내영향없음.,,
2,202006010608,480,20200601060200.000,5.3,36.2000,140.4000,일본 이바라키현(혼슈) 미토 남남서쪽 19km 지역,,국내영향없음. 위 자료는 일본기상청(JMA) 분석결과임.,,=
2,202006031702,491,20200603163534.000,6.8,-23.3000,-68.4200,칠레 산페드로 드 아타카마 남남서쪽 48km 지역,,국내영향없음. 위 자료는 미지질조사소(USGS) 분석결과임.,,=
3,202006040247,494,20200604022101.000,2.5,38.7500,125.6900,북한 황해북도 송림 동북동쪽 5km 지역,최대진도 Ⅰ,자연지진으로 분석됨,,=
3,202006080055,504,20200608005210.000,2.1,36.0100,128.0100,경북 김천시 남남서쪽 17km 지역,최대진도 Ⅲ(경북,전북,충북),Ⅱ(경남)
2,202006140059,518,20200614005100.000,6.3,28.8000,128.3000,일본 오키나와현 오키나와 북북동쪽 294km 해역,,국내영향없음. 위 자료는 일본기상청(JMA) 분석결과임.,,=
2,202006140528,519,20200614051900.000,6.0,24.2700,122.4400,대만 화롄 동북동쪽 97km 해역,,국내영향없음. 위 자료는 대만기상국(CWB) 분석결과임.,,=
2,202006150443,523,20200615042600.000,5.5,24.9000,123.3000,일본 오키나와현 요나구니섬 북동쪽 58km 해역,,국내영향없음. 위 자료는 일본기상청(JMA) 분석결과임.,,=
2,202006182204,532,20200618214940.000,7.4,-33.5000,-177.2000,뉴질랜드 오포티키 북동쪽 706km 해역,,국내영향없음.,,
2,202006190940,534,20200619092600.000,5.5,24.9000,123.4000,일본 오키나와현 요나구니섬 북동쪽 62km 해역,,국내영향없음. 위 자료는 일본기상청(JMA) 분석결과임.,,=
3,202006210953,541,20200621094952.000,2.3,38.4700,128.5200,강원 고성군 북북동쪽 11km 해역,최대진도 Ⅱ(강원),지진피해 없을 것으로 예상됨,,=
3,202006232000,547,20200623195805.000,2.1,37.8600,126.9000,경기 파주시 북동쪽 15km 지역,최대진도 Ⅲ(경기),지진 발생 인근 지역은 지진동을 느낄 수 있음. 안전에 유의하기 바람.,,=
2,202006240057,548,20200624002905.000,7.4,16.0400,-95.9100,멕시코 오악사카 남동쪽 144km 지역,,국내영향없음. 위 자료는 미지질조사소(USGS) 분석결과임.,,=
3,202006240352,550,20200624032847.000,2.5,38.6600,125.9500,북한 황해북도 사리원 북동쪽 24km 지역,최대진도 Ⅰ,자연지진으로 분석됨,,=
2,202006250454,554,20200625044700.000,6.2,35.5000,141.2000,일본 지바현(혼슈) 지바 동쪽 100km 해역,,국내영향없음. 위 자료는 일본기상청(JMA) 분석결과임.,,=
2,202006260631,557,20200626060500.000,6.4,35.7300,82.3300,중국 신장 허톈 남동쪽 260km 지역,,국내영향없음. 위 자료는 중국지진청(CEA) 분석결과임.,,=
3,202007031403,582,20200703135931.000,2.3,37.1800,128.7100,강원 영월군 동쪽 22km 지역,최대진도 Ⅲ(강원),Ⅱ(경북,충북),지진 발생 인근 지역은 지진동을 느낄 수 있음. 안전에 유의하기 바람.
2,202007070333,591,20200707032000.000,5.5,31.6000,138.4000,일본 시즈오카현(혼슈) 시즈오카 남쪽 375km 해역,,국내영향없음. 위 자료는 일본기상청(JMA) 분석결과임.,,=
3,202007071411,594,20200707140823.000,3.3,37.1900,125.5500,인천 옹진군 연평도 남남서쪽 54km 해역,최대진도 Ⅲ(인천),Ⅱ(충남),지진 발생 인근 지역은 지진동을 느낄 수 있음. 안전에 유의하기 바람.,
3,202007112244,607,20200711223855.000,2.7,37.8800,129.5800,강원 동해시 북동쪽 57km 해역,최대진도 Ⅰ,지진피해 없을 것으로 예상됨,,=
2,202007120808,608,20200712073825.000,5.1,39.7800,118.4400,중국 허베이성 탕산시 북동쪽 28km 지역,,국내영향없음. 위 자료는 중국지진청(CEA) 분석결과임.,,=
3,202007151523,615,20200715152047.000,2.4,34.8800,124.6800,전남 신안군 흑산도 서북서쪽 77km 해역,최대진도 Ⅰ,지진피해 없을 것으로 예상됨,,=
2,202007171203,620,20200717115024.000,7.3,-7.8000,147.7000,파푸아뉴기니 코코다 북쪽 119km 해역,,국내영향없음.,,
3,202007201906,628,20200720190200.000,2.0,34.5300,128.1400,경남 남해군 남남동쪽 41km 해역,최대진도 Ⅰ,지진피해 없을 것으로 예상됨,,=
2,202007221526,633,20200722151244.000,7.4,55.2200,-158.5900,미국 알래스카 페리빌 남남동쪽 84km 해역,,국내영향없음. 위 자료는 미지질조사소(USGS) 분석결과임.,,=
2,202007230546,636,20200723050720.000,6.6,33.1900,86.8100,중국 티베트 라싸 북서쪽 570km 지역,,국내영향없음. 위 자료는 중국지진청(CEA) 분석결과임.,,=
3,202007250037,641,20200725003406.000,2.2,34.0600,125.5400,전남 신안군 흑산도 남쪽 66km 해역,최대진도 Ⅰ,지진피해 없을 것으로 예상됨,,=
2,202007262203,646,20200726215229.000,6.1,24.2600,122.4400,대만 화롄 동북동쪽 97km 해역,,국내영향없음. 위 자료는 대만기상국(CWB) 분석결과임.,,=
2,202007300946,655,20200730093600.000,5.8,30.6000,141.9000,일본 가나가와현(혼슈) 요코하마 남남동쪽 578km 해역,,국내영향없음. 위 자료는 일본기상청(JMA) 분석결과임.,,=
3,202008010302,660,20200801025847.000,2.0,38.6500,127.1600,북한 강원 평강 북북서쪽 29km 지역,최대진도 Ⅰ,지진피해 없을 것으로 예상됨,,
3,202008011318,663,20200801131506.000,2.0,36.7700,128.4800,경북 예천군 북쪽 13km 지역,최대진도 Ⅱ(경북,충북),지진피해 없을 것으로 예상됨,
3,202008050141,674,20200805012248.000,2.0,38.8500,125.7100,북한 황해북도 송림 북북동쪽 14km 지역,최대진도 Ⅰ,자연지진으로 분석됨,,=
2,202008060301,679,20200806025400.000,5.6,36.3000,141.7000,일본 이바라키현(혼슈) 미토 동쪽 110km 해역,,국내영향없음.,,
2,202008061213,681,20200806120600.000,5.1,37.3000,138.8000,일본 니이가타현(혼슈) 니이가타 남남서쪽 70km 지역,,국내영향없음. 위 자료는 일본기상청(JMA) 분석결과임.,,=
3,202008072234,686,20200807212743.000,2.4,41.3000,129.0900,북한 함경북도 길주 북북서쪽 43km 지역,최대진도 Ⅰ,자연지진으로 분석됨,,
3,202008210357,719,20200821035251.000,2.5,37.9100,125.9300,북한 황해남도 해주 남동쪽 24km 지역,최대진도 Ⅱ(인천),자연지진으로 분석됨,,=
2,202008250722,729,20200825065110.000,6.0,9.6000,-84.6000,코스타리카 산호세 남서쪽 66km 지역,,국내영향없음. 위 자료는 미지질조사소(USGS) 분석결과임.,,=
2,202008260431,732,20200826040856.000,6.0,-5.5100,151.8500,파푸아뉴기니 코코포 북북동쪽 138km 지역,,국내영향없음. 위 자료는 미지질조사소(USGS) 분석결과임.,,=
2,202009011338,748,20200901130930.000,7.0,-28.0100,-71.2000,칠레 코피아포 남서쪽 110km 해역,,국내영향없음. 위 자료는 미지질조사소(USGS) 분석결과임.,,=
3,202009021948,753,20200902194306.000,2.3,34.3800,126.2000,전남 진도군 남남서쪽 13km 지역,최대진도 Ⅱ(전남),지진피해 없을 것으로 예상됨,,=
2,202009040917,757,20200904091000.000,5.0,36.1000,136.2000,일본 후쿠이현(혼슈) 후쿠이 북북서쪽 4km 지역,,국내영향없음. 위 자료는 일본기상청(JMA) 분석결과임.,,=
2,202009061047,764,20200906101658.000,6.4,-30.3300,-71.5700,칠레 코킴보 남서쪽 47km 지역 ,,국내영향없음. 위 자료는 미지질조사소(USGS) 분석결과임.,,=
2,202009111652,779,20200911163556.000,6.3,-21.3800,-69.9200,칠레 토코피야 북북동쪽 83km 지역,,국내영향없음. 위 자료는 미지질조사소(USGS) 분석결과임.,,=
2,202009121148,782,20200912114400.000,6.1,38.7000,142.4000,일본 미야기현(혼슈) 센다이 동북동쪽 142km 해역,,국내영향없음. 위 자료는 일본기상청(JMA) 분석결과임.,,=
3,202009121334,784,20200912133105.000,2.4,36.0300,128.4000,경북 칠곡군 북쪽 4km 지역,최대진도 Ⅱ(경남,경북,대구),지진피해 없을 것으로 예상됨
3,202009130059,787,20200913005403.000,2.9,37.6400,124.6000,인천 옹진군 백령도 남남서쪽 35km 해역,최대진도 Ⅰ,지진피해 없을 것으로 예상됨,,=
2,202009151259,795,20200915124127.000,6.4,55.9600,158.4900,러시아 에소 서북서쪽 13km 지역,,국내영향없음. 위 자료는 미지질조사소(USGS) 분석결과임.,,=
3,202009200125,811,20200920012214.000,2.2,36.5100,127.1400,충남 공주시 북북동쪽 7km 지역,최대진도 Ⅲ(대전,세종,충남),Ⅱ(충북)
3,202009222012,821,20200922200854.000,2.1,36.6000,129.3700,경북 영덕군 북쪽 21km 지역,최대진도 Ⅱ(경북),지진피해 없을 것으로 예상됨,,=
2,202009271318,836,20200927131300.000,5.3,35.1000,137.8000,일본 시즈오카현(혼슈) 시즈오카 서북서쪽 55km 지역,,국내영향없음. 위 자료는 일본기상청(JMA) 분석결과임.,,=
2,202009301408,843,20200930133720.000,5.9,24.8500,122.1300,대만 타이베이 동남동쪽 62km 해역,,국내영향없음. 위 자료는 대만기상국(CWB) 분석결과임.,,=
3,202010022149,851,20201002213123.000,2.5,38.7400,125.8900,북한 황해북도 송림 동쪽 22km 지역,최대진도 Ⅰ,자연지진으로 분석됨,,=
3,202010022235,853,20201002222950.000,2.6,38.7400,125.9000,북한 황해북도 송림 동쪽 23km 지역,최대진도 Ⅰ,자연지진으로 분석됨,,=
3,202010030153,854,20201003013730.000,2.3,38.8300,126.0300,북한 황해북도 연산 서남서쪽 20km 지역,최대진도 Ⅰ,자연지진으로 분석됨,,=
2,202010031837,857,20201003183100.000,6.0,33.5000,141.1000,일본 지바현(혼슈) 지바 남남동쪽 251km 해역,,국내영향없음.,,
3,202010070408,867,20201007040532.000,2.1,33.9200,127.4400,전남 여수시 거문도 남동쪽 16km 해역,최대진도 Ⅰ,지진피해 없을 것으로 예상됨,,=
2,202010081652,872,20201008163532.000,6.7,-6.1100,146.2400,파푸아뉴기니 모로베 라에 북서쪽 108km 지역 ,,국내영향없음. 위 자료는 미지질조사소(USGS) 분석결과임.,,=
3,202010090440,876,20201009043814.000,2.1,35.7500,129.1700,경북 경주시 남남서쪽 13km 지역,최대진도 Ⅲ(경북),Ⅱ(경남,울산),지진 발생 인근 지역은 지진동을 느낄 수 있음. 안전에 유의하기 바람.
2,202010200605,904,20201020055440.000,7.4,54.6700,-159.6100,알라스카 샌드포인트 남동쪽 94km 해역,,국내영향없음. 위 자료는 미지질조사소(USGS) 분석결과임.,,=
3,202010241512,915,20201024150901.000,2.1,33.9300,127.4500,전남 여수시 거문도 남동쪽 16km 해역,최대진도 Ⅰ,지진피해 없을 것으로 예상됨,,=
3,202010251914,919,20201025191049.000,2.5,33.8900,125.6500,전남 진도군 남서쪽 87km 해역,최대진도 Ⅰ,지진피해 없을 것으로 예상됨,,=
2,202010302120,932,20201030205126.000,7.0,37.9000,26.8000,그리스 사모스 섬 북서쪽 23km 해역,,국내영향없음. 위 자료는 미지질조사소(USGS) 분석결과임.,,=
3,202011040502,943,20201104044154.000,2.8,38.7900,125.7200,북한 황해북도 송림 북동쪽 10km 지역,최대진도 Ⅰ,자연지진으로 분석됨,,=
3,202011040727,945,20201104072348.000,2.2,35.8300,129.7800,경북 포항시 남구 동남동쪽 43km 해역,최대진도 Ⅰ,지진피해 없을 것으로 예상됨,,=
3,202011041653,947,20201104165030.000,2.4,35.8400,129.7900,경북 포항시 남구 동남동쪽 43km 해역,최대진도 Ⅰ,지진피해 없을 것으로 예상됨,,=
2,202011061801,954,20201106175600.000,5.7,40.9000,143.3000,일본 아오모리현(혼슈) 아오모리 동쪽 215km 해역,,국내영향없음. 위 자료는 일본기상청(JMA) 분석결과임.,,=
3,202011061830,956,20201106182723.000,2.0,36.4300,128.1400,경북 상주시 북서쪽 3km 지역,최대진도 Ⅱ(경북),지진피해 없을 것으로 예상됨,,=
2,202011071017,959,20201107101100.000,6.2,25.7000,144.0000,일본 가나가와현(혼슈) 요코하마 남남동쪽 1161km 해역,,국내영향없음. 위 자료는 일본기상청(JMA) 분석결과임.,,=
3,202011081530,963,20201108152609.000,2.9,36.4100,128.2200,경북 상주시 동쪽 5km 지역,최대진도 Ⅳ(경북),Ⅱ(강원,경남,대전
2,202011111439,971,20201111141756.000,5.7,25.4600,142.7600,일본 시즈오카현(혼슈) 시즈오카 남남동쪽 1138km 해역,,국내영향없음. 위 자료는 미지질조사소(USGS) 분석결과임.,,=
3,202011150004,983,20201115000029.000,2.1,35.7600,129.1800,경북 경주시 남남서쪽 11km 지역,최대진도 Ⅲ(경북),Ⅱ(경남,울산),지진 발생 인근 지역은 지진동을 느낄 수 있음. 안전에 유의하기 바람.
3,202011170406,990,20201117031029.000,2.6,41.2800,129.1800,북한 함경북도 길주 북북서쪽 38km 지역,최대진도 Ⅰ,자연지진으로 분석됨.,,
3,202011192325,999,20201119231728.000,3.1,37.9900,125.3700,북한 황해남도 옹진 북쪽 7km 지역,최대진도 Ⅰ,지진피해 없을 것으로 예상됨,,
2,202011221911,1006,20201122190600.000,5.8,36.6000,141.1000,일본 이바라키현(혼슈) 미토 동북동쪽 62km 해역,,국내영향없음. 위 자료는 일본기상청(JMA) 분석결과임.,,=
2,202012010819,1031,20201201075459.000,6.3,-24.3800,-67.0500,아르헨티나 살타 서북서쪽 172km 지역,,국내영향없음. 위 자료는 미지질조사소(USGS) 분석결과임.,,=
2,202012070211,1044,20201207014742.000,6.1,-20.3700,-69.0800,칠레 이키케 동쪽 113km 지역,,국내영향없음. 위 자료는 미지질조사소(USGS) 분석결과임.,,=
2,202012102230,1054,20201210221958.000,6.7,24.7400,122.0300,대만 타이베이 남동쪽 59km 해역,,국내영향없음. 위 자료는 대만기상국(CWB) 분석결과임.,,=
2,202012110325,1055,20201211031508.000,5.6,24.5300,121.9900,대만 타이베이 남동쪽 73km 해역,,국내영향없음. 위 자료는 대만기상국(CWB) 분석결과임.,,=
2,202012121625,1059,20201212161900.000,5.5,40.1000,142.2000,일본 이와테현(혼슈) 모리오카 동북동쪽 100km 해역,,국내영향없음. 위 자료는 일본기상청(JMA) 분석결과임.,,=
2,202012150043,1066,20201215002049.000,6.0,-21.8200,-68.7300,칠레 칼라마 북북동쪽 73km 지역,,국내영향없음. 위 자료는 미지질조사소(USGS) 분석결과임.,,=
3,202012151740,1071,20201215171531.000,2.3,37.7000,125.1700,북한 황해남도 옹진 남남서쪽 31km 해역,최대진도 Ⅰ,자연지진으로 분석됨,,=
3,202012181720,1080,20201218171723.000,2.7,37.6600,129.3200,강원 동해시 북동쪽 24km 해역,최대진도 Ⅱ(강원),지진피해 없을 것으로 예상됨,,=
2,202012210230,1087,20201221022300.000,6.3,40.7000,142.7000,일본 아오모리현(혼슈) 아오모리 동쪽 165km 해역,,국내영향없음. 위 자료는 일본기상청(JMA) 분석결과임.,,=
3,202012232131,1096,20201223212820.000,2.2,37.7300,126.7300,경기 파주시 남서쪽 6km 지역,최대진도 Ⅲ(경기),Ⅱ(인천),지진 발생 인근 지역은 지진동을 느낄 수 있음. 안전에 유의하기 바람.,
2,202012250902,1100,20201225084342.000,6.2,13.8000,120.6600,필리핀 칼라타간 남동쪽 4km 지역,,국내영향없음. 위 자료는 미지질조사소(USGS) 분석결과임.,,=
2,202012292042,1110,20201229201954.000,6.4,45.4100,16.3000,크로아티아 페트리냐 남남동쪽 2km 지역,,국내영향없음. 위 자료는 미지질조사소(USGS) 분석결과임.,,=
2,202012300943,1112,20201230093500.000,5.1,36.4000,140.6000,일본 이바라키현(혼슈) 미토 동북동쪽 12km 지역,,국내영향없음. 위 자료는 일본기상청(JMA) 분석결과임.,,=
2,202101092044,21,20210109203552.000,5.7,24.7200,122.0400,대만 타이베이 남동쪽 61km 해역,,국내영향없음. 위 자료는 대만기상국(CWB) 분석결과임.,,=
2,202101101320,23,20210110125412.000,6.1,-24.0200,-66.6700,아르헨티나 살타 북서쪽 153km 지역,,국내영향없음. 위 자료는 미지질조사소(USGS) 분석결과임.,,=
2,202101120701,27,20210112063258.000,6.8,51.2400,100.4400,몽골 무릉 북쪽 180km 지역,,국내영향없음. 위 자료는 미지질조사소(USGS) 분석결과임.,,=
2,202101121147,29,20210112114000.000,5.6,43.6000,140.0000,일본 홋카이도 삿포로 서북서쪽 125km 해역,,국내영향없음. 위 자료는 일본기상청(JMA) 분석결과임.,,=
3,202101140820,35,20210114081728.000,2.1,36.8600,125.4300,충남 태안군 서격렬비도 북북서쪽 30km 해역,최대진도 Ⅰ,지진피해 없을 것으로 예상됨,,=
2,202101150352,37,20210115032818.000,6.2,-3.0100,118.9200,인도네시아 서 술라웨시 마무주 남쪽 36km 지역,,국내영향없음. 위 자료는 미지질조사소(USGS) 분석결과임.,,=
2,202101190413,47,20210119032128.000,4.6,35.7900,123.9700,중국 청도 동쪽 332km 해역,,위 자료는 중국지진청(CEA) 분석결과임.,,
국외지진정보발표 기준(규모5.5이상)에 미달하나, 전남, 전북 지역 등에서 지진동을 감지하였음.,,=,,,,,,,
2,202101191216,49,20210119114621.000,6.4,-31.8400,-68.8100,아르헨티나 산후안 남서쪽 42km ,,국내영향없음. 위 자료는 미지질조사소(USGS) 분석결과임.,,=
2,202101212145,55,20210121212305.000,7.0,5.0100,127.5200,필리핀 민다나오섬 다바오 남동쪽 312km 해역,,국내영향없음. 위 자료는 미지질조사소(USGS) 분석결과임.,,=
3,202101240627,60,20210124062305.000,2.1,35.8400,125.1400,전북 군산시 어청도 서남서쪽 81km 해역,최대진도 Ⅰ,지진피해 없을 것으로 예상됨,,=
2,202101240858,63,20210124083650.000,7.0,-61.8500,-55.5600,사우스셰틀랜드 제도 해역,,국내영향없음. 위 자료는 미지질조사소(USGS) 분석결과임.,,=
2,202101251633,66,20210125162537.000,5.7,23.3700,123.7100,대만 화롄 동남동쪽 229km 해역,,국내영향없음. 위 자료는 대만기상국(CWB) 분석결과임.,,=
2,202101271413,74,20210127140700.000,5.4,42.7000,142.0000,일본 홋카이도 삿포로 남동쪽 66km 지역,,국내영향없음. 위 자료는 일본기상청(JMA) 분석결과임.,,=
2,202102010107,89,20210201005200.000,5.7,22.5000,143.6000,일본 시즈오카현(혼슈) 시즈오카 남남동쪽 1477km 해역,,국내영향없음. 위 자료는 일본기상청(JMA) 분석결과임.,,=
3,202102031220,96,20210203121756.000,2.2,37.3200,126.2400,인천 옹진군 서남서쪽 38km 해역,최대진도 Ⅲ(인천),지진 발생 인근 지역은 지진동을 느낄 수 있음. 안전에 유의하기 바람.,,=
3,202102060443,108,20210206044003.000,2.7,35.8100,127.5300,전북 장수군 북쪽 18km 지역,최대진도 Ⅳ(전북),Ⅱ(경남,충남),지진 발생 인근 지역은 지진동을 느낄 수 있음. 안전에 유의하기 바람.
2,202102070250,112,20210207023603.000,6.1,24.6600,122.6000,대만 타이베이 동남동쪽 114km 해역,,국내영향없음. 위 자료는 대만기상국(CWB) 분석결과임.,,=
2,202102071346,114,20210207132257.000,6.0,6.7600,125.2100,필리핀 막사이사이 동쪽 2km 지역,,국내영향없음. 위 자료는 미지질조사소(USGS) 분석결과임.,,=
3,202102080417,117,20210208033734.000,3.2,40.6700,127.4500,북한 함경남도 장진 북북동쪽 37km 지역,최대진도 Ⅰ,자연지진으로 분석됨,,=
3,202102080828,119,20210208074651.000,2.3,40.6400,127.6200,북한 함경남도 장진 북동쪽 43km 지역,최대진도 Ⅰ,자연지진으로 분석됨,,=
2,202102090204,121,20210209015631.000,5.5,24.3600,122.3600,대만 화롄 동북동쪽 94km 해역,,국내영향없음. 위 자료는 대만기상국(CWB) 분석결과임.,,=
2,202102090223,122,20210209015803.000,5.7,24.3700,122.0200,대만 화롄 북동쪽 67km 해역,,국내영향없음. 위 자료는 대만기상국(CWB) 분석결과임.,,=
3,202102101931,127,20210210192818.000,2.1,37.3200,126.2400,인천 옹진군 서남서쪽 38km 해역,최대진도 Ⅱ(인천),지진피해 없을 것으로 예상됨,,=
2,202102102241,128,20210210221956.000,7.9,-23.1000,171.5000,뉴칼레도니아 누메아 동쪽 526km 해역  ,,국내영향없음. 위 자료는 미지질조사소(USGS) 분석결과임.,,=
2,202102132314,137,20210213230800.000,7.1,37.7000,141.8000,일본 미야기현(혼슈) 센다이 남동쪽 103km 해역,,국내영향없음. 위 자료는 일본기상청(JMA) 분석결과임.,,=
3,202102151901,143,20210215185925.000,2.5,35.9900,126.8400,전북 군산시 동북동쪽 10km 지역,최대진도 Ⅳ(전북),Ⅲ(충남),지진 발생 인근 지역은 지진동을 느낄 수 있음. 안전에 유의하기 바람.,
3,202102210906,159,20210221090334.000,2.2,35.4700,126.3400,전남 영광군 북서쪽 27km 해역,최대진도 Ⅱ(광주,전남,전북),지진피해 없을 것으로 예상됨
2,202103021829,185,20210302182300.000,5.8,21.9100,121.1300,대만 카오슝 남동쪽 115km 해역,,국내영향없음. 위 자료는 대만기상국(CWB) 분석결과임.,,=
2,202103031938,189,20210303191610.000,6.3,39.7600,22.1800,그리스 테살리아 라리사  북서쪽 25km 지역,,국내영향없음. 위 자료는 미지질조사소(USGS) 분석결과임.,,=
2,202103042245,194,20210304222735.000,7.3,-37.8000,-179.5000,뉴질랜드 기스본 동북동쪽 238km 해역 ,,국내영향없음. 위 자료는 미지질조사소(USGS) 분석결과임.,,=
2,202103050310,195,20210305024125.000,7.4,-29.6100,-177.8400,뉴질랜드 케르마덱 제도 해역,,국내영향없음. 위 자료는 미지질조사소(USGS) 분석결과임.,,=
2,202103050454,196,20210305042830.000,7.8,-29.7500,-177.2200,뉴질랜드 케르마덱 제도 해역,,국내영향없음. 위 자료는 미지질조사소(USGS) 분석결과임.,,=
2,202103070345,202,20210307031834.000,5.5,21.1000,144.4700,마리아나 제도 해역,,국내영향없음. 위 자료는 미지질조사소(USGS) 분석결과임.,,=
2,202103070426,203,20210307035113.000,5.7,20.8900,144.3200,마리아나 제도 해역,,국내영향없음. 위 자료는 미지질조사소(USGS) 분석결과임.,,=
3,202103160255,226,20210316025152.000,2.6,35.7600,129.1900,경북 경주시 남남서쪽 11km 지역,최대진도 Ⅲ(경북),Ⅱ(경남,울산),지진 발생 인근 지역은 지진동을 느낄 수 있음. 안전에 유의하기 바람.
2,202103191544,237,20210319151126.000,6.1,31.9400,92.7400,중국 티베트 나취 북동쪽 83km 지역,,국내영향없음. 위 자료는 중국지진청(CEA) 분석결과임.,,=
2,202103201821,241,20210320180900.000,7.2,38.4000,141.7000,일본 미야기현(혼슈) 센다이 동쪽 74km 해역,,국내영향없음. 위 자료는 북서태평양지진해일경보센터(NWPTAC) 분석결과임.,,=
2,202103270712,256,20210327070200.000,6.2,26.1000,125.0000,일본 오키나와현 오키나와 서쪽 268km 해역,,국내영향없음. 위 자료는 일본기상청(JMA) 분석결과임.,,=
2,202103280932,260,20210328092700.000,5.8,33.7000,140.5000,일본 가나가와현(혼슈) 요코하마 남남동쪽 209km 해역,,국내영향없음. 위 자료는 일본기상청(JMA) 분석결과임.,,=
3,202104132159,299,20210413215615.000,2.0,36.0200,126.9100,전북 익산시 북북서쪽 9km 지역,최대진도 Ⅲ(전북,충남),지진 발생 인근 지역은 지진동을 느낄 수 있음. 안전에 유의하기 바람.,
3,202104160147,305,20210416014323.000,2.2,37.2900,127.7100,경기 여주시 동쪽 7km 지역,최대진도 Ⅲ(경기),Ⅱ(강원,충북),지진 발생 인근 지역은 지진동을 느낄 수 있음. 안전에 유의하기 바람.
2,202104180936,312,20210418092900.000,5.8,38.3000,141.9000,일본 미야기현(혼슈) 센다이 동쪽 90km 해역,,국내영향없음. 위 자료는 일본기상청(JMA) 분석결과임.,,=
2,202104182319,315,20210418231139.000,5.8,23.8700,121.4900,대만 화롄 남서쪽 11km 지역,,국내영향없음. 위 자료는 대만기상국(CWB) 분석결과임.,,=
3,202104191425,319,20210419142027.000,3.7,35.0700,125.0800,전남 신안군 흑산도 북서쪽 54km 해역,최대진도 Ⅱ(전남),지진피해 없을 것으로 예상됨,,=
3,202104191639,320,20210419154852.000,2.7,41.2800,129.1300,북한 함경북도 길주 북북서쪽 40km 지역,최대진도 Ⅰ,자연지진으로 분석됨.,,=
3,202104200217,323,20210420021327.000,2.6,35.0800,125.0500,전남 신안군 흑산도 북서쪽 57km 해역,최대진도 Ⅰ,지진피해 없을 것으로 예상됨,,=
3,202104230313,333,20210423024127.000,2.2,40.4900,127.5100,북한 함경남도 장진 동북동쪽 26km 지역,최대진도 Ⅰ,자연지진으로 분석됨,,=
3,202104251712,340,20210425170759.000,2.3,37.4800,124.3600,인천 옹진군 백령도 남남서쪽 60km 해역,최대진도 Ⅰ,지진피해 없을 것으로 예상됨,,=
2,202104281145,349,20210428112125.000,6.0,26.7900,92.4200,인도 아삼 데키아줄리 북북서쪽 10km 지역 ,,국내영향없음. 위 자료는 미지질조사소(USGS) 분석결과임.,,=
3,202104281204,351,20210428120040.000,2.5,35.6500,129.7900,울산 동구 동북동쪽 37km 해역,최대진도 Ⅰ,지진피해 없을 것으로 예상됨,,=
3,202104290516,354,20210429051225.000,2.0,35.6500,129.8300,울산 동구 동북동쪽 41km 해역,최대진도 Ⅰ,지진피해 없을 것으로 예상됨,,=
3,202104301619,364,20210430161504.000,2.1,35.5200,128.8800,경남 밀양시 동쪽 12km 지역,최대진도 Ⅲ(경남),Ⅱ(경북,울산),지진 발생 인근 지역은 지진동을 느낄 수 있음. 안전에 유의하기 바람.
2,202105011033,367,20210501102700.000,6.6,38.1000,141.8000,일본 미야기현(혼슈) 센다이 동남동쪽 83km 해역,,국내영향없음. 위 자료는 일본기상청(JMA) 분석결과임.,,=
2,202105031425,372,20210503140800.000,5.8,25.7000,123.8000,일본 오키나와현 이리오모테섬 북쪽 150km 해역,,국내영향없음. 위 자료는 일본기상청(JMA) 분석결과임.,,=
3,202105042245,378,20210504224208.000,2.0,35.8900,129.6700,경북 포항시 남구 동남동쪽 31km 해역,최대진도 Ⅰ,지진피해 없을 것으로 예상됨,,=
3,202105130608,397,20210513060428.000,2.0,35.8900,127.3300,전북 완주군 동쪽 15km 지역,최대진도 Ⅲ(전북),지진 발생 인근 지역은 지진동을 느낄 수 있음. 안전에 유의하기 바람.,,=
2,202105140904,402,20210514085800.000,6.0,37.7000,141.8000,일본 미야기현(혼슈) 센다이 남동쪽 103km 해역,,국내영향없음. 위 자료는 일본기상청(JMA) 분석결과임.,,=
2,202105161231,408,20210516122400.000,6.1,41.9000,144.9000,일본 홋카이도 구시로 남남동쪽 128km 해역,,국내영향없음. 위 자료는 일본기상청(JMA) 분석결과임.,,=
2,202105212314,420,20210521224837.000,6.0,25.7700,100.0100,중국 윈난성 다리 북서쪽 29km 지역,,국내영향없음. 위 자료는 미지질조사소(USGS) 분석결과임.,,=
2,202105220330,421,20210522030413.000,7.4,34.5900,98.2600,중국 칭하이성 시닝 남서쪽 389km 지역,,국내영향없음. 위 자료는 미지질조사소(USGS) 분석결과임.,,=
3,202105260618,430,20210526061324.000,2.2,35.8300,124.5600,충남 태안군 서격렬비도 남서쪽 124km 해역,최대진도 Ⅰ,지진피해 없을 것으로 예상됨,,=
2,202105291018,440,20210529100300.000,5.6,36.4000,141.8000,일본 이바라키현(혼슈) 미토 동쪽 119km 해역,,국내영향없음. 위 자료는 일본기상청(JMA) 분석결과임.,,=
2,202105302246,445,20210530223400.000,5.6,27.6000,141.1000,일본 시즈오카현(혼슈) 시즈오카 남남동쪽 860km 해역,,국내영향없음. 위 자료는 일본기상청(JMA) 분석결과임.,,=
3,202105310010,447,20210530235353.000,2.4,38.7300,126.0600,북한 황해북도 연산 남서쪽 23km 지역,최대진도 Ⅰ,자연지진으로 분석됨.,,=
2,202105311614,449,20210531155955.000,6.0,62.4600,-148.2000,미국 알래스카 치카룬 북쪽 74km 지역,,국내영향없음. 위 자료는 미지질조사소(USGS) 분석결과임.,,=
3,202106071838,467,20210607183402.000,2.1,33.6800,128.0700,전남 여수시 거문도 동남동쪽 80km 해역,최대진도 Ⅰ,지진피해 없을 것으로 예상됨,,=
2,202106111428,478,20210611141248.000,5.0,23.9000,121.5400,대만 화롄 남쪽 6km 지역,,국내영향없음. 위 자료는 대만기상국(CWB) 분석결과임.,,=
2,202106111642,479,20210611163326.000,5.3,23.8900,121.5300,대만 화롄 남남서쪽 7km 지역,,국내영향없음. 위 자료는 대만기상국(CWB) 분석결과임.,,=
3,202106130618,485,20210613061351.000,2.0,36.9700,130.3400,경북 울릉군 울릉도 남서쪽 76km 해역,최대진도 Ⅰ,지진피해 없을 것으로 예상됨,,=
3,202106140039,488,20210613235732.000,2.5,41.2900,129.1300,북한 함경북도 길주 북북서쪽 41km 지역,최대진도 Ⅰ,자연지진으로 분석됨,,=
3,202106142245,492,20210614224217.000,2.4,35.8100,129.7700,경북 포항시 남구 동남동쪽 43km 해역,최대진도 Ⅰ,지진피해 없을 것으로 예상됨,,=
2,202106202016,509,20210620200800.000,5.4,43.5000,142.7000,일본 홋카이도 삿포로 동북동쪽 119km 지역,,국내영향없음. 위 자료는 일본기상청(JMA) 분석결과임.,,=
3,202107070700,548,20210707065727.000,2.3,36.7700,128.4600,경북 예천군 북쪽 14km 지역,최대진도 Ⅱ(경북,충북),지진피해 없을 것으로 예상됨,
2,202107072035,551,20210707202458.000,5.4,23.9000,121.5900,대만 화롄 남동쪽 7km 지역,,국내영향없음.,,
2,202107080722,552,20210708071155.000,5.4,23.9000,121.5800,대만 화롄 남남동쪽 6km 지역,,국내영향없음. 위 자료는 대만기상국(CWB) 분석결과임.,,=
2,202107140809,565,20210714075205.000,5.2,23.9500,121.6000,대만 화롄 동쪽 5km 지역,,국내영향없음. 위 자료는 대만기상국(CWB) 분석결과임.,,=
2,202107161329,573,20210716132000.000,5.5,33.2000,139.4000,일본 시즈오카현(혼슈) 시즈오카 남남동쪽 218km 해역,,국내영향없음. 위 자료는 일본기상청(JMA) 분석결과임.,,=
3,202107310520,613,20210731051710.000,2.5,35.6500,128.4000,대구 달성군 남남서쪽 14km 지역,최대진도 Ⅲ(경남,대구),Ⅱ(경북),지진 발생 인근 지역은 지진동을 느낄 수 있음. 안전에 유의하기 바람.
3,202107260655,594,20210726065056.000,2.2,36.3200,128.2100,경북 상주시 남남동쪽 11km 지역,최대진도 Ⅲ(경북),Ⅱ(전북,충북),지진 발생 인근 지역은 지진동을 느낄 수 있음. 안전에 유의하기 바람.
2,202107291533,605,20210729151546.000,7.3,55.3100,-157.8400,미국 알래스카 페리빌 남동쪽 105km 해역,,위 자료는 미지질조사소(USGS) 분석결과임.,,
2,202107310237,611,20210731021019.000,6.1,-4.9200,-80.6100,페루 수야나 동쪽 8km 지역,,국내영향없음. 위 자료는 미지질조사소(USGS) 분석결과임.,,=
2,202107311435,616,20210731142600.000,5.0,43.3000,141.8000,일본 홋카이도 삿포로 북동쪽 45km 지역,,국내영향없음. 위 자료는 일본기상청(JMA) 분석결과임.,,=
3,202108011423,620,20210801141926.000,2.2,35.6500,129.5300,울산 북구 동북동쪽 17km 해역,최대진도 Ⅰ,지진피해 없을 것으로 예상됨,,=
2,202108040543,628,20210804053300.000,6.0,36.3000,141.8000,일본 이바라키현(혼슈) 미토 동쪽 119km 해역,,국내영향없음. 위 자료는 일본기상청(JMA) 분석결과임.,,=
2,202108041348,631,20210804134000.000,5.8,36.2000,142.0000,일본 이바라키현(혼슈) 미토 동쪽 138km 해역,,국내영향없음. 위 자료는 일본기상청(JMA) 분석결과임.,,=
2,202108050709,633,20210805065044.000,6.1,24.8000,122.4500,대만 타이베이 동남동쪽 95km 해역,,국내영향없음. 위 자료는 대만기상국(CWB) 분석결과임.,,=
2,202108061720,638,20210806171104.000,5.5,24.7900,122.2100,대만 타이베이 동남동쪽 72km 해역,,국내영향없음. 위 자료는 대만기상국(CWB) 분석결과임.,,=
2,202108062022,640,20210806201230.000,5.4,23.1500,121.2900,대만 화롄 남남서쪽 93km 지역,,국내영향없음. 위 자료는 대만기상국(CWB) 분석결과임.,,=
2,202108120325,660,20210812024614.000,7.1,6.4600,126.7400,필리핀 민다나오섬 다바오 남동쪽 143km 해역,,국내영향없음. 위 자료는 미지질조사소(USGS) 분석결과임.,,=
2,202108130405,668,20210813033254.000,7.5,-57.6000,-25.1900,남 샌드위치 아일랜드 브리스톨섬 북북동쪽 180km 해역 ,,국내영향없음. 위 자료는 미지질조사소(USGS) 분석결과임.,,=
2,202108142157,674,20210814212909.000,7.2,18.3500,-73.4800,아이티 세인트 루이스 두 서드 북동쪽 12km 지역,,국내영향없음. 위 자료는 미지질조사소(USGS) 분석결과임.,,=
3,202108150936,678,20210815093243.000,2.0,35.1000,129.7800,부산 기장군 동남동쪽 53km 해역,최대진도 Ⅰ,지진피해 없을 것으로 예상됨,,=
3,202108181700,686,20210818165711.000,2.1,35.1000,129.8400,부산 기장군 동남동쪽 58km 해역,최대진도 Ⅰ,지진피해 없을 것으로 예상됨,,=
3,202108202233,693,20210820222652.000,2.1,38.3700,127.9900,북한 강원 회양 남동쪽 50km 지역,최대진도 Ⅱ(강원),자연지진으로 분석됨.,,
14,202108210941,696,20210821094041.000,4.0,35.7200,124.7000,전북 군산시 어청도 서남서쪽 123km 해역,최대진도 Ⅱ(전남,전북,충남),위 정보는 이동속도가 빠른 지진파(P파)만을 이용하여 자동 추정한 정보임.
3,202108210945,697,20210821094040.000,4.0,35.7000,124.7000,전북 군산시 어청도 서남서쪽 124km 해역,최대진도 Ⅱ(전남),위의 정보는 2021년 8월 21일 09시 40분에 발표한 지진속보를 수동으로 분석한 상세정보임.,,
2,202108230652,703,20210823063323.000,7.2,-60.3000,-25.0000,사우스 샌드위치 제도 해역,,국내영향없음. 위 자료는 미지질조사소(USGS) 분석결과임.,,=
3,202108280706,722,20210828070322.000,2.2,35.0000,127.7300,전남 광양시 북북동쪽 7km 지역,최대진도 Ⅲ(경남,전남),지진 발생 인근 지역은 지진동을 느낄 수 있음. 안전에 유의하기 바람.,
3,202108291306,730,20210829130323.000,2.2,35.3100,128.4900,경남 함안군 동북동쪽 9km 지역,최대진도 Ⅲ(경남),지진 발생 인근 지역은 지진동을 느낄 수 있음. 안전에 유의하기 바람.,,=
3,202108291851,732,20210829184720.000,2.6,36.9800,125.0200,충남 태안군 서격렬비도 북서쪽 62km 해역,최대진도 Ⅰ,지진피해 없을 것으로 예상됨,,=
2,202108311209,739,20210831115249.000,6.5,-30.1000,-176.6000,뉴질랜드 케르마덱 제도 해역 ,,국내영향없음. 위 자료는 미지질조사소(USGS) 분석결과임.,,=
3,202108261602,715,20210826155814.000,2.3,35.0700,125.1200,전남 신안군 흑산도 북북서쪽 52km 해역,최대진도 Ⅰ,지진피해 없을 것으로 예상됨,,=
3,202109011929,744,20210901183952.000,2.4,41.3000,129.1300,북한 함경북도 길주 북북서쪽 42km 지역,최대진도 Ⅰ,자연지진으로 분석됨,,=
2,202109081107,765,20210908104749.000,7.4,17.1000,-99.6000,멕시코 아카풀코 남서쪽 43km 지역,,국내영향없음. 위 자료는 미지질조사소(USGS) 분석결과임.,,=
3,202109110440,773,20210911034727.000,2.1,41.2900,129.1500,북한 함경북도 길주 북북서쪽 40km 지역,최대진도 Ⅰ,자연지진으로 분석됨,,=
3,202109120208,777,20210912020446.000,2.1,35.5300,128.5300,경남 창녕군 동남동쪽 4km 지역,최대진도 Ⅱ(경남),지진피해 없을 것으로 예상됨,,=
2,202109131445,782,20210913141813.000,6.2,-23.8900,-67.0200,아르헨티나 샌안토니오 데로스 코브레스 서북서쪽 79km 지역,,국내영향없음. 위 자료는 미지질조사소(USGS) 분석결과임.,,=
2,202109131951,783,20210913194127.000,5.6,24.1200,121.0200,대만 화롄 서북서쪽 57km 지역,,국내영향없음. 위 자료는 대만기상국(CWB) 분석결과임.,,=
3,202109140338,785,20210914033601.000,2.2,35.4100,128.7800,경남 밀양시 남남동쪽 11km 지역,최대진도 Ⅲ(경남),Ⅱ(부산),지진 발생 인근 지역은 지진동을 느낄 수 있음. 안전에 유의하기 바람.,
2,202109140754,786,20210914074600.000,6.2,32.2000,138.2000,일본 시즈오카현(혼슈) 시즈오카 남쪽 309km 해역,,국내영향없음. 위 자료는 일본기상청(JMA) 분석결과임.,,=
2,202109160602,796,20210916053331.000,6.0,29.2000,105.3400,중국 쓰촨성 루저우시 북북서쪽 37km 지역,,국내영향없음. 위 자료는 중국지진청(CEA) 분석결과임.,,=
2,202109161900,798,20210916184200.000,5.2,37.5000,137.3000,일본 도야마현(혼슈) 도야마 북쪽 90km 지역,,국내영향없음. 위 자료는 일본기상청(JMA) 분석결과임.,,=
3,202109170533,801,20210917053013.000,2.2,36.7100,126.1200,충남 태안군 서남서쪽 16km 지역,최대진도 Ⅱ(충남),지진피해 없을 것으로 예상됨,,=
2,202109191725,807,20210919171800.000,5.0,36.3000,137.6000,일본 도야마현(혼슈) 도야마 남동쪽 56km 지역,,국내영향없음. 위 자료는 일본기상청(JMA) 분석결과임.,,=
3,202109200701,810,20210920065849.000,2.2,34.8800,127.2500,전남 보성군 북동쪽 20km 지역,최대진도 Ⅲ(전남),지진 발생 인근 지역은 지진동을 느낄 수 있음. 안전에 유의하기 바람.,,=
2,202109210544,816,20210921052600.000,6.5,45.8000,153.5000,일본 홋카이도 구시로 동북동쪽 789km 해역,,국내영향없음. 위 자료는 일본기상청(JMA) 분석결과임.,,=
2,202109212240,819,20210921221430.000,6.4,-36.7900,-74.0300,칠레 비오비오주 콘셉시온 서쪽 88km 해역,,국내영향없음. 위 자료는 미지질조사소(USGS) 분석결과임.,,=
2,202109221916,823,20210922185707.000,6.7,12.1000,-87.8000,니카라과 코린토 서남서쪽 80km 해역,,국내영향없음. 위 자료는 미지질조사소(USGS) 분석결과임.,,=
3,202109231205,827,20210923120243.000,2.6,35.4200,128.4900,경남 창녕군 남쪽 14km 지역,최대진도 Ⅳ(경남),Ⅱ(경북,대구,부산
2,202109242106,831,20210924205231.000,6.3,51.0500,-178.9400,알래스카 아닥 서남서쪽 184km 해역 ,,국내영향없음. 위 자료는 미지질조사소(USGS) 분석결과임.,,=
2,202109260732,834,20210926072119.000,5.7,24.3200,121.6900,대만 화롄 북북동쪽 43km 지역,,국내영향없음. 위 자료는 대만기상국(CWB) 분석결과임.,,=
2,202109271545,839,20210927151722.000,6.0,35.2500,25.2600,그리스 크레타섬 헤라클리온 남동쪽 14km 지역,,국내영향없음. 위 자료는 미지질조사소(USGS) 분석결과임.,,=
2,202109291748,845,20210929173700.000,6.1,38.8000,135.5000,일본 이시카와현(혼슈) 가나자와 북북서쪽 269km 해역,,국내영향없음. 지진해일가능성 없음.,,
2,202110021545,854,20211002152916.000,7.2,-20.8700,174.9300,피지 수바 남서쪽 477km 해역,,국내영향없음. 위 자료는 미지질조사소(USGS) 분석결과임.,,=
2,202110041316,862,20211004125406.000,6.2,-60.4300,-27.5100,사우스 샌드위치 제도 해역,,국내영향없음. 위 자료는 미지질조사소(USGS) 분석결과임.,,=
2,202110060240,867,20211006023000.000,5.4,25.8000,125.0000,일본 오키나와현 오키나와 서쪽 272km 해역,,국내영향없음. 위 자료는 일본기상청(JMA) 분석결과임.,,=
2,202110060252,868,20211006024600.000,6.0,40.0000,142.4000,일본 이와테현(혼슈) 모리오카 동북동쪽 111km 해역,,국내영향없음. 위 자료는 일본기상청(JMA) 분석결과임.,,=
2,202110060314,869,20211006030300.000,5.5,25.7000,125.0000,일본 오키나와현 오키나와 서남서쪽 274km 해역,,국내영향없음. 위 자료는 일본기상청(JMA) 분석결과임.,,=
3,202110062158,873,20211006215548.000,2.5,35.2500,127.8600,경남 하동군 북북동쪽 23km 지역,최대진도 Ⅲ(경남,전남),Ⅱ(전북),지진 발생 인근 지역은 지진동을 느낄 수 있음. 안전에 유의하기 바람.
2,202110072248,876,20211007224100.000,6.1,35.6000,140.1000,일본 지바현(혼슈) 지바 남서쪽 1km 지역,,국내영향없음. 위 자료는 일본기상청(JMA) 분석결과임.,,=
2,202110080544,877,20211008051301.000,6.1,-58.7800,158.4500,뉴질랜드 크라이스트처치 남서쪽 1960km 해역,,국내영향없음. 위 자료는 미지질조사소(USGS) 분석결과임.,,=
2,202110092015,882,20211009195830.000,7.0,-21.0600,174.4700,피지 나디 남서쪽 476km 해역,,국내영향없음. 위 자료는 미지질조사소(USGS) 분석결과임.,,=
3,202110100222,884,20211010021851.000,2.1,35.1000,125.0600,전남 신안군 흑산도 북서쪽 58km 해역,최대진도 Ⅰ,지진피해 없을 것으로 예상됨,,=
2,202110110658,888,20211011064836.000,6.1,18.8000,-155.5300,하와이 나알레후 남쪽 29km 해역 ,,국내영향없음. 위 자료는 미지질조사소(USGS) 분석결과임.,,=
2,202110111827,890,20211011181023.000,6.5,56.2700,-156.5500,알래스카 앵커리지 남남서쪽 670km 해역,,국내영향없음. 위 자료는 미지질조사소(USGS) 분석결과임.,,=
3,202110112254,892,20211011220053.000,2.5,41.2900,129.2000,북한 함경북도 길주 북북서쪽 39km 지역,최대진도 Ⅰ,자연지진으로 분석됨,,=
2,202110121849,895,20211012182403.000,6.4,35.1900,26.2600,그리스 크레타섬 헤라클리온 동쪽 102km 지역,,국내영향없음. 위 자료는 미지질조사소(USGS) 분석결과임.,,=
2,202110151157,905,20211015114459.000,6.6,-8.8800,158.4300,솔로몬제도 부알라 서남서쪽 151km 해역,,국내영향없음. 위 자료는 미지질조사소(USGS) 분석결과임.,,=
3,202110180009,911,20211017231356.000,2.4,41.2600,129.4500,북한 함경북도 길주 북북동쪽 36km 지역,최대진도 Ⅰ,자연지진으로 분석됨,,=
2,202110181653,913,20211018162652.000,6.1,-13.7400,166.9400,바누아투 산마 루간빌 북쪽 200km 해역,,국내영향없음. 위 자료는 미지질조사소(USGS) 분석결과임.,,=
3,202110190659,916,20211019064135.000,2.6,40.3700,127.2800,북한 함경남도 장진 동남동쪽 4km 지역,최대진도 Ⅰ,자연지진으로 분석됨,,
3,202110190711,917,20211019064503.000,2.8,40.4100,127.2700,북한 함경남도 장진 북동쪽 4km 지역,최대진도 Ⅰ,자연지진으로 분석됨,,
2,202110191457,919,20211019143232.000,6.0,34.5700,28.3900,그리스 로도스 남쪽 208km 해역,,국내영향없음. 위 자료는 미지질조사소(USGS) 분석결과임.,,=
3,202110192217,922,20211019221331.000,2.2,35.9000,129.7500,경북 포항시 남구 동남동쪽 37km 해역,최대진도 Ⅰ,지진피해 없을 것으로 예상됨,,=
2,202110211741,929,20211021171043.000,6.0,-25.2400,179.6400,남태평양 피지 수바 남쪽 799km 해역 ,,국내영향없음. 위 자료는 미지질조사소(USGS) 분석결과임.,,=
3,202110220655,932,20211022065148.000,2.4,36.9000,128.2200,충북 제천시 남쪽 26km 지역,최대진도 Ⅲ(충북),Ⅱ(강원,경북),지진 발생 인근 지역은 지진동을 느낄 수 있음. 안전에 유의하기 바람.
2,202110241420,940,20211024141134.000,6.5,24.5300,121.7900,대만 타이베이 남남동쪽 62km 지역,,국내영향없음. 위 자료는 대만기상국(CWB) 분석결과임.,,=
2,202110261511,946,20211026144842.000,6.0,-58.3400,-14.8100,사우스 샌드위치 제도 해역,,국내영향없음. 위 자료는 미지질조사소(USGS) 분석결과임.,,=
2,202111010621,960,20211101061400.000,5.2,36.5000,140.6000,일본 이바라키현(혼슈) 미토 북동쪽 19km 지역,,국내영향없음. 위 자료는 일본기상청(JMA) 분석결과임.,,=
2,202111010921,962,20211101090251.000,6.1,-58.0500,-25.3200,사우스 샌드위치 제도 해역,,국내영향없음. 위 자료는 미지질조사소(USGS) 분석결과임.,,=
2,202111091558,985,20211109152517.000,6.2,11.2300,-86.5200,니카라과 마사차파 남쪽 61km 해역,,국내영향없음. 위 자료는 미지질조사소(USGS) 분석결과임.,,=
2,202111110054,989,20211111004500.000,6.6,23.3000,126.6000,일본 오키나와현 오키나와 남남서쪽 342km 해역,,국내영향없음. 위 자료는 일본기상청(JMA) 분석결과임.,,=
3,202111120136,994,20211112013105.000,2.1,36.1500,129.3800,경북 포항시 북구 북쪽 12km 지역,최대진도 Ⅱ(경북),지진피해 없을 것으로 예상됨,,=
2,202111142132,1001,20211114210838.000,6.3,27.7400,56.0800,이란 반다르 아바스 북북서쪽 64km 지역,,국내영향없음. 위 자료는 미지질조사소(USGS) 분석결과임.,,=
2,202111151350,1003,20211115132330.000,6.0,-37.4900,51.2700,마다가스카르 톨라나로 남남동쪽 1440km 해역,,국내영향없음. 위 자료는 미지질조사소(USGS) 분석결과임.,,=
3,202111161201,1012,20211116115758.000,2.1,35.0600,125.0600,전남 신안군 흑산도 북서쪽 54km 해역,최대진도 Ⅰ,지진피해 없을 것으로 예상됨,,=
3,202111162057,1017,20211116205324.000,2.1,34.5000,125.9000,전남 진도군 서쪽 33km 해역,최대진도 Ⅰ,지진피해 없을 것으로 예상됨,,=
3,202111170142,1019,20211117013911.000,2.9,35.6600,129.7500,울산 동구 동북동쪽 35km 해역,최대진도 Ⅰ,지진피해 없을 것으로 예상됨,,=
2,202111171525,1021,20211117145400.000,5.0,33.5000,121.1900,중국 상해 북쪽 254km 해역,,국내영향없음. 위 자료는 중국지진청(CEA) 분석결과임.,,=
2,202111182328,1025,20211118230805.000,6.2,-5.3200,153.6700,파푸아뉴기니 코코포 남동쪽 189km 해역,,국내영향없음. 위 자료는 미지질조사소(USGS) 분석결과임.,,=
3,202111190239,1027,20211119023508.000,2.2,33.8500,124.7700,전남 신안군 흑산도 남남서쪽 109km 해역,최대진도 Ⅰ,지진피해 없을 것으로 예상됨,,=
3,202111220523,1037,20211122051931.000,2.1,35.4800,127.1100,전북 순창군 북북서쪽 12km 지역,최대진도 Ⅱ(전남,전북),지진피해 없을 것으로 예상됨,
2,202111252126,1047,20211125210410.000,6.0,-10.7500,166.4900,솔로몬 제도 라타 동쪽 75km 해역,,국내영향없음. 위 자료는 미지질조사소(USGS) 분석결과임.,,=
2,202111282006,1055,20211128195214.000,7.4,-4.5000,-76.7000,페루 바랑카 북쪽 36km 지역 ,,국내영향없음. 위 자료는 미지질조사소(USGS) 분석결과임.,,=
2,202111292152,1058,20211129214100.000,6.6,31.1000,142.8000,일본 지바현(혼슈) 지바 남남동쪽 560km 해역,,국내영향없음. 위 자료는 일본기상청(JMA) 분석결과임.,,=
2,202111302003,1061,20211130193618.000,6.0,-3.5200,151.1600,파푸아뉴기니 뉴아일랜드 남남동쪽 113km 해역 ,,국내영향없음. 위 자료는 미지질조사소(USGS) 분석결과임.,,=
2,202112020206,1065,20211202015800.000,5.0,36.2000,140.0000,일본 도치기현(혼슈) 우쓰노미야 남남동쪽 41km 지역,,국내영향없음. 위 자료는 일본기상청(JMA) 분석결과임.,,=
2,202112030938,1070,20211203092800.000,5.4,33.8000,135.2000,일본 와카야마현(혼슈) 와카야마 남쪽 48km 해역,,국내영향없음. 위 자료는 일본기상청(JMA) 분석결과임.,,=
2,202112031411,1071,20211203134004.000,6.2,-28.6300,-112.2600,칠레 이스터섬 서남서쪽 324km 해역,,국내영향없음. 위 자료는 미지질조사소(USGS) 분석결과임.,,=
2,202112031801,1072,20211203173339.000,6.0,-60.4600,-27.1100,사우스 샌드위치 제도 해역 ,,국내영향없음. 위 자료는 미지질조사소(USGS) 분석결과임.,,=
2,202112032122,1074,20211203210822.000,4.5,35.8100,123.8800,중국 청도 동쪽 324km 해역,,국외지진정보발표 기준(규모 5.0이상)에 미달하나, 전남, 전북 지역 등에서 지진동을 느낄수 있음.
3,202112041236,1076,20211204123322.000,2.3,38.0200,124.5200,인천 옹진군 백령도 서북서쪽 16km 해역,최대진도 Ⅰ,지진피해 없을 것으로 예상됨,,=
2,202112050909,1081,20211205084757.000,6.0,4.0700,128.1400,인도네시아 토벨로 북쪽 259km 해역,,국내영향없음. 위 자료는 미지질조사소(USGS) 분석결과임.,,=
3,202112091102,1091,20211209105747.000,2.6,33.8500,125.5100,전남 신안군 흑산도 남쪽 91km 해역,최대진도 Ⅰ,지진피해 없을 것으로 예상됨,,=
2,202112091117,1092,20211209110500.000,6.0,29.4000,129.4000,일본 가고시마현(규슈) 가고시마 남남서쪽 268km 해역,,국내영향없음. 위 자료는 일본기상청(JMA) 분석결과임.,,=
2,202112121239,1103,20211212123100.000,5.0,36.1000,139.9000,일본 고시가야 북북동쪽 25km 지역,,국내영향없음. 위 자료는 일본기상청(JMA) 분석결과임.,,=
2,202112121827,1104,20211212175808.000,6.5,-60.6900,154.1100,호주 매쿼리섬 남서쪽 720km 해역,,국내영향없음. 위 자료는 미지질조사소(USGS) 분석결과임.,,=
2,202112141236,1110,20211214122024.000,7.6,-7.8000,122.3000,인도네시아 마우메레 북쪽 91km 해역,,국내영향없음. 위 자료는 미지질조사소(USGS) 분석결과임.,,=
11,202112141719,1111,20211214171916.000,5.3,33.1500,126.2400,제주 서귀포시 서남서쪽 32km 해역,최대진도 Ⅵ(제주),Ⅲ(전남),Ⅱ(경남,광주
3,202112141722,1112,20211214171914.000,4.9,33.0900,126.1600,제주 서귀포시 서남서쪽 41km 해역,최대진도 Ⅴ(제주),Ⅲ(전남),Ⅱ(경남,광주
3,202112151510,1118,20211215150647.000,2.8,33.1400,126.1500,제주 서귀포시 서남서쪽 40km 해역,최대진도 Ⅱ(제주),위의 정보는 2021년 12월 14일 17시 19분에 발생한 규모 4.9 지진의 여진임.,,
3,202112152206,1121,20211215220214.000,2.3,35.7900,127.8000,경남 거창군 북서쪽 15km 지역,최대진도 Ⅳ(경남),Ⅲ(경북,전북),Ⅱ(충북)
3,202112170626,1125,20211217062210.000,3.2,33.1200,126.1800,제주 서귀포시 서남서쪽 38km 해역,최대진도 Ⅲ(제주),Ⅱ(전남),지진 발생 인근 지역은 지진동을 느낄 수 있음. 안전에 유의하기 바람.,
2,202112170655,1126,20211217061445.000,6.1,-60.2300,-23.8500,사우스 샌드위치 제도 해역 ,,국내영향없음. 위 자료는 미지질조사소(USGS) 분석결과임.,,=
2,202112190542,1131,20211219050544.000,6.0,-47.1000,33.4600,남아프리카공화국 포트엘리자베스 남남동쪽 1598km 해역,,국내영향없음. 위 자료는 미지질조사소(USGS) 분석결과임.,,=
2,202112200149,1134,20211220012822.000,6.3,-16.2800,178.5500,피지 라바사 서쪽 88km 해역,,국내영향없음. 위 자료는 미지질조사소(USGS) 분석결과임.,,=
2,202112201300,1136,20211220123934.000,6.0,-56.8500,-24.0900,사우스 샌드위치 제도 해역 ,,국내영향없음. 위 자료는 미지질조사소(USGS) 분석결과임.,,=
2,202112210529,1139,20211221051018.000,6.2,40.3200,-124.7400,미국 캘리포니아 페트롤리아 서쪽 38km 해역,,국내영향없음. 위 자료는 미지질조사소(USGS) 분석결과임.,,=
2,202112230857,1148,20211223082258.000,6.0,18.9000,-107.1700,멕시코 푸에르토바야르타 남서쪽 282km 해역,,국내영향없음. 위 자료는 미지질조사소(USGS) 분석결과임.,,=
2,202112252202,1156,20211225213921.000,6.0,-17.0900,-173.6200,통가 누쿠알로파 북북동쪽 480km 해역 ,,국내영향없음. 위 자료는 미지질조사소(USGS) 분석결과임.,,=
2,202112261738,1158,20211226172600.000,6.0,25.3000,125.7000,일본 오키나와현 오키나와 서남서쪽 223km 해역,,위 자료는 일본기상청(JMA) 분석결과임.,,
2,202112270109,1160,20211227004256.000,6.1,-18.0800,-179.3600,피지 수바 동쪽 233km 해역,,국내영향없음. 위 자료는 미지질조사소(USGS) 분석결과임.,,=
2,202112300346,1173,20211230032551.000,7.3,-7.5900,127.5800,동티모르 로스팔로스 북북동쪽 121km 해역,,국내영향없음. 위 자료는 미지질조사소(USGS) 분석결과임.,,=
3,202112301516,1175,20211230142135.000,2.3,41.3100,129.2100,북한 함경북도 길주 북북서쪽 41km 지역,최대진도 Ⅰ,자연지진으로 분석됨.,,=
3,202112301848,1176,20211230175456.000,2.2,41.3000,129.1700,북한 함경북도 길주 북북서쪽 41km 지역,최대진도 Ⅰ,자연지진으로 분석됨.,,=
2,202201031854,9,20220103184637.000,6.0,24.0200,122.1800,대만 화롄 동쪽 64km 해역,,국내영향없음. 위 자료는 대만기상국(CWB) 분석결과임.,,=
2,202201040622,11,20220104060900.000,6.3,27.1000,142.5000,일본 시즈오카현(혼슈) 시즈오카 남남동쪽 959km 해역,,국내영향없음. 위 자료는 일본기상청(JMA) 분석결과임.,,=
2,202201050622,14,20220105055547.000,6.0,-4.8000,125.0500,인도네시아 카타부 동쪽 281km 해역,,국내영향없음. 위 자료는 미지질조사소(USGS) 분석결과임.,,=
2,202201070147,20,20220107012508.000,6.2,11.9500,-87.2000,니카라과 코린토 남쪽 59km 해역,,국내영향없음. 위 자료는 미지질조사소(USGS) 분석결과임.,,=
2,202201080320,24,20220108024500.000,6.9,37.7700,101.2600,중국 간쑤성 진창시 남서쪽 115km 지역 ,,국내영향없음. 위 자료는 중국지진청(CEA) 분석결과임.,,=
2,202201111027,34,20220111100747.000,6.6,35.1500,31.9100,키프로스 폴리스 서북서쪽 48km 해역,,국내영향없음. 위 자료는 미지질조사소(USGS) 분석결과임.,,=
2,202201112049,37,20220111203547.000,6.7,52.4800,-167.7400,알라스카 앵커리지 남서쪽 1443km 해역,,국내영향없음. 위 자료는 미지질조사소(USGS) 분석결과임.,,=
2,202201112202,38,20220111213931.000,6.7,52.6300,-168.1500,알라스카 앵커리지 남서쪽 1449km 해역 ,,국내영향없음. 위 자료는 미지질조사소(USGS) 분석결과임.,,=
2,202201141830,45,20220114180542.000,6.6,-6.9300,105.2500,인도네시아 랑카스비퉁 서남서쪽 127km 해역,,국내영향없음. 위 자료는 미지질조사소(USGS) 분석결과임.,,=
2,202201162213,55,20220116215210.000,6.1,-6.4500,154.8200,파푸아뉴기니 부건빌 아라와 서남서쪽 86km 해역,,국내영향없음. 위 자료는 미지질조사소(USGS) 분석결과임.,,=
2,202201220119,72,20220122010800.000,6.4,32.7000,132.1000,일본 오이타현(규슈) 오이타 남동쪽 75km 해역,,위 자료는 일본기상청(JMA) 분석결과임.,,
부산, 경남, 울산 지역 등에서 지진동을 느낄수 있음.,,=,,,,,,,
2,202201221150,74,20220122112613.000,6.0,3.7000,126.6800,인도네시아 비퉁 북북동쪽 299km 해역,,국내영향없음. 위 자료는 미지질조사소(USGS) 분석결과임.,,=
2,202201221430,75,20220122141703.000,6.3,53.0900,-166.5800,알래스카 앵커리지 남서쪽 1345km 해역,,국내영향없음. 위 자료는 미지질조사소(USGS) 분석결과임.,,=
2,202201251056,83,20220125102437.000,6.0,-55.4300,-28.7700,남대서양 사우스 샌드위치제도 해역 ,,국내영향없음. 위 자료는 미지질조사소(USGS) 분석결과임.,,=
2,202201271607,91,20220127154007.000,6.2,-19.1400,-176.3200,통가 누쿠알로파 북북서 251km 해역,,국내영향없음. 위 자료는 미지질조사소(USGS) 분석결과임.,,=
3,202201280649,94,20220128064653.000,2.3,34.3700,127.3000,전남 고흥군 남쪽 26km 해역,최대진도 Ⅱ(전남),지진피해 없을 것으로 예상됨,,=
2,202201282039,98,20220128201409.000,6.1,5.4900,-82.5900,파나마 아레나스 남서쪽 282km 해역,,국내영향없음. 위 자료는 미지질조사소(USGS) 분석결과임.,,=
2,202201291206,100,20220129114628.000,6.6,-29.7500,-174.7100,뉴질랜드 케르메덱 제도 해역  ,,국내영향없음. 위 자료는 미지질조사소(USGS) 분석결과임.,,=
3,202202021207,113,20220202120455.000,2.4,35.7200,128.9900,경북 청도군 동북동쪽 24km 지역,최대진도 Ⅲ(경북),Ⅱ(경남,울산),지진 발생 인근 지역은 지진동을 느낄 수 있음. 안전에 유의하기 바람.
2,202202040127,117,20220204005856.000,6.5,-4.4600,-76.9400,페루 모요밤바 북쪽 176km 지역,,국내영향없음. 위 자료는 미지질조사소(USGS) 분석결과임.,,=
3,202202040250,119,20220204024744.000,2.3,37.4100,129.5100,강원 삼척시 동쪽 31km 해역,최대진도 Ⅰ,지진피해 없을 것으로 예상됨,,=
2,202202050552,122,20220205052509.000,6.1,-48.0100,99.5000,호주 퍼스 남서쪽 2243km 해역,,국내영향없음. 위 자료는 미지질조사소(USGS) 분석결과임.,,=
3,202202081601,132,20220208155713.000,2.9,35.0700,125.0600,전남 신안군 흑산도 북서쪽 55km 해역,최대진도 Ⅰ,지진피해 없을 것으로 예상됨,,=
2,202202082133,134,20220208205926.000,6.1,-0.4000,-19.8700,대서양 중앙 해령,,국내영향없음. 위 자료는 미지질조사소(USGS) 분석결과임.,,=
2,202202090146,135,20220209013600.000,5.6,26.8000,126.4000,일본 오키나와현 오키나와 서북서쪽 143km 해역,,국내영향없음. 위 자료는 일본기상청(JMA) 분석결과임.,,=
2,202202090752,136,20220209074100.000,5.1,26.8000,126.4000,일본 오키나와현 오키나와 서북서쪽 143km 해역,,국내영향없음. 위 자료는 일본기상청(JMA) 분석결과임.,,=
3,202202101724,140,20220210172034.000,2.2,35.2900,126.5900,전남 영광군 동북동쪽 7km 지역,최대진도 Ⅲ(전남),Ⅱ(광주,전북),지진 발생 인근 지역은 지진동을 느낄 수 있음. 안전에 유의하기 바람.
3,202202111117,144,20220211103526.000,3.1,41.3000,129.2100,북한 함경북도 길주 북북서쪽 40km 지역,최대진도 Ⅰ,자연지진으로 분석됨.,,=
3,202202141529,156,20220214143322.000,2.3,41.2700,129.2400,북한 함경북도 길주 북북서쪽 36km 지역,최대진도 Ⅰ,자연지진으로 분석됨.,,=
3,202202142038,159,20220214194727.000,2.3,41.2800,129.2600,북한 함경북도 길주 북쪽 37km 지역,최대진도 Ⅰ,자연지진으로 분석됨.,,=
3,202202150747,160,20220215065228.000,2.5,41.2900,129.2300,북한 함경북도 길주 북북서쪽 38km 지역,최대진도 Ⅰ,자연지진으로 분석됨.,,=
2,202202161639,166,20220216161225.000,6.2,14.1900,-91.3000,과테말라 에스쿠인틀라 서남서쪽 57km 지역,,국내영향없음. 위 자료는 미지질조사소(USGS) 분석결과임.,,=
2,202202170541,169,20220217052106.000,6.8,-23.7900,-179.9700,통가 통가타푸섬 서남서쪽 570km 해역,,국내영향없음. 위 자료는 미지질조사소(USGS) 분석결과임.,,=
2,202202220606,183,20220222055200.000,5.9,26.9000,126.4000,일본 오키나와현 오키나와 서북서쪽 149km 해역,,국내영향없음. 위 자료는 일본기상청(JMA) 분석결과임.,,=
2,202202220857,186,20220222082413.000,6.6,-69.7700,165.4100,남극 발레니 제도 남쪽 310km 해역 ,,국내영향없음. 위 자료는 미지질조사소(USGS) 분석결과임.,,=
3,202202241211,194,20220224120710.000,2.2,34.0000,127.5900,전남 여수시 거문도 동쪽 25km 해역,최대진도 Ⅰ,지진피해 없을 것으로 예상됨,,=
2,202202251105,197,20220225103927.000,6.2,0.2300,100.1100,인도네시아 수마트라 파당 북북서쪽 135km 지역 ,,국내영향없음. 위 자료는 미지질조사소(USGS) 분석결과임.,,=
2,202202251759,198,20220225175100.000,5.4,26.8000,126.3000,일본 오키나와현 오키나와 서북서쪽 152km 해역,,국내영향없음. 위 자료는 일본기상청(JMA) 분석결과임.,,=
3,202202282231,206,20220228213128.000,2.1,41.2500,129.2800,북한 함경북도 길주 북쪽 33km 지역,최대진도 Ⅰ,자연지진으로 분석됨.,,=
2,202203022214,212,20220302215209.000,6.6,-30.0500,-177.7400,뉴질랜드 케르메덱 제도 해역  ,,국내영향없음. 위 자료는 미지질조사소(USGS) 분석결과임.,,=
3,202203040318,216,20220304021537.000,2.1,41.2400,129.2200,북한 함경북도 길주 북북서쪽 33km 지역,최대진도 Ⅰ,자연지진으로 분석됨,,=
3,202203052221,222,20220305221621.000,2.4,36.3900,127.1300,충남 공주시 남쪽 6km 지역,최대진도 Ⅲ(충남),Ⅱ(대전,세종),지진 발생 인근 지역은 지진동을 느낄 수 있음. 안전에 유의하기 바람.
2,202203061319,224,20220306125156.000,5.1,24.8100,122.2300,대만 타이베이 동남동쪽 74km 해역,,국내영향없음. 위 자료는 대만기상국(CWB) 분석결과임.,,=
3,202203061843,226,20220306184032.000,2.5,37.3100,129.5400,강원 삼척시 동남동쪽 37km 해역,최대진도 Ⅰ,지진피해 없을 것으로 예상됨,,=
2,202203070540,229,20220307051432.000,6.1,-58.6800,-25.0600,남대서양 사우스 샌드위치제도 해역,,국내영향없음. 위 자료는 미지질조사소(USGS) 분석결과임.,,=
2,202203071459,231,20220307143418.000,6.1,-20.3800,-178.4300,피지 수바 남동쪽 412km 해역 ,,국내영향없음. 위 자료는 미지질조사소(USGS) 분석결과임.,,=
2,202203092130,237,20220309212213.000,5.6,23.2500,121.4400,대만 화롄 남쪽 79km 해역,,국내영향없음. 위 자료는 대만기상국(CWB) 분석결과임.,,=
2,202203140626,249,20220314060600.000,6.7,14.1000,119.4000,필리핀 올롱가포 남서쪽 125km 해역,,국내영향없음. 위 자료는 미지질조사소(USGS) 분석결과임.,,=
2,202203140636,250,20220314060920.000,6.6,-0.6800,98.6000,인도네시아 파당 서쪽 197km 해역,,국내영향없음. 위 자료는 미지질조사소(USGS) 분석결과임.,,=
3,202203150103,253,20220315002227.000,2.0,39.4200,126.1900,북한 평안남도 성천 북쪽 20km 지역,최대진도 Ⅰ,자연지진으로 분석됨,,=
3,202203161822,261,20220316181818.000,2.3,33.7000,125.0600,전남 신안군 흑산도 남남서쪽 113km 해역,최대진도 Ⅰ,지진피해 없을 것으로 예상됨,,=
2,202203162355,263,20220316233630.000,7.3,37.7000,141.7000,일본 미야기현(혼슈) 센다이 남동쪽 96km 해역,,국내영향없음. 위 자료는 미지질조사소(USGS) 분석결과임.,,
2,202203171422,267,20220317140600.000,5.3,25.8000,123.9000,일본 오키나와현 이리오모테섬 북쪽 150km 해역,,국내영향없음. 위 자료는 일본기상청(JMA) 분석결과임.,,=
2,202203172046,269,20220317203300.000,5.9,26.8000,126.3000,일본 오키나와현 오키나와 서북서쪽 152km 해역,,국내영향없음. 위 자료는 일본기상청(JMA) 분석결과임.,,=
2,202203182334,272,20220318232500.000,5.5,40.0000,142.1000,일본 이와테현(혼슈) 모리오카 동북동쪽 87km 해역,,국내영향없음. 위 자료는 일본기상청(JMA) 분석결과임.,,=
2,202203190419,273,20220319040400.000,5.9,25.6000,124.0000,일본 오키나와현 미야코지마시 북서쪽 158km 해역,,국내영향없음. 위 자료는 일본기상청(JMA) 분석결과임.,,=
2,202203200654,276,20220320062417.000,6.3,-25.3500,-175.9100,통가 통가타푸섬 남쪽 450km ,,국내영향없음. 위 자료는 미지질조사소(USGS) 분석결과임.,,=
2,202203230202,284,20220323013508.000,6.7,10.8200,-43.3900,북대서양 중앙 해령 남쪽 해역,,국내영향없음. 위 자료는 미지질조사소(USGS) 분석결과임.,,=
2,202203230251,285,20220323024139.000,6.6,23.4300,121.5200,대만 화롄 남쪽 58km 해역,,국내영향없음. 위 자료는 대만기상국(CWB) 분석결과임.,,=
2,202203240324,289,20220324031100.000,5.2,26.8000,126.3000,일본 오키나와현 오키나와 서북서쪽 152km 해역,,국내영향없음. 위 자료는 일본기상청(JMA) 분석결과임.,,=
2,202203240324,289,20220324031100.000,5.2,26.8000,126.3000,일본 오키나와현 오키나와 서북서쪽 152km 해역,,국내영향없음. 위 자료는 일본기상청(JMA) 분석결과임.,,=
2,202203240805,291,20220324075300.000,5.1,26.9000,126.2000,일본 오키나와현 오키나와 서북서쪽 166km 해역,,국내영향없음. 위 자료는 일본기상청(JMA) 분석결과임.,,=
2,202203240948,292,20220324093826.000,5.3,23.4400,121.4600,대만 화롄 남쪽 58km 지역,,국내영향없음. 위 자료는 대만기상국(CWB) 분석결과임.,,=
2,202203260157,298,20220326012100.000,6.0,38.5000,97.3300,중국 칭하이 하이시 북쪽 125km 지역,,국내영향없음. 위 자료는 중국지진청(CEA) 분석결과임.,,=
2,202203270107,301,20220327003900.000,5.6,26.8000,126.2000,일본 오키나와현 오키나와 서북서쪽 161km 해역,,국내영향없음. 위 자료는 일본기상청(JMA) 분석결과임.,,=
2,202203270824,303,20220327081500.000,5.1,42.3000,143.1000,일본 홋카이도 구시로 남서쪽 129km 지역,,국내영향없음. 위 자료는 일본기상청(JMA) 분석결과임.,,=
2,202203300245,311,20220330023600.000,5.5,26.9000,126.4000,일본 오키나와현 오키나와 서북서쪽 149km 해역,,국내영향없음. 위 자료는 일본기상청(JMA) 분석결과임.,,=
2,202203310619,314,20220331055658.000,6.7,-22.7200,170.2800,뉴칼레도니아 누메아 동쪽 397km 해역 ,,국내영향없음. 위 자료는 미지질조사소(USGS) 분석결과임.,,=
2,202203311504,316,20220331144401.000,7.2,-22.7000,170.3000, 뉴칼레도니아 누메아 동쪽 399km 해역 ,,국내영향없음. 위 자료는 미지질조사소(USGS) 분석결과임.,,=
2,202204010513,318,20220401045040.000,6.3,-22.7300,170.6500,뉴칼레도니아 누메아 동쪽 435km 해역 ,,국내영향없음. 위 자료는 미지질조사소(USGS) 분석결과임.,,=
3,202204031423,325,20220403141919.000,2.0,35.6900,129.3500,경북 경주시 남남동쪽 22km 지역,최대진도 Ⅲ(경북),Ⅱ(울산),지진 발생 인근 지역은 지진동을 느낄 수 있음. 안전에 유의하기 바람.,
2,202204041937,328,20220404192900.000,5.1,37.3000,141.6000,일본 후쿠시마현(혼슈) 후쿠시마 동남동쪽 112km 해역,,국내영향없음. 위 자료는 일본기상청(JMA) 분석결과임.,,=
2,202204050131,329,20220405010657.000,6.0,-17.4800,167.8700,바누아투 포트빌라 서북서쪽 55km 해역 ,,국내영향없음. 위 자료는 미지질조사소(USGS) 분석결과임.,,=
2,202204060013,332,20220406000400.000,5.4,37.8000,141.6000,일본 미야기현(혼슈) 센다이 남동쪽 83km 해역,,국내영향없음. 위 자료는 일본기상청(JMA) 분석결과임.,,=
3,202204091059,346,20220409105542.000,2.2,36.5400,128.0800,경북 상주시 북북서쪽 16km 지역,최대진도 Ⅱ(경북),지진피해 없을 것으로 예상됨,,=
3,202204100249,351,20220410024546.000,3.4,36.4500,129.6200,경북 영덕군 동쪽 23km 해역,최대진도 Ⅲ(경북),Ⅱ(강원),지진 발생 인근 지역은 지진동을 느낄 수 있음. 안전에 유의하기 바람.,
2,202204100617,352,20220410055237.000,6.2,-16.3200,166.8500,바누아투 포트빌라 북서쪽 222km 해역,,국내영향없음. 위 자료는 미지질조사소(USGS) 분석결과임.,,=
3,202204121500,359,20220412145628.000,2.4,36.8200,129.4700,경북 울진군 남남동쪽 20km 해역,최대진도 Ⅲ(경북),지진 발생 인근 지역은 지진동을 느낄 수 있음. 안전에 유의하기 바람.,,=
2,202204131033,362,20220413102200.000,5.7,26.8000,126.4000,일본 오키나와현 오키나와 서북서쪽 143km 해역,,국내영향없음. 위 자료는 일본기상청(JMA) 분석결과임.,,=
2,202204140940,365,20220414091500.000,5.0,26.8000,126.5000,일본 오키나와현 오키나와 서북서쪽 134km 해역,,국내영향없음. 위 자료는 일본기상청(JMA) 분석결과임.,,=
3,202204160212,371,20220416020834.000,2.6,34.7500,127.2600,전남 고흥군 북쪽 16km 지역,최대진도 Ⅲ(전남),지진 발생 인근 지역은 지진동을 느낄 수 있음. 안전에 유의하기 바람.,,=
3,202204172335,377,20220417233329.000,2.3,35.2200,128.6000,경남 창원시 마산회원구 동쪽 2km 지역,최대진도 Ⅲ(경남),지진 발생 인근 지역은 지진동을 느낄 수 있음. 안전에 유의하기 바람.,,=
3,202204181426,380,20220418142238.000,2.3,37.2600,126.1000,인천 옹진군 서남서쪽 52km 지역,최대진도 Ⅲ(인천),Ⅱ(경기),지진 발생 인근 지역은 지진동을 느낄 수 있음. 안전에 유의하기 바람.,
2,202204190823,383,20220419081600.000,5.3,36.9000,140.4000,일본 이바라키현(혼슈) 미토 북쪽 60km 지역,,국내영향없음. 위 자료는 일본기상청(JMA) 분석결과임.,,=
2,202204191055,384,20220419102310.000,6.2,7.1200,126.7800,필리핀 마티 동북동쪽 65km 해역,,국내영향없음. 위 자료는 미지질조사소(USGS) 분석결과임.,,=
2,202204191405,385,20220419133341.000,6.0,-21.4500,-173.9200,통가 통가타푸섬 동남동쪽 130km 해역 ,,국내영향없음. 위 자료는 미지질조사소(USGS) 분석결과임.,,=
2,202204191632,386,20220419160607.000,5.6,25.2900,123.5200,대만 타이베이 동쪽 200km 해역,,국내영향없음. 위 자료는 대만기상국(CWB) 분석결과임.,,=
3,202204210256,391,20220421023432.000,2.3,38.8500,125.7800,북한 황해북도 송림 북동쪽 18km 지역,최대진도 Ⅰ,자연지진으로 분석됨,,=
2,202204210722,392,20220421065746.000,6.0,6.9800,126.9500,필리핀 마티 동쪽 80km 해역,,국내영향없음. 위 자료는 미지질조사소(USGS) 분석결과임.,,=
2,202204211701,394,20220421164251.000,6.8,11.5000,-87.0000,니카라과 레온 남쪽 105km 해역,,국내영향없음. 위 자료는 미지질조사소(USGS) 분석결과임.,,=
2,202204282249,415,20220428222113.000,6.0,-3.9500,146.6600,파푸아뉴기니 마당 북동쪽 170km 해역,,국내영향없음. 위 자료는 미지질조사소(USGS) 분석결과임.,,=
3,202204300941,420,20220430092021.000,2.3,38.9800,127.2900,북한 강원 원산 남남서쪽 24km 지역,최대진도 Ⅰ,자연지진으로 분석됨,,=
2,202205062229,439,20220506222100.000,5.4,26.8000,126.5000,일본 오키나와현 오키나와 서북서쪽 134km 해역,,국내영향없음. 위 자료는 일본기상청(JMA) 분석결과임.,,=
2,202205072101,442,20220507205400.000,5.7,27.0000,126.4000,일본 오키나와현 오키나와 북서쪽 155km 해역,,국내영향없음. 위 자료는 일본기상청(JMA) 분석결과임.,,=
2,202205091536,447,20220509152303.000,6.1,24.0400,122.5000,대만 화롄 동쪽 97km 해역,,국내영향없음. 위 자료는 대만기상국(CWB) 분석결과임.,,=
2,202205091742,448,20220509173300.000,5.1,34.6000,136.9000,일본 미에현(혼슈) 쓰 동남동쪽 38km 해역,,국내영향없음. 위 자료는 일본기상청(JMA) 분석결과임.,,=
2,202205100757,450,20220510073306.000,6.3,-3.3700,146.3500,파푸아뉴기니 로렝가우 남서쪽 179km 해역,,국내영향없음. 위 자료는 미지질조사소(USGS) 분석결과임.,,=
2,202205110929,455,20220511080629.000,6.8,-23.6100,-66.7200,아르헨티나 산안토니오 데로스 코브레스  북북서쪽 78km 지역 ,,국내영향없음. 위 자료는 미지질조사소(USGS) 분석결과임.,,=
3,202205130655,461,20220513065056.000,2.3,33.3400,127.2200,제주 서귀포시 동쪽 62km 해역,최대진도 Ⅰ,지진피해 없을 것으로 예상됨,,=
2,202205191934,479,20220519191331.000,7.3,-53.8000,158.9000,뉴질랜드 더니든 남서쪽 1206km 해역,,국내영향없음. 위 자료는 미지질조사소(USGS) 분석결과임.,,=
2,202205220720,486,20220522065048.000,6.1,13.9500,120.6800,필리핀 분가한 동북동쪽 1km 지역 ,,국내영향없음. 위 자료는 미지질조사소(USGS) 분석결과임.,,=
2,202205221632,488,20220522160627.000,6.3,-26.2100,178.3900,피지 수바 남쪽 898km 해역 ,,국내영향없음. 위 자료는 미지질조사소(USGS) 분석결과임.,,=
2,202205230025,491,20220523001700.000,6.1,33.2000,141.5000,일본 지바현(혼슈) 지바 남남동쪽 297km 해역,,국내영향없음. 위 자료는 일본기상청(JMA) 분석결과임.,,=
2,202205262122,500,20220526210220.000,7.2,-14.8600,-70.3100,페루 줄리아카 북북서쪽 74km 지역,,국내영향없음. 위 자료는 미지질조사소(USGS) 분석결과임.,,=
2,202205270100,501,20220527003758.000,6.4,-22.8100,172.0700,뉴칼레도니아 누메아 동쪽 580km 해역 ,,국내영향없음. 위 자료는 미지질조사소(USGS) 분석결과임.,,=
2,202205271202,503,20220527113605.000,6.1,-8.2700,127.2100,동티모르 로스팔로스 북동쪽 36km 해역,,국내영향없음. 위 자료는 미지질조사소(USGS) 분석결과임.,,=
2,202206011840,515,20220601180000.000,6.1,30.3700,102.9400,중국 쓰촨성 야안시 북서쪽 42km 지역,,국내영향없음. 위 자료는 중국지진청(CEA) 분석결과임.,,=
3,202206022052,521,20220602204821.000,2.6,38.1200,130.9800,경북 울릉군 울릉도 북쪽 71km 해역,최대진도 Ⅰ,지진피해 없을 것으로 예상됨,,=
2,202206031611,525,20220603160300.000,5.9,26.8000,126.4000,일본 오키나와현 오키나와 서북서쪽 143km 해역,,국내영향없음. 위 자료는 일본기상청(JMA) 분석결과임.,,=
2,202206042242,529,20220604220725.000,6.2,-17.9700,-174.9400,사모아 아피아 남서쪽 571km 해역,,국내영향없음. 위 자료는 미지질조사소(USGS) 분석결과임.,,=
2,202206042251,530,20220604221748.000,6.4,-57.7100,148.7700,호주 태즈메이니아주 호바트 남쪽 1647km 해역,,국내영향없음. 위 자료는 미지질조사소(USGS) 분석결과임.,,=
2,202206050855,532,20220605083813.000,6.4,52.0700,178.2800,알래스카 아닥 서쪽 349km 해역,,국내영향없음. 위 자료는 미지질조사소(USGS) 분석결과임.,,=
2,202206071121,537,20220607105800.000,5.2,25.9000,123.4000,일본 이시가키섬 북북서쪽 187km 해역,,국내영향없음. 위 자료는 일본기상청(JMA) 분석결과임.,,=
2,202206081028,541,20220608095546.000,6.5,-9.0600,-71.1700,브라질 타라우아카 남남서쪽 108km 지역,,국내영향없음. 위 자료는 미지질조사소(USGS) 분석결과임.,,=
2,202206100258,548,20220610022800.000,6.0,32.2500,101.8200,중국 쓰촨성 청두 북서쪽 285km 지역,,국내영향없음. 위 자료는 중국지진청(CEA) 분석결과임.,,=
2,202206191518,575,20220619150800.000,5.2,37.5000,137.3000,일본 도야마현(혼슈) 도야마 북쪽 90km 지역,,국내영향없음. 위 자료는 일본기상청(JMA) 분석결과임.,,=
2,202206191902,576,20220619185500.000,5.7,26.8000,126.4000,일본 오키나와현 오키나와 서북서쪽 143km 해역,,국내영향없음. 위 자료는 일본기상청(JMA) 분석결과임.,,=
2,202206201014,579,20220620100507.000,6.0,23.6800,121.4700,대만 화롄 남남서쪽 31km 지역,,국내영향없음. 위 자료는 대만기상국(CWB) 분석결과임.,,=
2,202206201039,580,20220620103100.000,5.0,37.5000,137.3000,일본 도야마현(혼슈) 도야마 북쪽 90km 지역,,국내영향없음. 위 자료는 일본기상청(JMA) 분석결과임.,,=
2,202206211628,583,20220621161500.000,6.2,27.7000,142.9000,일본 혼슈 요코하마 남남동쪽 915km 해역,,국내영향없음. 위 자료는 일본기상청(JMA) 분석결과임.,,=
2,202206220621,585,20220622055441.000,6.1,33.1100,69.5300,아프가니스탄 호스트 남서쪽 44km 지역,,국내영향없음. 위 자료는 미지질조사소(USGS) 분석결과임.,,=
2,202206252256,597,20220625223435.000,5.1,23.6200,121.4300,대만 화롄 남남서쪽 39km 지역,,국내영향없음. 위 자료는 대만기상국(CWB) 분석결과임.,,=
2,202206282254,620,20220628224330.000,5.3,21.9900,120.2000,대만 카오슝 남쪽 72km 해역,,국내영향없음. 위 자료는 대만기상국(CWB) 분석결과임.,,=
3,202206291530,623,20220629152606.000,2.3,35.8900,129.7000,경북 포항시 남구 동남동쪽 33km 해역,최대진도 Ⅰ,지진피해 없을 것으로 예상됨,,=
3,202206300258,626,20220630025534.000,2.1,35.9000,129.7300,경북 포항시 남구 동남동쪽 35km 해역,최대진도 Ⅰ,지진피해 없을 것으로 예상됨,,=
3,202206302255,631,20220630225152.000,2.3,37.0200,128.9800,경북 봉화군 동북동쪽 26km 지역,최대진도 Ⅳ(경북),Ⅲ(강원),지진 발생 인근 지역은 지진동을 느낄 수 있음. 안전에 유의하기 바람.,
2,202207020652,637,20220702063207.000,6.1,26.9400,55.2300,이란 반다르아바스 서남서쪽 108km 지역,,국내영향없음. 위 자료는 미지질조사소(USGS) 분석결과임.,,=
2,202207020847,639,20220702082515.000,6.2,26.8900,55.2900,이란 반다르아바스 서남서쪽 104km 지역,,국내영향없음. 위 자료는 미지질조사소(USGS) 분석결과임.,,=
3,202207030757,642,20220703075423.000,2.6,33.3100,127.4500,전남 여수시 거문도 남쪽 81km 해역,최대진도 Ⅰ,지진피해 없을 것으로 예상됨,,=
2,202207062215,652,20220706220200.000,5.1,26.8000,126.5000,일본 오키나와현 오키나와 서북서쪽 134km 해역,,국내영향없음. 위 자료는 일본기상청(JMA) 분석결과임.,,=
2,202207080908,656,20220708090000.000,5.0,26.9000,126.3000,일본 오키나와현 오키나와 서북서쪽 157km 해역,,국내영향없음. 위 자료는 일본기상청(JMA) 분석결과임.,,=
3,202207120046,668,20220712004125.000,2.1,33.1400,127.6500,제주 서귀포시 동쪽 102km 해역,최대진도 Ⅰ,지진피해 없을 것으로 예상됨,,=
3,202207120048,669,20220712004403.000,2.2,33.1400,127.6600,제주 서귀포시 동쪽 103km 해역,최대진도 Ⅰ,지진피해 없을 것으로 예상됨,,=
2,202207120634,670,20220712061049.000,6.1,-18.1900,169.0000,바누아투 포트빌라 남동쪽 87km 해역,,국내영향없음. 위 자료는 미지질조사소(USGS) 분석결과임.,,=
3,202207120958,672,20220712095602.000,2.3,33.1200,127.6400,제주 서귀포시 동쪽 102km 해역,최대진도 Ⅰ,지진피해 없을 것으로 예상됨,,=
3,202207121011,674,20220712100903.000,2.7,33.1100,127.6600,제주 서귀포시 동쪽 104km 해역,최대진도 Ⅰ,지진피해 없을 것으로 예상됨,,=
3,202207121041,676,20220712103830.000,2.6,33.1300,127.6600,제주 서귀포시 동쪽 103km 해역,최대진도 Ⅰ,지진피해 없을 것으로 예상됨,,=
2,202207130438,678,20220713041700.000,6.4,-22.6000,-114.2000,칠레 이스터섬 북서쪽 698km 해역,,국내영향없음. 위 자료는 미지질조사소(USGS) 분석결과임.,,=
2,202207160509,696,20220716043721.000,6.4,-44.5700,-79.7500,칠레  케욘 서남서쪽 517km 해역 ,,국내영향없음. 위 자료는 미지질조사소(USGS) 분석결과임.,,=
3,202207161357,698,20220716135336.000,2.1,33.6400,128.1100,전남 여수시 거문도 동남동쪽 85km 해역,최대진도 Ⅰ,지진피해 없을 것으로 예상됨,,=
3,202207201622,710,20220720161950.000,2.0,36.2900,126.8700,충남 부여군 서북서쪽 4km 지역,최대진도 Ⅱ(충남),지진피해 없을 것으로 예상됨,,=
3,202207210449,713,20220721044657.000,2.3,35.7900,129.2000,경북 경주시 남남서쪽 8km 지역,최대진도 Ⅲ(경북),Ⅱ(울산),지진 발생 인근 지역은 지진동을 느낄 수 있음. 안전에 유의하기 바람.,
3,202207211841,716,20220721183809.000,2.3,36.8000,126.2500,충남 태안군 북서쪽 7km 지역,최대진도 Ⅲ(충남),지진 발생 인근 지역은 지진동을 느낄 수 있음. 안전에 유의하기 바람.,,=
2,202207221208,720,20220722120200.000,5.1,40.6000,141.4000,일본 아오모리현(혼슈) 아오모리 동남동쪽 60km 지역,,국내영향없음. 위 자료는 일본기상청(JMA) 분석결과임.,,=
3,202207230648,724,20220723062714.000,2.5,38.4500,125.6300,북한 황해북도 사리원 서남서쪽 13km 지역,최대진도 Ⅰ,자연지진으로 분석됨,,=
3,202207231630,727,20220723162148.000,2.4,38.4400,125.6300,북한 황해북도 사리원 서남서쪽 14km 지역,최대진도 Ⅰ,자연지진으로 분석됨,,=
2,202207252353,735,20220725234100.000,5.0,26.8000,126.4000,일본 오키나와현 오키나와 서북서쪽 143km 해역,,국내영향없음. 위 자료는 일본기상청(JMA) 분석결과임.,,=
2,202207270959,740,20220727094324.000,7.1,17.6000,120.8100,필리핀 라오그 남남동쪽 70km 지역,,국내영향없음. 위 자료는 미지질조사소(USGS) 분석결과임.,,=
2,202207280419,743,20220728035857.000,6.2,-22.1700,-68.4700,칠레 카라마 북동쪽 57km 지역,,국내영향없음. 위 자료는 미지질조사소(USGS) 분석결과임.,,=
2,202207281343,746,20220728131503.000,6.1,-21.9800,-70.4700,칠레 카라마 서북서쪽 168km 해역,,국내영향없음. 위 자료는 미지질조사소(USGS) 분석결과임.,,=
2,202207290502,749,20220729045300.000,6.1,32.6000,142.4000,일본 지바현(혼슈) 지바 남남동쪽 395km 해역,,국내영향없음. 위 자료는 일본기상청(JMA) 분석결과임.,,=
3,202207290540,751,20220729053656.000,2.6,35.3900,128.2400,경남 의령군 북북서쪽 8km 지역,최대진도 Ⅳ(경남),지진 발생 인근 지역은 지진동을 느낄 수 있음. 안전에 유의하기 바람.,,=
3,202207312215,760,20220731220506.000,2.6,38.4400,125.6200,북한 황해남도 안악 남동쪽 13km 지역,최대진도 Ⅰ,자연지진으로 분석됨,,=
3,202208030759,767,20220803075525.000,3.1,33.1400,127.6700,전남 여수시 거문도 남남동쪽 104km 해역,최대진도 Ⅰ,지진피해 없을 것으로 예상됨,,=
2,202208110044,784,20220811003500.000,5.1,44.9000,142.1000,일본 홋카이도 삿포로 북북동쪽 213km 지역,,국내영향없음. 위 자료는 일본기상청(JMA) 분석결과임.,,=
2,202208110101,785,20220811005300.000,5.3,44.9000,142.1000,일본 홋카이도 삿포로 북북동쪽 213km 지역,,국내영향없음. 위 자료는 일본기상청(JMA) 분석결과임.,,=
3,202208121941,792,20220812193747.000,2.7,37.4100,124.5300,인천 옹진군 백령도 남남서쪽 62km 해역,최대진도 Ⅰ,지진피해 없을 것으로 예상됨,,=
2,202208142308,797,20220814224417.000,6.4,-32.6900,-178.9600,뉴질랜드 타우랑가 북동쪽 709km 해역,,국내영향없음. 위 자료는 미지질조사소(USGS) 분석결과임.,,=
2,202208150630,798,20220815060446.000,6.2,-22.0600,170.9300,뉴칼레도니아 누메아 동쪽 460km 해역,,국내영향없음. 위 자료는 미지질조사소(USGS) 분석결과임.,,=
3,202208162044,805,20220816202725.000,2.4,38.8000,125.9500,북한 황해북도 연산 서남서쪽 28km 지역,최대진도 Ⅰ,자연지진으로 분석됨,,=
2,202208221203,819,20220822115303.000,5.7,25.1100,123.5500,대만 타이베이 동쪽 202km 해역,,국내영향없음. 위 자료는 대만기상국(CWB) 분석결과임.,,=
3,202208221334,820,20220822132926.000,2.4,34.7500,124.3000,전남 신안군 흑산도 서쪽 103km 해역,최대진도 Ⅰ,지진피해 없을 것으로 예상됨,,=
2,202208232359,824,20220823233140.000,6.0,-5.0800,103.1000,인도네시아 벵클루 남남동쪽 170km 해역 ,,국내영향없음. 위 자료는 미지질조사소(USGS) 분석결과임.,,=
3,202208241836,829,20220824183124.000,2.1,36.4700,129.6200,경북 영덕군 동북동쪽 24km 해역,최대진도 Ⅰ,지진피해 없을 것으로 예상됨,,=
3,202208280159,843,20220828015423.000,2.4,37.1700,125.4200,인천 옹진군 연평도 남남서쪽 60km 해역,최대진도 Ⅰ,지진피해 없을 것으로 예상됨,,=
2,202208301837,850,20220830180944.000,6.2,-54.7000,-136.1600,태평양-남극 해령,,국내영향없음. 위 자료는 미지질조사소(USGS) 분석결과임.,,=
3,202209010838,859,20220901083353.000,2.5,35.1100,125.0700,전남 신안군 흑산도 북북서쪽 58km 해역,최대진도 Ⅰ,지진피해 없을 것으로 예상됨,,=
3,202209030049,866,20220903004446.000,2.0,36.3900,129.8900,경북 영덕군 동쪽 47km 해역,최대진도 Ⅰ,지진피해 없을 것으로 예상됨,,=
2,202209030815,867,20220903073951.000,6.1,-5.6500,148.7000,파푸아뉴기니 뉴브린튼섬 칸드리안 서북서쪽 111km 지역,,국내영향없음. 위 자료는 미지질조사소(USGS) 분석결과임.,,=
2,202209041914,870,20220904184218.000,6.5,-0.9400,-21.7200,대서양 중앙 해령,,국내영향없음. 위 자료는 미지질조사소(USGS) 분석결과임.,,=
2,202209050942,873,20220905085732.000,6.1,-56.0100,-124.5400,동태평양(남반구) 해역 ,,국내영향없음. 위 자료는 미지질조사소(USGS) 분석결과임.,,=
2,202209051423,874,20220905135218.000,6.8,29.5900,102.0800,중국 쓰촨성 청두 남서쪽 221km 지역,,국내영향없음. 위 자료는 중국지진청(CEA) 분석결과임.,,=
2,202209061803,879,20220906173240.000,6.0,-56.5800,-25.7800,남대서양 사우스 샌드위치제도 해역,,국내영향없음. 위 자료는 미지질조사소(USGS) 분석결과임.,,=
2,202209100853,889,20220910083149.000,6.1,-2.2500,138.1800,인도네시아 자야푸라 서쪽 284km 지역,,국내영향없음. 위 자료는 미지질조사소(USGS) 분석결과임.,,=
3,202209101511,891,20220910145948.000,3.4,38.9500,127.2900,북한 강원 원산 남남서쪽 26km 지역,최대진도 Ⅱ(경기),자연지진으로 분석됨,,=
2,202209110835,894,20220911081044.000,6.0,-1.1200,98.6200,인도네시아 파당 서쪽 194km 해역,,국내영향없음. 위 자료는 미지질조사소(USGS) 분석결과임.,,=
2,202209110903,895,20220911084659.000,7.7,-6.4000,146.5000,파푸아뉴기니 모로베 라에 서북서쪽 65km 지역,,국내영향없음. 위 자료는 미지질조사소(USGS) 분석결과임.,,=
3,202209111632,898,20220911162835.000,2.4,36.4600,129.6300,경북 영덕군 동북동쪽 24km 해역,최대진도 Ⅰ,지진피해 없을 것으로 예상됨,,=
2,202209142022,909,20220914200407.000,7.0,-21.2000,170.1000,뉴칼레도니아 누메아 동북동쪽 396km 해역 ,,국내영향없음. 위 자료는 미지질조사소(USGS) 분석결과임.,,=
2,202209172250,916,20220917224119.000,6.4,23.0800,121.1600,대만 카오슝 동북동쪽 100km 지역,,국내영향없음. 위 자료는 대만기상국(CWB) 분석결과임.,,=
2,202209181427,918,20220918141919.000,5.9,23.1300,121.1800,대만 화롄 남남서쪽 99km 지역,,국내영향없음. 위 자료는 대만기상국(CWB) 분석결과임.,,=
2,202209181552,919,20220918154415.000,6.8,23.1400,121.2000,대만 화롄 남남서쪽 97km 지역,,국내영향없음. 위 자료는 대만기상국(CWB) 분석결과임.,,=
2,202209181721,920,20220918171000.000,6.1,26.3000,125.9000,일본 오키나와현 오키나와 서쪽 178km 해역,,국내영향없음. 위 자료는 일본기상청(JMA) 분석결과임.,,=
2,202209181758,921,20220918174632.000,5.5,23.1100,121.1800,대만 화롄 남남서쪽 101km 지역,,국내영향없음. 위 자료는 대만기상국(CWB) 분석결과임.,,=
2,202209181853,922,20220918183956.000,5.8,23.2700,121.2900,대만 화롄 남남서쪽 80km 지역,,국내영향없음. 위 자료는 대만기상국(CWB) 분석결과임.,,=
2,202209181913,923,20220918190500.000,5.5,26.4000,125.9000,일본 오키나와현 오키나와 서쪽 179km 해역,,국내영향없음. 위 자료는 일본기상청(JMA) 분석결과임.,,=
2,202209191115,926,20220919110745.000,5.9,23.4300,121.3200,대만 화롄 남남서쪽 63km 지역,,국내영향없음. 위 자료는 대만기상국(CWB) 분석결과임.,,=
2,202209192100,928,20220919204000.000,4.6,35.4000,131.0000,울산 동구 동쪽 144km 해역,,국내 일부지역에서 지진동을 느낄수 있음.,,
2,202209200317,929,20220920030509.000,7.5,18.2000,-103.4000,멕시코 콜리마 남남동쪽 122km 해역,,국내영향없음. 위 자료는 미지질조사소(USGS) 분석결과임.,,=
2,202209210352,933,20220921032342.000,6.0,55.5300,166.3400,러시아 캄차카반도 클류치 동남동쪽 353km 해역,,국내영향없음. 위 자료는 미지질조사소(USGS) 분석결과임.,,=
2,202209221537,940,20220922151609.000,6.8,18.3300,-102.9100,멕시코 콜리마 남동쪽 134km 지역,,국내영향없음. 위 자료는 미지질조사소(USGS) 분석결과임.,,=
3,202209222112,942,20220922202837.000,2.9,40.5700,126.7100,북한 자강도 용림 북북동쪽 7km 지역,,자연지진으로 분석됨,,=
3,202209230744,943,20220923074030.000,2.3,35.6900,124.5900,충남 태안군 서격렬비도 남서쪽 134km 해역,최대진도 Ⅰ,지진피해 없을 것으로 예상됨,,=
2,202209240619,945,20220924055259.000,6.2,3.8100,95.9900,인도네시아 반다아체 남남동쪽 206km 해역,,국내영향없음. 위 자료는 미지질조사소(USGS) 분석결과임.,,=
2,202209291219,961,20220929120329.000,6.7,-60.6000,-20.0000,남대서양 사우스 샌드위치 제도 해역,,국내영향없음. 위 자료는 미지질조사소(USGS) 분석결과임.,,=
2,202209240812,948,20220924075326.000,6.1,-41.3800,-75.5800,칠레 푸에르토몬트 서쪽 220km 해역,,국내영향없음. 위 자료는 미지질조사소(USGS) 분석결과임.,,=
3,202210010441,966,20221001043753.000,2.7,36.9400,127.1300,충남 천안시 서북구 북북서쪽 7km 지역,최대진도 Ⅲ(경기,충남),Ⅱ(충북),지진 발생 인근 지역은 지진동을 느낄 수 있음. 안전에 유의하기 바람.
2,202210030603,973,20221003052522.000,5.3,23.4800,121.5000,대만 화롄 남쪽 53km 해역,,국내영향없음. 위 자료는 대만기상국(CWB) 분석결과임.,,=
2,202210070144,988,20221007013600.000,5.1,27.7000,126.9000,일본 오키나와현 오키나와 북북서쪽 183km 해역,,국내영향없음. 위 자료는 일본기상청(JMA) 분석결과임.,,=
3,202210080416,992,20221008025449.000,2.5,41.3000,129.1300,북한 함경북도 길주 북북서쪽 42km 지역,최대진도 Ⅰ,자연지진으로 분석됨,,=
3,202210081536,994,20221008143334.000,2.4,41.2900,129.2100,북한 함경북도 길주 북북서쪽 39km 지역,최대진도 Ⅰ,자연지진으로 분석됨,,=
2,202210100213,1000,20221010013804.000,6.2,-1.4000,-23.8800,대서양 중앙 해령 ,,국내영향없음. 위 자료는 미지질조사소(USGS) 분석결과임.,,=
2,202210140743,1015,20221014072020.000,6.4,-4.7900,153.5600,파푸아뉴기니 코코포 동남동쪽 151km 해역,,국내영향없음. 위 자료는 미지질조사소(USGS) 분석결과임.,,=
2,202210162206,1022,20221016214824.000,6.7,4.4000,-87.5000,코스타리카 산호세 남남서쪽 721km ,,국내영향없음. 위 자료는 미지질조사소(USGS) 분석결과임.,,=
2,202210202118,1033,20221020205711.000,6.8,7.6700,-82.3400,파나마 보카치카 남남서쪽 62km 해역,,국내영향없음. 위 자료는 미지질조사소(USGS) 분석결과임.,,=
2,202210250935,1046,20221025091302.000,6.3,-58.7200,-26.1500,남대서양 사우스 샌드위치 제도 해역,,국내영향없음. 위 자료는 미지질조사소(USGS) 분석결과임.,,=
2,202210260021,1048,20221025235901.000,6.5,17.6900,120.8100,필리핀 라오그 남남동쪽 61km 지역,,국내영향없음. 위 자료는 미지질조사소(USGS) 분석결과임.,,=
14,202210290827,1066,20221029082733.000,3.5,36.8800,127.8800,충북 괴산군 북동쪽 11km 지역,최대진도 Ⅳ(충북),Ⅲ(경북),Ⅱ(강원,경기
14,202210290828,1067,20221029082749.000,4.3,36.8800,127.8900,충북 괴산군 북동쪽 12km 지역,최대진도 Ⅴ(충북),Ⅳ(강원,경북),Ⅲ(경기
3,202210290830,1068,20221029082733.000,3.5,36.8800,127.8800,충북 괴산군 북동쪽 11km 지역,최대진도 Ⅴ(충북),Ⅳ(경북),Ⅲ(강원,경기
3,202210290835,1070,20221029082749.000,4.1,36.8800,127.8800,충북 괴산군 북동쪽 11km 지역,최대진도 Ⅴ(충북),Ⅳ(경북),Ⅲ(강원,경기
2,202210311821,1078,20221031174827.000,5.0,22.9100,121.2100,대만 카오슝 동북동쪽 96km 지역,,국내영향없음. 위 자료는 대만기상국(CWB) 분석결과임.,,=
3,202211010230,1081,20221101022752.000,2.9,36.8800,127.8800,충북 괴산군 북동쪽 11km 지역,최대진도 Ⅴ(충북),Ⅱ(강원,경북),지진 발생 인근 지역은 지진동을 느낄 수 있음. 안전에 유의하기 바람.
2,202211021429,1090,20221102135312.000,6.0,31.4300,-133.3000,북태평양 해역  ,,국내영향없음. 위 자료는 미지질조사소(USGS) 분석결과임.,,=
3,202211031139,1094,20221103113600.000,2.1,35.4700,124.9000,전남 신안군 흑산도 북북서쪽 101km 해역,최대진도 Ⅰ,지진피해 없을 것으로 예상됨,,=
2,202211031910,1096,20221103190400.000,5.0,35.7000,140.2000,일본 지바현(혼슈) 지바 북동쪽 13km 지역,,국내영향없음. 위 자료는 일본기상청(JMA) 분석결과임.,,=
2,202211041932,1099,20221104190248.000,6.2,28.1400,-112.3000,멕시코 과이마스 서쪽 140km 해역,,국내영향없음. 위 자료는 미지질조사소(USGS) 분석결과임.,,=
3,202211051324,1102,20221105132122.000,2.5,36.9700,126.3800,충남 서산시 북북서쪽 22km 해역,최대진도 Ⅲ(충남),Ⅱ(경기),지진 발생 인근 지역은 지진동을 느낄 수 있음. 안전에 유의하기 바람.,
3,202211080049,1110,20221108004545.000,2.1,33.3000,127.7800,전남 여수시 거문도 남남동쪽 92km 해역,최대진도 Ⅰ,지진피해 없을 것으로 예상됨,,=
2,202211091747,1115,20221109174000.000,5.0,36.2000,140.0000,일본 도치기현(혼슈) 우쓰노미야 남남동쪽 41km 지역,,국내영향없음. 위 자료는 일본기상청(JMA) 분석결과임.,,=
2,202211091901,1116,20221109183842.000,6.8,-25.9700,178.3600,피지 수바 남쪽 870km 해역 ,,국내영향없음. 위 자료는 미지질조사소(USGS) 분석결과임.,,=
2,202211091913,1117,20221109185104.000,7.0,-26.0400,178.3800,피지 수바 남쪽 878km 해역 ,,국내영향없음. 위 자료는 미지질조사소(USGS) 분석결과임.,,=
2,202211112013,1125,20221111194842.000,7.1,-19.2900,-172.1300,남태평양 통가 네이아푸 동남동쪽 207km 해역 ,,국내영향없음. 위 자료는 미지질조사소(USGS) 분석결과임.,,=
2,202211121626,1127,20221112160914.000,6.7,-20.2000,-178.2000,피지 수바 남동쪽 420km 해역 ,,국내영향없음. 위 자료는 미지질조사소(USGS) 분석결과임.,,=
2,202211131150,1131,20221113112456.000,6.4,-37.4500,-73.7000,칠레 콘셉시온 남서쪽 90km 해역,,국내영향없음. 위 자료는 미지질조사소(USGS) 분석결과임.,,=
3,202211131222,1132,20221113121741.000,2.1,35.0700,125.0700,전남 신안군 흑산도 북서쪽 55km 해역,최대진도 Ⅰ,지진피해 없을 것으로 예상됨,,=
2,202211141425,1135,20221114140411.000,6.1,-26.0400,178.2300,피지 수바 남쪽 879km 해역,,국내영향없음. 위 자료는 미지질조사소(USGS) 분석결과임.,,=
2,202211141718,1136,20221114170900.000,6.1,33.8000,137.5000,일본 미에현(혼슈) 쓰 남동쪽 137km 해역,,국내영향없음. 위 자료는 일본기상청(JMA) 분석결과임.,,=
3,202211180316,1146,20221118031214.000,2.2,35.5200,124.3500,전남 신안군 흑산도 북서쪽 136km 해역,최대진도 Ⅰ,지진피해 없을 것으로 예상됨,,=
2,202211182301,1150,20221118223706.000,6.9,-4.9600,100.7400,인도네시아 벵쿨루 남서쪽 212km 해역 ,,국내영향없음. 위 자료는 미지질조사소(USGS) 분석결과임.,,=
3,202211200104,1154,20221120010117.000,3.3,33.9600,125.2200,전남 신안군 흑산도 남남서쪽 81km 해역,최대진도 Ⅱ(전남),지진피해 없을 것으로 예상됨,,=
3,202211201621,1157,20221120152141.000,2.0,41.2900,129.2200,북한 함경북도 길주 북북서쪽 38km 지역,최대진도 Ⅰ,자연지진으로 분석됨,,=
2,202211221119,1162,20221122110311.000,7.3,-9.8000,159.5700,솔로몬제도 호니아라 남서쪽 58km 해역,,국내영향없음. 위 자료는 미지질조사소(USGS) 분석결과임.,,=
2,202211230153,1164,20221123013908.000,6.2,30.8200,-116.4400,멕시코 엔세나다 남쪽 118km 해역,,국내영향없음. 위 자료는 미지질조사소(USGS) 분석결과임.,,=
2,202211231027,1166,20221123100814.000,6.1,40.8400,30.9700,터키 아다파자리 동쪽 48km 지역,,국내영향없음. 위 자료는 미지질조사소(USGS) 분석결과임.,,=
3,202211290602,1188,20221129053136.000,2.1,38.4300,125.6300,북한 황해북도 사리원 남서쪽 14km 지역,최대진도 Ⅰ,자연지진으로 분석됨,,=
3,202212011520,1199,20221201151758.000,3.2,36.1700,128.2700,경북 김천시 동북동쪽 14km 지역,최대진도 Ⅲ(경북,충북),Ⅱ(경남,대구
3,202212031325,1210,20221203132258.000,2.9,35.7700,129.8000,울산 북구 동북동쪽 45km 해역,최대진도 Ⅰ,지진피해 없을 것으로 예상됨,,=
2,202212050451,1217,20221205042415.000,6.7,-15.4000,-172.9700,사모아 아피아 남서쪽 217km 해역 ,,국내영향없음. 위 자료는 미지질조사소(USGS) 분석결과임.,,=
2,202212120002,1238,20221211233129.000,6.0,17.2200,-100.4800,멕시코 게레로주 아카풀코 서북서쪽 74km 지역,,국내영향없음. 위 자료는 미지질조사소(USGS) 분석결과임.,,=
2,202212132333,1243,20221213232500.000,6.0,27.6000,129.5000,일본 오키나와현 오키나와 북동쪽 237km 해역,,국내영향없음. 위 자료는 일본기상청(JMA) 분석결과임.,,=
2,202212150407,1249,20221215034028.000,6.3,51.7300,178.6500,미국 알래스카 아닥 서쪽 324km 해역,,국내영향없음. 위 자료는 미지질조사소(USGS) 분석결과임.,,=
2,202212151316,1252,20221215130317.000,6.2,23.7700,121.7800,대만 화롄 남동쪽 31km 해역,,국내영향없음. 위 자료는 대만기상국(CWB) 분석결과임.,,=
3,202212161253,1255,20221216120711.000,2.1,41.3000,129.2200,북한 함경북도 길주 북북서쪽 39km 지역,최대진도 Ⅰ,자연지진으로 분석됨,,=
2,202212201954,1267,20221220193425.000,6.4,40.5200,-124.3900,미국 캘리포니아 펀데일 서남서쪽 12km 해역,,국내영향없음. 위 자료는 미지질조사소(USGS) 분석결과임.,,=
3,202212231947,1275,20221223194317.000,2.3,35.1400,125.0800,전남 신안군 흑산도 북북서쪽 61km 해역,최대진도 Ⅰ,지진피해 없을 것으로 예상됨,,=
2,202212240632,1276,20221224061759.000,5.2,23.1200,121.1800,대만 화롄 남남서쪽 100km 지역,,국내영향없음. 위 자료는 대만기상국(CWB) 분석결과임.,,=
3,202212251934,1282,20221225193107.000,2.6,36.5100,128.6500,경북 안동시 남서쪽 10km 지역,최대진도 Ⅲ(경북),지진 발생 인근 지역은 지진동을 느낄 수 있음. 안전에 유의하기 바람.,,=
2,202212290159,1290,20221229013420.000,6.0,-21.2600,171.3600,바누아투 포트빌라 남동쪽 506km 해역 ,,국내영향없음. 위 자료는 미지질조사소(USGS) 분석결과임.,,=
3,202301050031,15,20230105002805.000,2.4,33.3800,127.2300,제주 서귀포시 동북동쪽 64km 해역,최대진도 Ⅰ,지진피해 없을 것으로 예상됨,,=
3,202301070514,22,20230107051217.000,2.4,34.5200,124.9000,전남 신안군 흑산도 서남서쪽 50km 해역,최대진도 Ⅰ,지진피해 없을 것으로 예상됨,,=
3,202301070522,24,20230107051603.000,2.2,34.5600,124.9500,전남 신안군 흑산도 서남서쪽 45km 해역,최대진도 Ⅰ,지진피해 없을 것으로 예상됨,,=
2,202301082155,30,20230108213242.000,7.0,-14.9400,166.8800,바누아투 포트 올리 서북서쪽 23km 해역 ,,국내영향없음. 위 자료는 미지질조사소(USGS) 분석결과임.,,=
14,202301090128,31,20230109012815.000,4.0,37.7300,126.1900,인천 강화군 서쪽 26km 해역,최대진도 Ⅳ(인천),Ⅲ(경기,서울),Ⅱ(강원
3,202301090133,32,20230109012815.000,3.7,37.7400,126.2000,인천 강화군 서쪽 25km 해역,최대진도 Ⅳ(인천),Ⅲ(경기),Ⅱ(서울),위의 정보는 2023년 1월 9일 01시 28분에 발표한 지진속보를 수동으로 분석한 상세정보임.
2,202301100305,37,20230110024734.000,7.6,-7.0900,130.0400,인도네시아 암본 남남동쪽 430km 해역,,국내영향없음. 위 자료는 미지질조사소(USGS) 분석결과임.,,=
2,202301120152,43,20230112011745.000,6.0,-49.8600,-114.3000,동태평양 남쪽 해령,,국내영향없음. 위 자료는 미지질조사소(USGS) 분석결과임.,,=
3,202301131227,49,20230113122351.000,2.1,35.1100,125.0600,전남 신안군 흑산도 북서쪽 59km 해역,최대진도 Ⅰ,지진피해 없을 것으로 예상됨,,=
3,202301131227,49,20230113122351.000,2.1,35.0900,125.0700,전남 신안군 흑산도 북서쪽 59km 해역,최대진도 Ⅰ,지진피해 없을 것으로 예상됨,,=
3,202301131227,49,20230113122351.000,2.1,35.0900,125.0700,전남 신안군 흑산도 북서쪽 59km 해역,최대진도 Ⅰ,지진피해 없을 것으로 예상됨,,=
3,202301131227,49,20230113122351.000,2.1,35.0900,125.0700,전남 신안군 흑산도 북서쪽 57km 해역,최대진도 Ⅰ,지진피해 없을 것으로 예상됨,,=
3,202301140600,51,20230114055644.000,2.1,35.0800,125.0700,전남 신안군 흑산도 북서쪽 56km 해역,최대진도 Ⅰ,지진피해 없을 것으로 예상됨,,=
2,202301152101,57,20230115203700.000,5.3,25.1000,125.9000,일본 오키나와현 오키나와 남서쪽 217km 해역,,국내영향없음. 위 자료는 일본기상청(JMA) 분석결과임.,,=
2,202301160752,58,20230116073000.000,6.0,1.8800,97.9400,인도네시아 파당시뎀푸시안 서북서쪽 158km 해역,,국내영향없음. 위 자료는 미지질조사소(USGS) 분석결과임.,,=
2,202301161357,60,20230116135000.000,6.1,28.9000,139.7000,일본 시즈오카현(혼슈) 시즈오카 남쪽 687km 해역,,국내영향없음. 위 자료는 일본기상청(JMA) 분석결과임.,,=
2,202301180958,65,20230118093443.000,6.1,-0.0500,123.1800,인도네시아 술라웨시 섬 고론탈로 남남동쪽 65km 해역,,국내영향없음. 위 자료는 미지질조사소(USGS) 분석결과임.,,=
2,202301181519,66,20230118150614.000,7.2,2.7500,127.1100,인도네시아 테르나테 북쪽 220km 해역,,국내영향없음. 위 자료는 미지질조사소(USGS) 분석결과임.,,=
2,202301202057,74,20230120202341.000,6.2,16.1300,-62.1600,푸에르토리코 카롤리나 동남동쪽 475km 해역,,국내영향없음. 위 자료는 미지질조사소(USGS) 분석결과임.,,=
2,202301210730,76,20230121070939.000,6.8,-26.7200,-63.0400,아르헨티나 산티아고 델 에스테로 북동쪽 170km 지역,,국내영향없음. 위 자료는 미지질조사소(USGS) 분석결과임.,,=
3,202301211340,78,20230121133739.000,2.5,36.4600,129.6300,경북 영덕군 동북동쪽 24km 해역,최대진도 Ⅰ,지진피해 없을 것으로 예상됨,,=
3,202301230739,86,20230123073345.000,2.9,37.9000,125.7100,북한 황해남도 해주 남쪽 16km 해역,최대진도 Ⅱ(경기,인천),자연지진으로 분석됨,
2,202301250407,91,20230125033700.000,6.4,-26.6900,-63.1700,아르헨티나 산티아고 델 에스테로 북동쪽 164km 지역,,국내영향없음. 위 자료는 미지질조사소(USGS) 분석결과임.,,=
2,202301262009,98,20230126194553.000,6.0,-30.2500,-178.6700,뉴질랜드 케르메덱 제도 해역,,국내영향없음. 위 자료는 미지질조사소(USGS) 분석결과임.,,=
2,202301300914,109,20230130084900.000,6.1,40.0100,82.2900,중국 신장자치구 사야현 남남서쪽 133km 지역 ,,국내영향없음. 위 자료는 중국지진청(CEA) 분석결과임.,,=
2,202302012008,116,20230201194445.000,6.0,7.7800,126.0500,필리핀 마거그포 북동쪽 46km 지역,,국내영향없음. 위 자료는 미지질조사소(USGS) 분석결과임.,,=
2,202302061033,128,20230206101736.000,7.8,37.2000,37.0000,튀르키예 가지안테프 서북서쪽 37km 지역,,국내영향없음. 위 자료는 미지질조사소(USGS) 분석결과임.,,=
2,202302061055,129,20230206102817.000,6.7,37.4100,36.8300,튀르키예 가지안테프 서북서쪽 62km 지역,,국내영향없음. 위 자료는 미지질조사소(USGS) 분석결과임.,,=
2,202302061953,130,20230206192449.000,7.5,38.0200,37.2000,튀르키예 가지안테프 북쪽 108km 지역,,국내영향없음. 위 자료는 미지질조사소(USGS) 분석결과임.,,=
2,202302062130,131,20230206210211.000,6.0,38.0600,36.5400,튀르키예 가지안테프 북서쪽 133km 지역,,국내영향없음. 위 자료는 미지질조사소(USGS) 분석결과임.,,=
3,202302090235,138,20230209011004.000,2.1,41.2900,129.2700,북한 함경북도 길주 북쪽 38km 지역,최대진도 Ⅰ,자연지진으로 분석됨,,=
3,202302110825,147,20230211082201.000,2.3,36.5200,127.8500,충북 보은군 동북동쪽 11km 지역,최대진도 Ⅲ(충북),Ⅱ(경북),지진 발생 인근 지역은 지진동을 느낄 수 있음. 안전에 유의하기 바람.,
2,202302131846,155,20230213181807.000,6.1,-29.5200,-177.9700,뉴질랜드 케르메덱 제도 해역,,국내영향없음. 위 자료는 미지질조사소(USGS) 분석결과임.,,=
2,202302160335,164,20230216031010.000,6.1,12.3200,123.8700,필리핀 레가스피 남쪽 92km 해역,,국내영향없음. 위 자료는 미지질조사소(USGS) 분석결과임.,,=
2,202302171900,169,20230217183734.000,6.1,-6.6000,132.0800,인도네시아 암본 남동쪽 539km 해역,,국내영향없음. 위 자료는 미지질조사소(USGS) 분석결과임.,,=
2,202302171945,170,20230217193800.000,4.3,34.1000,130.4000,일본 규슈 후쿠오카 북쪽 57km 해역,,국내 일부지역에서 지진동을 느낄수 있음.,,
3,202302190733,174,20230219072952.000,2.5,34.6700,127.3600,전남 고흥군 북동쪽 11km 지역,최대진도 Ⅳ(전남),지진 발생 인근 지역은 지진동을 느낄 수 있음. 안전에 유의하기 바람.,,=
2,202302210222,178,20230221020428.000,6.4,36.1300,36.0100,튀르키예 안타키아 서남서쪽 16km ,,국내영향없음. 위 자료는 미지질조사소(USGS) 분석결과임.,,=
2,202302231002,187,20230223093740.000,6.8,38.0700,73.2100,타지키스탄 무르고프 서쪽 67km 지역 ,,국내영향없음. 위 자료는 미지질조사소(USGS) 분석결과임.,,=
2,202302240523,189,20230224050248.000,6.3,3.3200,128.1500,인도네시아 테르나테 북북동쪽 294km 해역,,국내영향없음. 위 자료는 미지질조사소(USGS) 분석결과임.,,=
2,202302252233,194,20230225222700.000,6.1,42.8000,145.1000,일본 홋카이도 구시로 동남동쪽 62km 해역,,국내영향없음. 위 자료는 일본기상청(JMA) 분석결과임.,,=
2,202302260649,195,20230226062448.000,6.2,-6.1100,149.7900,파푸아뉴기니 칸드리안 동북동쪽 29km 지역,,국내영향없음. 위 자료는 미지질조사소(USGS) 분석결과임.,,=
2,202303011501,206,20230301143615.000,6.5,-4.8100,149.4900,파푸아뉴기니 킴베 북서쪽 108km 해역,,국내영향없음. 위 자료는 미지질조사소(USGS) 분석결과임.,,=
2,202303030333,210,20230303030429.000,6.5,-15.3600,166.3900,바누아투 루간빌 서북서쪽 85km 해역 ,,국내영향없음. 위 자료는 미지질조사소(USGS) 분석결과임.,,=
3,202303031130,213,20230303112654.000,3.0,35.2100,127.9400,경남 진주시 서북서쪽 16km 지역,최대진도 Ⅳ(경남),Ⅱ(전남,전북),지진 발생 인근 지역은 지진동을 느낄 수 있음. 안전에 유의하기 바람.
2,202303041605,216,20230304154122.000,6.9,-29.4800,-178.7900,뉴질랜드 케르메덱 제도 해역,,국내영향없음. 위 자료는 미지질조사소(USGS) 분석결과임.,,=
3,202303071517,227,20230307151332.000,2.1,36.7900,125.6300,충남 태안군 서격렬비도 북북동쪽 21km 해역,최대진도 Ⅰ,지진피해 없을 것으로 예상됨,,=
2,202303071532,228,20230307150234.000,6.0,7.4700,126.0300,필리핀 민다나오섬 다바오 북동쪽 70km 지역,,국내영향없음. 위 자료는 미지질조사소(USGS) 분석결과임.,,=
2,202303072318,230,20230307225149.000,6.0,-3.2100,150.6500,파푸아뉴기니 캐비엥 남남서쪽 72km 해역 ,,국내영향없음. 위 자료는 미지질조사소(USGS) 분석결과임.,,=
3,202303100055,238,20230310001323.000,2.1,41.2700,129.0600,북한 함경북도 길주 북북서쪽 42km 지역,최대진도 Ⅰ,자연지진으로 분석됨,,=
3,202303140306,249,20230314021842.000,2.4,41.2700,129.1400,북한 함경북도 길주 북북서쪽 38km 지역,최대진도 Ⅰ,자연지진으로 분석됨,,=
2,202303141008,251,20230314094909.000,6.3,-5.4300,146.8400,파푸아뉴기니 모로베 라에 북쪽 145km 해역,,국내영향없음. 위 자료는 미지질조사소(USGS) 분석결과임.,,=
2,202303161024,259,20230316095602.000,7.0,-30.1200,-176.1100,뉴질랜드 타우랑가 북동쪽 1102km 해역,,국내영향없음. 위 자료는 미지질조사소(USGS) 분석결과임.,,=
2,202303190232,266,20230319021253.000,6.7,-2.8500,-79.8000,에콰도르 마찰라 북북동쪽 49km 지역,,국내영향없음. 위 자료는 미지질조사소(USGS) 분석결과임.,,=
2,202303211057,272,20230321104519.000,5.3,23.6500,121.3100,대만 화롄 남서쪽 41km 지역,,국내영향없음. 위 자료는 대만기상국(CWB) 분석결과임.,,=
3,202303220214,274,20230322020917.000,2.0,35.0300,124.4300,전남 신안군 흑산도 서북서쪽 99km 해역,최대진도 Ⅰ,지진피해 없을 것으로 예상됨,,=
2,202303220217,275,20230322014723.000,6.5,36.5200,70.9800,아프가니스탄 주름 남남동쪽 40km 지역,,국내영향없음. 위 자료는 미지질조사소(USGS) 분석결과임.,,=
2,202303230129,280,20230323010031.000,6.5,-23.4800,-66.5100,아르헨티나 산안토니오 데로스 코브레스 북북서쪽 84km 지역,,국내영향없음. 위 자료는 미지질조사소(USGS) 분석결과임.,,=
3,202303230839,282,20230323083553.000,2.0,33.5600,125.6600,제주 제주시 서쪽 81km 해역,최대진도 Ⅰ,지진피해 없을 것으로 예상됨,,=
3,202303251839,288,20230325183548.000,2.4,37.1900,125.2700,인천 옹진군 연평도 남서쪽 65km 해역,최대진도 Ⅰ,지진피해 없을 것으로 예상됨,,=
3,202303251839,288,20230325183548.000,2.5,37.1900,125.2700,인천 옹진군 연평도 남서쪽 65km 해역,최대진도 Ⅰ,지진피해 없을 것으로 예상됨,,=
2,202303280740,295,20230328071915.000,6.1,-8.2100,158.9300,솔로몬제도 부알라 서쪽 73km 해역,,국내영향없음. 위 자료는 미지질조사소(USGS) 분석결과임.,,=
2,202303281825,296,20230328181800.000,6.1,41.1000,142.8000,일본 아오모리현(혼슈) 아오모리 동쪽 175km 해역,,국내영향없음. 위 자료는 일본기상청(JMA) 분석결과임.,,=
3,202303300551,301,20230330054756.000,2.9,35.6400,125.2200,전북 군산시 어청도 남서쪽 86km 해역,최대진도 Ⅰ,지진피해 없을 것으로 예상됨,,=
2,202303310255,305,20230331023306.000,6.3,-35.6600,-73.5400,칠레 탈카우아노 북북서쪽 124km 해역,,국내영향없음. 위 자료는 미지질조사소(USGS) 분석결과임.,,=
2,202304011850,310,20230401184100.000,5.0,38.3000,138.9000,일본 니이가타현(혼슈) 니이가타 북북서쪽 46km 해역,,국내영향없음. 위 자료는 일본기상청(JMA) 분석결과임.,,=
3,202304012359,312,20230401232621.000,2.3,38.9600,124.6100,북한 남포 서북서쪽 76km 해역,최대진도 Ⅰ,지진피해 없을 것으로 예상됨,,=
3,202304012359,312,20230401232621.000,2.3,38.9600,124.3100,북한 평안북도 철산 남남서쪽 95km 해역,최대진도 Ⅰ,지진피해 없을 것으로 예상됨,,=
2,202304030327,317,20230403030410.000,7.0,-4.2900,143.1600,파푸아뉴기니 포트모르즈비 북서쪽 725km 지역,,국내영향없음. 위 자료는 미지질조사소(USGS) 분석결과임.,,=
2,202304031229,319,20230403120657.000,6.5,52.7800,158.4800,러시아 캄차카반도 옐리조보 남쪽 45km 지역 ,,국내영향없음. 위 자료는 미지질조사소(USGS) 분석결과임.,,=
2,202304040025,324,20230403235942.000,6.1,0.8900,98.8400,인도네시아 파당시뎀푸안 남서쪽 73km 해역,,국내영향없음. 위 자료는 미지질조사소(USGS) 분석결과임.,,=
2,202304042217,327,20230404215432.000,6.2,13.7500,125.5400,필리핀 레가스피 동북동쪽 206km 해역,,국내영향없음. 위 자료는 미지질조사소(USGS) 분석결과임.,,=
2,202304050734,329,20230405071812.000,6.6,7.5800,-82.3200,파나마 보카치카 남쪽 72km 해역,,국내영향없음. 위 자료는 미지질조사소(USGS) 분석결과임.,,=
3,202304060101,332,20230406005149.000,2.7,37.9400,125.6000,북한 황해남도 해주 남서쪽 15km 지역,최대진도 Ⅱ(경기,인천),자연지진으로 분석됨,
2,202304101103,345,20230410100548.000,6.0,-3.5100,149.0000,파푸아뉴기니 킴베 북북서쪽 260km 해역,,국내영향없음. 위 자료는 미지질조사소(USGS) 분석결과임.,,=
3,202304122249,353,20230412224546.000,2.1,38.1300,127.0900,경기 연천군 북북동쪽 4km 지역,최대진도 Ⅱ(경기),지진피해 없을 것으로 예상됨,,=
3,202304130531,356,20230413052751.000,2.1,35.1100,125.0500,전남 신안군 흑산도 북서쪽 59km 해역,최대진도 Ⅰ,지진피해 없을 것으로 예상됨,,=
3,202304130531,356,20230413052751.000,2.2,35.0900,125.0700,전남 신안군 흑산도 북서쪽 57km 해역,최대진도 Ⅰ,지진피해 없을 것으로 예상됨,,=
2,202304140121,359,20230414005454.000,6.0,49.2300,-129.5600,캐나다 포트맥닐 남서쪽 233km 해역 ,,국내영향없음. 위 자료는 미지질조사소(USGS) 분석결과임.,,=
2,202304141917,362,20230414185545.000,7.0,-6.0300,112.0300,인도네시아 투반 북쪽 96km 해역,,국내영향없음. 위 자료는 미지질조사소(USGS) 분석결과임.,,=
2,202304181350,377,20230418133141.000,6.6,-22.2800,179.3900,피지 수바 남남동쪽 471km 해역,,국내영향없음. 위 자료는 미지질조사소(USGS) 분석결과임.,,=
3,202304190047,381,20230419004507.000,2.6,33.0900,125.4200,제주 서귀포시 서쪽 108km 해역,최대진도 Ⅰ,지진피해 없을 것으로 예상됨,,=
2,202304191830,384,20230419180605.000,6.3,-6.0000,149.6100,파푸아뉴기니 칸드리안 북동쪽 23km 지역 ,,국내영향없음. 위 자료는 미지질조사소(USGS) 분석결과임.,,=
2,202304221742,394,20230422172347.000,6.1,-5.2900,125.5800,인도네시아 암본 서남서쪽 339km 해역,,국내영향없음. 위 자료는 미지질조사소(USGS) 분석결과임.,,=
3,202304232111,400,20230423210639.000,2.7,37.9000,129.6100,강원 동해시 북동쪽 60km 해역,최대진도 Ⅰ,지진피해 없을 것으로 예상됨,,=
2,202304241003,404,20230424094154.000,7.3,-30.0300,-177.9000,뉴질랜드 케르메덱 제도 해역,,국내영향없음. 위 자료는 미지질조사소(USGS) 분석결과임.,,=
3,202304241305,407,20230424130210.000,2.9,37.8500,129.4700,강원 동해시 북동쪽 48km 해역,최대진도 Ⅰ,지진피해 없을 것으로 예상됨,,=
3,202304242144,409,20230424214125.000,2.1,37.8700,129.5300,강원 동해시 북동쪽 53km 해역,최대진도 Ⅰ,지진피해 없을 것으로 예상됨,,=
3,202304242155,410,20230424215058.000,2.4,37.9000,129.5800,강원 동해시 북동쪽 58km 해역,최대진도 Ⅰ,지진피해 없을 것으로 예상됨,,=
3,202304250507,411,20230425050339.000,2.3,37.8800,129.5400,강원 동해시 북동쪽 54km 해역,최대진도 Ⅰ,지진피해 없을 것으로 예상됨,,=
2,202304250523,412,20230425050055.000,7.1,-0.7800,98.5300,인도네시아 파당 서쪽 204km 해역,,국내영향없음. 위 자료는 미지질조사소(USGS) 분석결과임.,,=
3,202304251205,415,20230425120250.000,3.1,37.8700,129.5200,강원 동해시 북동쪽 52km 해역,최대진도 Ⅱ(강원),지진피해 없을 것으로 예상됨,,=
3,202304251325,417,20230425132240.000,2.7,36.6600,128.1200,경북 문경시 북서쪽 10km 지역,최대진도 Ⅲ(경북),Ⅱ(전북,충북),지진 발생 인근 지역은 지진동을 느낄 수 있음. 안전에 유의하기 바람.
3,202304251600,419,20230425155555.000,3.5,37.8600,129.4900,강원 동해시 북동쪽 50km 해역,최대진도 Ⅰ,지진피해 없을 것으로 예상됨,,=
3,202304260654,423,20230426065141.000,2.2,37.8600,129.5100,강원 동해시 북동쪽 51km 해역,최대진도 Ⅰ,지진피해 없을 것으로 예상됨,,=
3,202304261218,426,20230426121524.000,2.0,37.8700,129.5200,강원 동해시 북동쪽 52km 해역,최대진도 Ⅰ,지진피해 없을 것으로 예상됨,,=
2,202304281237,433,20230428121343.000,6.2,-25.1100,178.4600,피지 수바 남쪽 776km 해역 ,,국내영향없음. 위 자료는 미지질조사소(USGS) 분석결과임.,,=
3,202304282342,437,20230428233924.000,2.6,37.8800,129.5100,강원 동해시 북동쪽 53km 해역,최대진도 Ⅰ,지진피해 없을 것으로 예상됨,,=
3,202304301906,442,20230430190329.000,3.1,36.3200,127.7500,충북 옥천군 동쪽 16km 지역,최대진도 Ⅳ(충북),Ⅲ(경북,대전,충남)
2,202305011228,445,20230501122200.000,6.2,26.0000,128.8000,일본 오키나와현 오키나와 동남동쪽 114km 해역,,국내영향없음. 위 자료는 일본기상청(JMA) 분석결과임.,,=
2,202305050051,456,20230505003821.000,5.1,23.4400,121.3200,대만 화롄 남남서쪽 61km 지역,,국내영향없음. 위 자료는 대만기상국(CWB) 분석결과임.,,=
3,202305051241,458,20230505121149.000,2.6,39.2200,125.1300,북한 평안북도 정주 남쪽 52km 해역,최대진도 Ⅰ,자연지진으로 분석됨,,=
3,202305051241,458,20230505121149.000,2.6,39.2300,125.1500,북한 평안북도 정주 남쪽 51km 해역,최대진도 Ⅰ,자연지진으로 분석됨,,=
2,202305051450,460,20230505144200.000,6.3,37.5000,137.3000,일본 도야마현(혼슈) 도야마 북쪽 90km 해역,,국내영향없음. 위 자료는 일본기상청(JMA) 분석결과임.,,=
2,202305052208,462,20230505215800.000,5.8,37.5000,137.2000,일본 도야마현(혼슈) 도야마 북쪽 90km 지역,,국내영향없음. 위 자료는 일본기상청(JMA) 분석결과임.,,=
3,202305081955,471,20230508195134.000,2.5,37.4900,129.1300,강원 동해시 남남동쪽 4km 해역,최대진도 Ⅲ(강원),지진 발생 인근 지역은 지진동을 느낄 수 있음. 안전에 유의하기 바람.,,=
3,202305082116,472,20230508211205.000,2.1,37.8700,129.5100,강원 동해시 북동쪽 52km 해역,최대진도 Ⅰ,지진피해 없을 것으로 예상됨,,=
3,202305100158,477,20230510015336.000,2.5,37.4900,129.1400,강원 동해시 남남동쪽 4km 지역,최대진도 Ⅱ(강원),지진피해 없을 것으로 예상됨,,=
3,202305100158,477,20230510015336.000,2.6,37.4900,129.1200,강원 동해시 남남동쪽 4km 지역,최대진도 Ⅱ(강원),지진피해 없을 것으로 예상됨,,=
3,202305100158,477,20230510015336.000,2.5,37.4900,129.1400,강원 동해시 남남동쪽 4km 지역,최대진도 Ⅱ(강원),지진피해 없을 것으로 예상됨,,=
3,202305100158,477,20230510015341.000,2.6,37.4900,129.1200,강원 동해시 남쪽 4km 지역,최대진도 Ⅱ(강원),지진피해 없을 것으로 예상됨,,=
2,202305100721,478,20230510071400.000,5.0,37.6000,137.3000,일본 도야마현(혼슈) 도야마 북쪽 101km 해역,,국내영향없음. 위 자료는 일본기상청(JMA) 분석결과임.,,=
3,202305101333,481,20230510132935.000,2.2,38.1300,127.0900,경기 연천군 북북동쪽 4km 지역,최대진도 Ⅱ(경기),지진피해 없을 것으로 예상됨,,=
3,202305101635,483,20230510163210.000,2.5,37.4900,129.1200,강원 동해시 남쪽 4km 지역,최대진도 Ⅱ(강원),지진피해 없을 것으로 예상됨,,=
2,202305102200,486,20230510215400.000,5.1,37.6000,137.3000,일본 도야마현(혼슈) 도야마 북쪽 101km 해역,,국내영향없음. 위 자료는 일본기상청(JMA) 분석결과임.,,=
2,202305110121,487,20230511010200.000,7.6,-15.6000,-174.6100,사모아 아피아 서남서쪽 364km 해역,,국내영향없음. 위 자료는 미지질조사소(USGS) 분석결과임.,,=
2,202305110423,488,20230511041600.000,5.4,35.2000,140.2000,일본 지바현(혼슈) 지바 남쪽 46km 지역,,국내영향없음. 위 자료는 일본기상청(JMA) 분석결과임.,,=
2,202305111902,490,20230511185200.000,5.4,42.3000,143.0000,일본 홋카이도 구시로 남서쪽 136km 지역,,국내영향없음. 위 자료는 일본기상청(JMA) 분석결과임.,,=
2,202305112244,492,20230511223700.000,6.1,24.2000,125.2000,일본 오키나와현 오키나와 남서쪽 335km 해역,,국내영향없음. 위 자료는 일본기상청(JMA) 분석결과임.,,=
2,202305131620,498,20230513161000.000,5.1,29.9000,130.0000,일본 가고시마현(규슈) 가고시마 남남서쪽 196km 해역,,국내영향없음. 위 자료는 일본기상청(JMA) 분석결과임.,,=
3,202305140839,502,20230514083525.000,3.1,37.8600,129.5100,강원 동해시 북동쪽 51km 해역,최대진도 Ⅰ,지진피해 없을 것으로 예상됨,,=
14,202305150627,504,20230515062734.000,4.0,37.9900,129.7200,강원 동해시 북동쪽 74km 해역,최대진도 Ⅱ(강원,경북),위 정보는 이동속도가 빠른 지진파(P파)만을 이용하여 자동 추정한 정보임.,
3,202305150630,505,20230515062737.000,4.5,37.8700,129.5200,강원 동해시 북동쪽 52km 해역,최대진도 Ⅲ(강원,경북),Ⅱ(충북),지진 발생 인근 지역은 지진동을 느낄 수 있음. 안전에 유의하기 바람.
2,202305180823,516,20230518080200.000,6.4,15.1200,-90.8600,과테말라 산타 크루즈 델 키체 동북동쪽 33km 지역,,국내영향없음. 위 자료는 미지질조사소(USGS) 분석결과임.,,=
2,202305191220,521,20230519115706.000,7.7,-23.2300,170.6900,뉴칼레도니아 누메아 동남동쪽 448km 해역,,국내영향없음. 위 자료는 미지질조사소(USGS) 분석결과임.,,=
3,202305191508,524,20230519140334.000,2.3,41.2800,129.1700,북한 함경북도 길주 북북서쪽 38km 지역,최대진도 Ⅰ,자연지진으로 분석됨,,=
3,202305191508,524,20230519140333.000,2.4,41.2900,129.1900,북한 함경북도 길주 북북서쪽 39km 지역,최대진도 Ⅰ,자연지진으로 분석됨,,=
2,202305201115,527,20230520105101.000,7.1,-23.0600,170.4600,뉴칼레도니아 누메아 동남동쪽 421km 해역 ,,국내영향없음. 위 자료는 미지질조사소(USGS) 분석결과임.,,=
2,202305220025,531,20230521235645.000,6.8,-43.4400,39.3700,남아프리카 공화국 포트엘리자베스 남동쪽 1580km 해역,,국내영향없음. 위 자료는 미지질조사소(USGS) 분석결과임.,,=
2,202305220108,532,20230522004513.000,6.1,-10.2700,161.4400,솔로몬제도 호니아라 동남동쪽 189km 지역 ,,국내영향없음. 위 자료는 미지질조사소(USGS) 분석결과임.,,=
3,202305220342,533,20230522033918.000,2.3,37.8700,129.5200,강원 동해시 북동쪽 52km 해역,최대진도 Ⅰ,지진피해 없을 것으로 예상됨,,=
2,202305220728,534,20230522072000.000,5.4,29.8000,129.5000,일본 가고시마현(규슈) 가고시마 남남서쪽 224km 해역,,국내영향없음. 위 자료는 일본기상청(JMA) 분석결과임.,,=
2,202305250111,543,20230525004934.000,6.2,-6.9800,129.5300,인도네시아 암본 남남동쪽 395km ,,국내영향없음. 위 자료는 미지질조사소(USGS) 분석결과임.,,=
2,202305251225,545,20230525120533.000,6.6,8.8900,-77.1200,콜롬비아 몬테리아 서쪽 137km 해역,,국내영향없음. 위 자료는 미지질조사소(USGS) 분석결과임.,,=
3,202305252310,547,20230525222740.000,2.4,41.2300,129.3500,북한 함경북도 길주 북쪽 31km 지역,최대진도 Ⅰ,자연지진으로 분석됨,,=
3,202305252310,547,20230525222740.000,2.4,41.2500,129.2400,북한 함경북도 길주 북북서쪽 34km 지역,최대진도 Ⅰ,자연지진으로 분석됨,,=
2,202305261909,549,20230526190300.000,6.2,35.6000,140.7000,일본 지바현(혼슈) 지바 동쪽 54km 해역,,국내영향없음. 위 자료는 일본기상청(JMA) 분석결과임.,,=
2,202305270939,552,20230527091100.000,6.0,-18.4600,-175.2000,통가 누쿠알로파 북쪽 298km 해역,,국내영향없음. 위 자료는 미지질조사소(USGS) 분석결과임.,,=
2,202305311156,564,20230531112121.000,6.2,-49.6000,163.9200,뉴질랜드 더니든 남서쪽 643km 해역,,국내영향없음. 위 자료는 미지질조사소(USGS) 분석결과임.,,=
3,202306051245,579,20230605124218.000,2.1,35.7700,127.1800,전북 완주군 남쪽 15km 지역,최대진도 Ⅲ(전북),지진 발생 인근 지역은 지진동을 느낄 수 있음. 안전에 유의하기 바람.,,=
3,202306071632,586,20230607153005.000,2.1,41.3100,129.1600,북한 함경북도 길주 북북서쪽 42km 지역,최대진도 Ⅰ,자연지진으로 분석됨,,=
2,202306101442,593,20230610143154.000,5.3,22.8600,120.7000,대만 카오슝 북동쪽 47km 지역,,국내영향없음. 위 자료는 대만기상국(CWB) 분석결과임.,,=
2,202306111902,599,20230611185500.000,6.2,42.5000,142.0000,일본 홋카이도 삿포로 남동쪽 82km 해역,,국내영향없음. 위 자료는 일본기상청(JMA) 분석결과임.,,=
3,202306131426,605,20230613142307.000,2.0,35.0700,128.5000,경남 창원시 마산합포구 남남서쪽 15km 해역,최대진도 Ⅱ(경남),지진피해 없을 것으로 예상됨,,=
2,202306151145,611,20230615111925.000,6.2,13.8000,120.7100,필리핀 바탕가스 서쪽 38km 해역,,국내영향없음. 위 자료는 미지질조사소(USGS) 분석결과임.,,=
2,202306160326,613,20230616030627.000,7.2,-22.9800,-177.2100,통가 누쿠알로파 남서쪽 292km 해역,,국내영향없음. 위 자료는 미지질조사소(USGS) 분석결과임.,,=
3,202306160607,615,20230616060301.000,3.1,34.0200,124.8000,전남 신안군 흑산도 남서쪽 92km 해역,최대진도 Ⅰ,지진피해 없을 것으로 예상됨,,=
2,202306161735,617,20230616171134.000,6.0,-23.5700,-175.8900,통가 누쿠알로파 남남서쪽 280km 해역,,국내영향없음. 위 자료는 미지질조사소(USGS) 분석결과임.,,=
2,202306172052,621,20230617202621.000,6.0,-23.4400,-175.4300,통가 누쿠알로파 남쪽 258km 해역 ,,국내영향없음. 위 자료는 미지질조사소(USGS) 분석결과임.,,=
3,202306172239,622,20230617223438.000,2.1,37.8600,129.4700,강원 동해시 북동쪽 49km 해역,최대진도 Ⅰ,지진피해 없을 것으로 예상됨,,=
3,202306190020,625,20230618233916.000,2.3,41.2800,129.1900,북한 함경북도 길주 북북서쪽 38km 지역,최대진도 Ⅰ,자연지진으로 분석됨,,=
2,202306190546,626,20230619053030.000,6.6,23.2000,-108.3000,멕시코 마사틀란 서쪽 194km 해역,,국내영향없음. 위 자료는 미지질조사소(USGS) 분석결과임.,,=
2,202306190727,627,20230619065917.000,6.0,-48.6200,31.1200,남아프리카공화국 포트엘리자베스 남남동쪽 1698km 해역,,국내영향없음. 위 자료는 미지질조사소(USGS) 분석결과임.,,=
2,202306191357,629,20230619135000.000,5.2,42.5000,143.0000,일본 홋카이도 구시로 서남서쪽 125km 지역,,국내영향없음. 위 자료는 일본기상청(JMA) 분석결과임.,,=
2,202306221032,639,20230622102400.000,5.2,26.4000,127.9000,일본 오키나와현 오키나와 북동쪽 30km 해역,,국내영향없음. 위 자료는 일본기상청(JMA) 분석결과임.,,=
3,202306251239,650,20230625115514.000,2.4,41.3200,129.2100,북한 함경북도 길주 북북서쪽 42km 지역,최대진도 Ⅰ,자연지진으로 분석됨,,=
2,202306251649,651,20230625161659.000,6.0,-24.0300,-175.6300,통가 누쿠알로파 남쪽 325km 해역,,국내영향없음. 위 자료는 미지질조사소(USGS) 분석결과임.,,=
2,202306280857,659,20230628083821.000,5.8,42.0900,134.0600,러시아 블라디보스크 동남동쪽 207km 해역,,국내영향없음. 위 자료는 미지질조사소(USGS) 분석결과임.,,=
2,202307021948,677,20230702192743.000,6.9,-17.8500,-174.9400,통가 누쿠알로파 북쪽 366km 해역,,국내영향없음. 위 자료는 미지질조사소(USGS) 분석결과임.,,=
3,202307031043,679,20230703100438.000,3.3,41.3000,129.1200,북한 함경북도 길주 북북서쪽 42km 지역,최대진도 Ⅰ,자연지진으로 분석됨,,=
3,202307050148,684,20230705010238.000,2.1,41.2700,129.2100,북한 함경북도 길주 북북서쪽 36km 지역,최대진도 Ⅰ,자연지진으로 분석됨,,=
2,202307100731,700,20230710071133.000,5.2,24.0400,121.5700,대만 화롄 북쪽 10km 지역,,국내영향없음. 위 자료는 대만기상국(CWB) 분석결과임.,,=
2,202307110549,702,20230711052825.000,6.6,20.0200,-61.1000,푸에르토리코 카롤리나 동북동쪽 542km 해역,,국내영향없음. 위 자료는 미지질조사소(USGS) 분석결과임.,,=
2,202307141856,716,20230714182901.000,6.3,15.0300,-93.8800,멕시코 타파출라 서쪽 175km 해역,,국내영향없음. 위 자료는 미지질조사소(USGS) 분석결과임.,,=
2,202307161605,722,20230716154820.000,7.4,54.3800,-160.7000,알라스카 샌드포인트 남쪽 106km 해역 ,,국내영향없음. 위 자료는 미지질조사소(USGS) 분석결과임.,,=
3,202307171040,726,20230717103710.000,2.4,35.3100,128.5800,경남 함안군 동북동쪽 16km 지역,최대진도 Ⅲ(경남),Ⅱ(부산),지진 발생 인근 지역은 지진동을 느낄 수 있음. 안전에 유의하기 바람.,
2,202307171228,728,20230717120510.000,6.6,-38.1900,-70.3700,아르헨티나 네우켄 북서쪽 220km 지역,,국내영향없음. 위 자료는 미지질조사소(USGS) 분석결과임.,,=
2,202307190942,734,20230719092207.000,6.5,12.8100,-88.1300,엘살바도르 산미겔 남쪽 75km 해역,,국내영향없음. 위 자료는 미지질조사소(USGS) 분석결과임.,,=
2,202307241215,752,20230724114958.000,6.0,-24.1800,178.7600,피지 수바 남쪽 673km 해역,,국내영향없음. 위 자료는 미지질조사소(USGS) 분석결과임.,,=
2,202307262148,762,20230726213700.000,4.5,36.5000,132.7000,일본 시마네현(혼슈) 마쓰에 북북서쪽 119km 해역,,국내 일부지역에서 지진동을 느낄수 있음.,,
2,202307262201,763,20230726214435.000,6.4,-14.7600,167.9100,바누아투 포트 올리 동북동쪽 95km 해역,,국내영향없음. 위 자료는 미지질조사소(USGS) 분석결과임.,,=
3,202307281405,768,20230728131643.000,2.0,41.3100,129.2300,북한 함경북도 길주 북북서쪽 40km 지역,최대진도 Ⅰ,자연지진으로 분석됨,,=
14,202307291908,771,20230729190759.000,4.1,35.8100,127.5300,전북 장수군 북쪽 18km 지역,최대진도 Ⅴ(전북),Ⅳ(경남),Ⅲ(경북,대전
3,202307291913,772,20230729190759.000,3.5,35.8000,127.5300,전북 장수군 북쪽 17km 지역,최대진도 Ⅴ(전북),Ⅲ(경남,충남,충북)
3,202308040311,790,20230804030731.000,2.1,33.7300,127.2200,전남 여수시 거문도 남남서쪽 34km 해역,최대진도 Ⅰ,지진피해 없을 것으로 예상됨,,=
2,202308051637,795,20230805162007.000,6.2,-28.2100,-63.1900,아르헨티나 산티아고 델 에스테로 동남동쪽 115km 지역,,국내영향없음. 위 자료는 미지질조사소(USGS) 분석결과임.,,=
2,202308060404,797,20230806033300.000,5.5,37.1600,116.3400,중국 산둥성 더저우시 남쪽 30km 지역,,국내영향없음. 위 자료는 중국지진청(CEA) 분석결과임.,,=
3,202308070019,801,20230807001530.000,2.2,34.5700,127.2900,전남 고흥군 남남동쪽 4km 지역,최대진도 Ⅱ(전남),지진피해 없을 것으로 예상됨,,=
3,202308130359,825,20230813031337.000,2.7,41.3000,129.1900,북한 함경북도 길주 북북서쪽 40km 지역,최대진도 Ⅰ,자연지진으로 분석됨,,=
3,202308130839,827,20230813075500.000,2.3,41.3100,129.1600,북한 함경북도 길주 북북서쪽 42km 지역,최대진도 Ⅰ,자연지진으로 분석됨,,=
2,202308142313,832,20230814225154.000,6.1,13.3800,147.5400,괌 하갓냐 동쪽 300km 해역 ,,국내영향없음. 위 자료는 미지질조사소(USGS) 분석결과임.,,=
2,202308162205,837,20230816214740.000,6.5,-13.8800,167.1600,바누아투 솔라 서쪽 42km 해역,,국내영향없음. 위 자료는 미지질조사소(USGS) 분석결과임.,,=
2,202308180217,842,20230818014102.000,6.0,-0.3100,-19.5700,대서양 중앙 해령,,국내영향없음. 위 자료는 미지질조사소(USGS) 분석결과임.,,=
2,202308180230,843,20230818020449.000,6.3,4.4200,-73.5100,콜롬비아 비야비센시오 북북동쪽 34km 지역,,국내영향없음. 위 자료는 미지질조사소(USGS) 분석결과임.,,=
2,202308190340,846,20230819033300.000,5.1,42.4000,143.1000,일본 홋카이도 구시로 서남서쪽 123km 지역,,국내영향없음. 위 자료는 일본기상청(JMA) 분석결과임.,,=
3,202308201945,850,20230820194114.000,2.6,37.7500,130.3400,경북 울릉군 울릉도 서북서쪽 58km 해역,최대진도 Ⅰ,지진피해 없을 것으로 예상됨,,=
3,202308201945,850,20230820194114.000,2.6,37.7700,130.3600,경북 울릉군 울릉도 서북서쪽 58km 해역,최대진도 Ⅰ,지진피해 없을 것으로 예상됨,,=
2,202308232343,859,20230823232243.000,6.2,-26.9200,-63.3400,아르헨티나 산티아고 델 에스테로 북동쪽 133km 지역,,국내영향없음. 위 자료는 미지질조사소(USGS) 분석결과임.,,=
3,202308260129,867,20230826012533.000,2.1,35.9800,128.1400,경북 김천시 남쪽 18km 지역,최대진도 Ⅲ(경북),Ⅱ(전북,충북),지진 발생 인근 지역은 지진동을 느낄 수 있음. 안전에 유의하기 바람.
2,202308290522,875,20230829045532.000,7.1,-6.7800,116.5700,인도네시아 마타람 북북동쪽 207km 해역,,국내영향없음. 위 자료는 미지질조사소(USGS) 분석결과임.,,=
2,202309020612,889,20230902054954.000,6.1,50.7000,156.3200,러시아 세베로쿠릴스크 동북동쪽 13km 지역 ,,국내영향없음. 위 자료는 미지질조사소(USGS) 분석결과임.,,=
3,202309022148,894,20230902205433.000,2.5,41.2800,129.1500,북한 함경북도 길주 북북서쪽 39km 지역,최대진도 Ⅰ,자연지진으로 분석됨,,=
2,202309051842,903,20230905183041.000,5.5,23.5300,120.3900,대만 카오슝 북쪽 101km 지역,,국내영향없음. 위 자료는 대만기상국(CWB) 분석결과임.,,=
2,202309070906,909,20230907084805.000,6.2,-30.2800,-71.5400,칠레 코킴보 남남서쪽 41km 해역,,국내영향없음. 위 자료는 미지질조사소(USGS) 분석결과임.,,=
3,202309080417,913,20230908032948.000,2.2,41.2900,129.2400,북한 함경북도 길주 북쪽 38km 지역,최대진도 Ⅰ,자연지진으로 분석됨,,=
3,202309080459,914,20230908040116.000,2.1,41.3000,129.2300,북한 함경북도 길주 북북서쪽 39km 지역,최대진도 Ⅰ,자연지진으로 분석됨,,=
3,202309080550,915,20230908051201.000,2.3,41.3200,129.1700,북한 함경북도 길주 북북서쪽 43km 지역,최대진도 Ⅰ,자연지진으로 분석됨,,=
2,202309081838,917,20230908180958.000,6.6,-32.7200,-179.3100,뉴질랜드 타우랑가 북동쪽 688km 해역,,국내영향없음. 위 자료는 미지질조사소(USGS) 분석결과임.,,=
2,202309090235,919,20230909022800.000,5.0,29.6000,128.5000,일본 가고시마현(규슈) 가고시마 남서쪽 297km 해역,,국내영향없음. 위 자료는 일본기상청(JMA) 분석결과임.,,=
2,202309090732,920,20230909071101.000,6.8,31.1100,-8.4400,모로코 마라케시 남서쪽 72km 지역,,국내영향없음. 위 자료는 미지질조사소(USGS) 분석결과임.,,=
2,202309100004,922,20230909234324.000,6.0,0.0100,119.7700,인도네시아 팔루 북쪽 101km 해역 ,,국내영향없음. 위 자료는 미지질조사소(USGS) 분석결과임.,,=
2,202309110012,925,20230911000200.000,5.3,29.3000,129.2000,일본 가고시마현(규슈) 가고시마 남남서쪽 287km 해역,,국내영향없음. 위 자료는 일본기상청(JMA) 분석결과임.,,=
2,202309112212,928,20230911215134.000,6.0,1.1300,127.4800,인도네시아 테르나테 북북동쪽 39km 지역,,국내영향없음. 위 자료는 미지질조사소(USGS) 분석결과임.,,=
2,202309122024,931,20230912200318.000,6.3,19.2700,121.2200,필리핀 라오그 북북동쪽 136km 해역,,국내영향없음. 위 자료는 미지질조사소(USGS) 분석결과임.,,=
2,202309132114,937,20230913204915.000,6.1,-36.2200,-97.9400,칠레 볼디비아 서쪽 2193km 해역,,국내영향없음. 위 자료는 미지질조사소(USGS) 분석결과임.,,=
3,202309142132,941,20230914212825.000,2.9,35.7000,130.0300,울산 동구 동북동쪽 60km 해역,최대진도 Ⅰ,지진피해 없을 것으로 예상됨,,=
3,202309160432,945,20230916042825.000,2.2,36.0100,128.0100,경북 김천시 남남서쪽 17km 지역,최대진도 Ⅱ(경북,충북),지진피해 없을 것으로 예상됨,
2,202309182230,956,20230918222100.000,6.4,26.5000,125.2000,일본 오키나와현 오키나와 서쪽 249km 해역,,국내영향없음. 위 자료는 일본기상청(JMA) 분석결과임.,,=
2,202309210027,964,20230920234559.000,6.0,-4.5500,-105.7500,멕시코 게레로주 아카풀코 남남서쪽 2467km 해역,,국내영향없음. 위 자료는 미지질조사소(USGS) 분석결과임.,,=
2,202309220630,968,20230922061149.000,6.1,-14.0000,167.1900,바누아투 솔라 서남서쪽 41km 해역,,국내영향없음. 위 자료는 미지질조사소(USGS) 분석결과임.,,=
3,202309221750,971,20230922174658.000,2.2,36.5900,128.2200,경북 문경시 동쪽 3km 지역,최대진도 Ⅱ(경북),지진피해 없을 것으로 예상됨,,=
3,202309270127,988,20230927004843.000,3.2,41.3300,129.1600,북한 함경북도 길주 북북서쪽 44km 지역,최대진도 Ⅰ,자연지진으로 분석됨,,=
2,202309290003,994,20230928234026.000,6.0,-15.5800,167.7100,바누아투 루간빌 동쪽 59km 해역,,국내영향없음. 위 자료는 미지질조사소(USGS) 분석결과임.,,=
3,202310010817,1000,20231001073556.000,2.1,41.2600,129.2900,북한 함경북도 길주 북쪽 34km 지역,최대진도 Ⅰ,자연지진으로 분석됨,,=
2,202310032048,1008,20231003203800.000,6.3,30.0000,140.8000,일본 시즈오카현(혼슈) 시즈오카 남남동쪽 598km 해역,,국내영향없음. 위 자료는 일본기상청(JMA) 분석결과임.,,=
2,202310042040,1015,20231004202148.000,6.4,5.3400,126.0600,필리핀 제너럴산토스 남동쪽 131km 해역,,국내영향없음. 위 자료는 미지질조사소(USGS) 분석결과임.,,=
2,202310051117,1017,20231005110000.000,6.6,29.8000,139.8000,일본 시즈오카현(혼슈) 시즈오카 남남동쪽 591km 해역,,국내영향없음. 위 자료는 일본기상청(JMA) 분석결과임.,,=
2,202310061049,1020,20231006103100.000,6.3,30.0000,139.9000,일본 시즈오카현(혼슈) 시즈오카 남남동쪽 571km 해역,,국내영향없음. 위 자료는 일본기상청(JMA) 분석결과임.,,=
3,202310061905,1021,20231006182903.000,2.5,41.2900,129.1300,북한 함경북도 길주 북북서쪽 41km 지역,최대진도 Ⅰ,자연지진으로 분석됨,,=
2,202310071557,1024,20231007154102.000,6.2,34.6300,61.9300,아프가니스탄 헤라트 북서쪽 40km 지역,,국내영향없음. 위 자료는 미지질조사소(USGS) 분석결과임.,,=
2,202310071632,1025,20231007161250.000,6.2,34.5500,61.8800,아프가니스탄 헤라트 북서쪽 37km 지역,,국내영향없음. 위 자료는 미지질조사소(USGS) 분석결과임.,,=
2,202310071753,1026,20231007173426.000,6.7,-5.6000,146.1300,파푸아뉴기니 마당 남동쪽 56km 지역,,국내영향없음. 위 자료는 미지질조사소(USGS) 분석결과임.,,=
3,202310092355,1033,20231009231636.000,2.2,41.3000,129.2300,북한 함경북도 길주 북북서쪽 39km 지역,최대진도 Ⅰ,자연지진으로 분석됨,,=
3,202310100025,1035,20231010002028.000,3.1,36.1800,124.4200,충남 태안군 서격렬비도 서남서쪽 111km 해역,최대진도 Ⅰ,지진피해 없을 것으로 예상됨,,=
2,202310101934,1038,20231010190131.000,6.0,-22.8800,-66.2200,아르헨티나 후후이주 산살바도르데후후이 북북서쪽 174km 지역 ,,국내영향없음. 위 자료는 미지질조사소(USGS) 분석결과임.,,=
3,202310110358,1041,20231011035454.000,2.9,35.3100,125.5100,전남 신안군 흑산도 북쪽 72km 해역,최대진도 Ⅰ,지진피해 없을 것으로 예상됨,,=
2,202310110959,1043,20231011094156.000,6.3,34.5800,62.0700,아프가니스탄 헤라트 북북서쪽 28km 지역,,국내영향없음. 위 자료는 미지질조사소(USGS) 분석결과임.,,=
3,202310111909,1045,20231011185813.000,2.2,38.7600,127.6300,북한 강원 회양 북북동쪽 7km 지역,최대진도 Ⅰ,자연지진으로 분석됨,,
2,202310111945,1046,20231011193656.000,5.8,23.2500,121.3400,대만 화롄 남남서쪽 81km 지역,,국내영향없음. 위 자료는 대만기상국(CWB) 분석결과임.,,=
2,202310120527,1047,20231012050458.000,6.4,-52.0400,139.6300,호주 태즈메이니아주 호바트 남남서쪽 1170km 해역,,국내영향없음. 위 자료는 미지질조사소(USGS) 분석결과임.,,=
2,202310131310,1051,20231013124432.000,6.0,-51.8000,139.5000,호주 태즈메이니아주 호바트 남남서쪽 1153km 해역,,국내영향없음. 위 자료는 미지질조사소(USGS) 분석결과임.,,=
3,202310150946,1061,20231015094238.000,2.3,37.7200,125.5800,북한 황해남도 옹진 남동쪽 30km 해역,최대진도 Ⅰ,지진피해 없을 것으로 예상됨,,=
2,202310151256,1062,20231015123600.000,6.3,34.6200,62.0500,아프가니스탄 헤라트 북북서쪽 33km 지역,,국내영향없음. 위 자료는 미지질조사소(USGS) 분석결과임.,,=
2,202310161949,1065,20231016194200.000,6.0,25.1000,125.6000,일본 오키나와현 오키나와 서남서쪽 242km 해역,,국내영향없음. 위 자료는 일본기상청(JMA) 분석결과임.,,=
2,202310162054,1066,20231016203531.000,6.4,52.4500,-176.8500,미국 알래스카 아닥 북북서쪽 65km 해역 ,,국내영향없음. 위 자료는 미지질조사소(USGS) 분석결과임.,,=
3,202310200049,1084,20231020003012.000,2.8,40.4700,127.2600,북한 함경남도 장진 북쪽 10km 지역,최대진도 Ⅰ,지진피해 없을 것으로 예상됨,,=
3,202310200049,1084,20231020003012.000,2.7,40.4800,127.2600,북한 함경남도 장진 북쪽 11km 지역,최대진도 Ⅰ,지진피해 없을 것으로 예상됨,,=
3,202310201740,1090,20231020173600.000,2.0,35.0600,125.0800,전남 신안군 흑산도 북서쪽 53km 해역,최대진도 Ⅰ,지진피해 없을 것으로 예상됨,,=
3,202310220307,1096,20231022030409.000,2.1,37.8600,129.5200,강원 동해시 북동쪽 52km 해역,최대진도 Ⅰ,지진피해 없을 것으로 예상됨,,=
2,202310230447,1100,20231023042022.000,5.0,23.3500,117.4000,중국 황강 남동쪽 54km 해역,,국내영향없음. 위 자료는 미지질조사소(USGS) 분석결과임.,,=
2,202310231942,1103,20231023191015.000,6.0,-29.9500,-177.5200,뉴질랜드 케르메덱 제도 해역,,국내영향없음. 위 자료는 미지질조사소(USGS) 분석결과임.,,=
2,202310240816,1105,20231024080520.000,6.2,23.9100,122.8000,대만 화롄 동쪽 127km 해역,,국내영향없음. 위 자료는 대만기상국(CWB) 분석결과임.,,=
3,202310240915,1107,20231024091137.000,2.7,37.8500,129.4900,강원 동해시 북동쪽 49km 해역,최대진도 Ⅰ,지진피해 없을 것으로 예상됨,,=
3,202310252150,1114,20231025214630.000,3.4,36.3500,127.0500,충남 공주시 남남서쪽 12km 지역,최대진도 Ⅴ(충남),Ⅲ(대전,세종,전북)
3,202310280932,1130,20231028083714.000,2.2,41.2500,129.1200,북한 함경북도 길주 북북서쪽 37km 지역,최대진도 Ⅰ,자연지진으로 분석됨,,=
2,202310291351,1133,20231029133208.000,6.0,-19.4200,168.7700,바누아투 포트빌라 남남동쪽 193km 해역,,국내영향없음. 위 자료는 미지질조사소(USGS) 분석결과임.,,=
2,202310312030,1145,20231031201056.000,6.4,-17.5400,-179.0100,피지 수바 동북동쪽 280km 해역 ,,국내영향없음. 위 자료는 미지질조사소(USGS) 분석결과임.,,=
2,202310312154,1146,20231031213344.000,6.7,-28.7500,-71.5700,칠레 라세레나 북북서쪽 132km 해역,,국내영향없음. 위 자료는 미지질조사소(USGS) 분석결과임.,,=
2,202311020625,1150,20231102060445.000,6.0,-10.0100,123.7100,인도네시아 티모르섬 쿠팡 북북동쪽 21km 지역,,국내영향없음. 위 자료는 미지질조사소(USGS) 분석결과임.,,=
3,202311030037,1161,20231103002423.000,2.5,38.1000,124.7200,북한 황해남도 용연 서남서쪽 19km 해역,최대진도 Ⅰ,자연지진으로 분석됨,,
2,202311081415,1182,20231108135252.000,6.9,-6.3900,129.7600,인도네시아 암본 남남동쪽 347km 해역,,국내영향없음. 위 자료는 미지질조사소(USGS) 분석결과임.,,=
2,202311082218,1185,20231108220206.000,6.7,-6.1500,129.9100,인도네시아 암본 남동쪽 333km 해역,,국내영향없음. 위 자료는 미지질조사소(USGS) 분석결과임.,,=
2,202311101923,1193,20231110191100.000,6.1,45.3000,151.6000,일본 홋카이도 구시로 동북동쪽 631km 해역,,국내영향없음. 위 자료는 일본기상청(JMA) 분석결과임.,,=
2,202311110558,1194,20231111055000.000,5.0,31.3000,130.8000,일본 가고시마현(규슈) 가고시마 남동쪽 40km 지역,,국내영향없음. 위 자료는 일본기상청(JMA) 분석결과임.,,=
2,202311110605,1195,20231111054511.000,6.1,-6.1600,130.0900,인도네시아 암본 남동쪽 346km 해역,,국내영향없음. 위 자료는 미지질조사소(USGS) 분석결과임.,,=
2,202311141629,1203,20231114160056.000,6.1,-4.0400,87.0800,남인도양 해역,,국내영향없음. 위 자료는 미지질조사소(USGS) 분석결과임.,,=
3,202311170410,1211,20231117040638.000,2.1,33.6700,127.3800,전남 여수시 거문도 남쪽 40km 해역,최대진도 Ⅰ,지진피해 없을 것으로 예상됨,,=
2,202311171733,1213,20231117171413.000,6.7,5.5900,125.0500,필리핀 제너럴산토스 남남서쪽 60km 해역,,국내영향없음. 위 자료는 미지질조사소(USGS) 분석결과임.,,=
2,202311221211,1227,20231122114853.000,6.0,1.7400,127.1500,인도네시아 테르나테 북북서쪽 109km 해역,,국내영향없음. 위 자료는 미지질조사소(USGS) 분석결과임.,,=
2,202311221410,1228,20231122134733.000,6.7,-14.9900,167.9800,바누아투 루간빌 북동쪽 106km 해역,,국내영향없음. 위 자료는 미지질조사소(USGS) 분석결과임.,,=
3,202311221712,1230,20231122162932.000,2.9,41.3100,129.1800,북한 함경북도 길주 북북서쪽 41km 지역,최대진도 Ⅰ,자연지진으로 분석됨,,=
3,202311221823,1231,20231122174059.000,2.3,41.3000,129.2000,북한 함경북도 길주 북북서쪽 40km 지역,최대진도 Ⅰ,자연지진으로 분석됨,,=
3,202311230839,1234,20231123075455.000,2.5,41.2600,129.1300,북한 함경북도 길주 북북서쪽 38km 지역,최대진도 Ⅰ,자연지진으로 분석됨,,=
3,202311230839,1234,20231123075455.000,2.5,41.2900,129.1600,북한 함경북도 길주 북북서쪽 40km 지역,최대진도 Ⅰ,자연지진으로 분석됨,,=
3,202311231336,1235,20231123124202.000,2.2,41.2300,129.0500,북한 함경북도 길주 북서쪽 38km 지역,최대진도 Ⅰ,자연지진으로 분석됨,,=
3,202311232206,1237,20231123212144.000,2.6,41.3000,129.2000,북한 함경북도 길주 북북서쪽 40km 지역,최대진도 Ⅰ,자연지진으로 분석됨,,=
3,202311232230,1238,20231123213158.000,2.2,41.3100,129.1400,북한 함경북도 길주 북북서쪽 42km 지역,최대진도 Ⅰ,자연지진으로 분석됨,,=
2,202311241830,1242,20231124180502.000,7.1,20.1700,145.5700,북마리아나제도 마우그섬 북동쪽 41km 해역 ,,국내영향없음. 위 자료는 미지질조사소(USGS) 분석결과임.,,=
3,202311242211,1246,20231124220653.000,2.7,35.0700,125.0600,전남 신안군 흑산도 북서쪽 55km 해역,최대진도 Ⅰ,지진피해 없을 것으로 예상됨,,=
3,202311251157,1249,20231125115335.000,2.6,36.6900,126.8300,충남 예산군 북서쪽 2km 지역,최대진도 Ⅳ(충남),지진 발생 인근 지역은 지진동을 느낄 수 있음. 안전에 유의하기 바람.,,=
2,202311261847,1252,20231126184000.000,5.0,27.0000,127.0000,일본 오키나와현 오키나와 북서쪽 111km 해역,,국내영향없음. 위 자료는 일본기상청(JMA) 분석결과임.,,=
2,202311280658,1261,20231128064650.000,6.6,-3.3000,144.0000,파푸아뉴기니 포트모르즈비 북북서쪽 768km 해역,,국내영향없음. 위 자료는 미지질조사소(USGS) 분석결과임.,,=
14,202311300455,1270,20231130045525.000,4.3,35.7900,129.4200,경북 경주시 동남동쪽 19km 지역,최대진도 Ⅴ(경북),Ⅳ(울산),Ⅲ(경남,대구
3,202311300500,1271,20231130045524.000,4.0,35.7900,129.4200,경북 경주시 동남동쪽 19km 지역,최대진도 Ⅴ(경북),Ⅳ(울산),Ⅲ(경남,부산)
2,202312022357,1286,20231202233703.000,7.6,8.5300,126.4500,필리핀 부투안 동남동쪽 110km 해역,,국내영향없음. 위 자료는 미지질조사소(USGS) 분석결과임.,,=
2,202312030123,1287,20231203010343.000,6.4,8.4200,126.7800,필리핀 부투안 동남동쪽 148km 해역,,국내영향없음. 위 자료는 미지질조사소(USGS) 분석결과임.,,=
2,202312030304,1288,20231203024012.000,6.2,8.4100,126.7500,필리핀 부투안 동남동쪽 146km 해역,,국내영향없음. 위 자료는 미지질조사소(USGS) 분석결과임.,,=
2,202312031954,1290,20231203193557.000,6.6,8.4500,126.7200,필리핀 부투안 동남동쪽 141km 해역,,국내영향없음. 위 자료는 미지질조사소(USGS) 분석결과임.,,=
3,202312040307,1291,20231204022802.000,3.1,41.3000,129.1500,북한 함경북도 길주 북북서쪽 41km 지역,최대진도 Ⅰ,자연지진으로 분석됨,,=
2,202312040510,1292,20231204044937.000,6.9,8.9600,126.6300,필리핀 부투안 동쪽 119km 해역,,국내영향없음. 위 자료는 미지질조사소(USGS) 분석결과임.,,=
3,202312050630,1295,20231205055341.000,2.2,41.2900,129.2200,북한 함경북도 길주 북북서쪽 38km 지역,최대진도 Ⅰ,자연지진으로 분석됨,,=
3,202312061954,1302,20231206191106.000,2.0,41.2600,129.2200,북한 함경북도 길주 북북서쪽 35km 지역,최대진도 Ⅰ,자연지진으로 분석됨,,=
2,202312072219,1305,20231207215630.000,7.1,-20.6600,169.2100,뉴칼레도니아 누메아 북동쪽 330km 해역,,위 자료는 미지질조사소(USGS) 분석결과임.,,=
3,202312080635,1308,20231208063118.000,2.5,37.1900,129.0800,강원 삼척시 남남서쪽 30km 지역,최대진도 Ⅲ(강원),Ⅱ(경북),지진 발생 인근 지역은 지진동을 느낄 수 있음. 안전에 유의하기 바람.,
3,202312110148,1318,20231211012325.000,2.3,38.4500,126.1700,북한 황해북도 평산 북서쪽 24km 지역,최대진도 Ⅰ,지진피해 없을 것으로 예상됨,,
2,202312111557,1320,20231211153331.000,6.1,-18.6800,-175.4800,통가 누쿠알로파 북쪽 275km 해역,,국내영향없음. 위 자료는 미지질조사소(USGS) 분석결과임.,,=
2,202312190129,1344,20231219005900.000,6.2,35.7000,102.7900,중국 간쑤성 린샤현 북쪽 15km 지역,,국내영향없음. 위 자료는 중국지진청(CEA) 분석결과임.,,=
2,202312202134,1351,20231220211120.000,6.2,-15.9600,-72.6000,페루 아레키파 서북서쪽 124km 지역,,국내영향없음. 위 자료는 미지질조사소(USGS) 분석결과임.,,=
2,202312220027,1356,20231221235558.000,6.3,51.3300,-175.3600,미국 알래스카 아닥 남동쪽 106km 해역 ,,국내영향없음. 위 자료는 미지질조사소(USGS) 분석결과임.,,=
2,202312230309,1360,20231223023631.000,6.1,-52.0500,27.9700,남아프리카공화국 포트엘리자베스 남쪽 2025km 해역,,국내영향없음. 위 자료는 미지질조사소(USGS) 분석결과임.,,=
3,202312230438,1362,20231223043405.000,3.0,35.8000,127.5300,전북 장수군 북쪽 17km 지역,최대진도 Ⅳ(전북),Ⅲ(경남),Ⅱ(경북,대전
2,202312281824,1376,20231228181500.000,6.4,44.1000,149.2000,일본 홋카이도 구시로 동북동쪽 408km 해역,,국내영향없음. 위 자료는 일본기상청(JMA) 분석결과임.,,=
2,202312310237,1383,20231231021624.000,6.3,-2.9600,139.3500,인도네시아 자야푸라 서남서쪽 159km 지역 ,,국내영향없음. 위 자료는 미지질조사소(USGS) 분석결과임.,,=
2,202401011623,2,20240101161000.000,7.4,37.5000,137.2000,일본 도야마현(혼슈) 도야마 북쪽 90km 해역,,국내 일부지역에서 지진동을 느낄수 있음.,,
2,202401031106,9,20240103105400.000,5.5,37.4000,136.9000,일본 도야마현(혼슈) 도야마 북북서쪽 83km 지역,,국내영향없음. 위 자료는 일본기상청(JMA) 분석결과임.,,=
2,202401041724,24,20240104171600.000,5.0,37.8000,137.6000,일본 니이가타현(혼슈) 니이가타 서쪽 125km 해역,,국내영향없음. 위 자료는 일본기상청(JMA) 분석결과임.,,=
2,202401060533,30,20240106052600.000,5.3,37.2000,136.8000,일본 도야마현(혼슈) 도야마 북북서쪽 67km 지역,,국내영향없음. 위 자료는 일본기상청(JMA) 분석결과임.,,=
3,202401062006,34,20240106200239.000,2.4,33.5900,127.2200,전남 여수시 거문도 남쪽 49km 해역,최대진도 Ⅰ,지진피해 없을 것으로 예상됨,,=
2,202401090607,39,20240109054843.000,6.7,4.8600,126.1900,필리핀 제너럴산토스 남동쪽 179km 해역,,국내영향없음. 위 자료는 미지질조사소(USGS) 분석결과임.,,=
2,202401091807,41,20240109175900.000,6.0,37.9000,137.8000,일본 니이가타현(혼슈) 니이가타 서쪽 107km 해역,,국내영향없음. 위 자료는 일본기상청(JMA) 분석결과임.,,=
2,202401111842,50,20240111182026.000,6.4,36.5100,70.6000,아프가니스탄 주름 남남서쪽 44km 지역,,국내영향없음. 위 자료는 미지질조사소(USGS) 분석결과임.,,=
3,202401111947,51,20240111190053.000,2.4,41.3000,129.1600,북한 함경북도 길주 북북서쪽 41km 지역,최대진도 Ⅰ,자연지진으로 분석됨,,=
3,202401130807,55,20240113080302.000,2.4,37.6500,124.6500,인천 옹진군 백령도 남쪽 34km 해역,최대진도 Ⅰ,지진피해 없을 것으로 예상됨,,=
2,202401190729,76,20240119071220.000,6.4,-18.9300,-175.1500,통가 누쿠알로파 북쪽 246km 해역,,국내영향없음. 위 자료는 미지질조사소(USGS) 분석결과임.,,=
2,202401210110,81,20240121004841.000,6.1,18.4800,145.5700,북마리아나제도 사이판 북쪽 364km 해역,,국내영향없음. 위 자료는 미지질조사소(USGS) 분석결과임.,,=
2,202401210654,82,20240121063107.000,6.5,-7.3200,-71.5100,브라질 타라우아카 북서쪽 123km 지역,,국내영향없음. 위 자료는 미지질조사소(USGS) 분석결과임.,,=
2,202401210741,83,20240121070940.000,6.3,-39.9200,46.1200,남서인도양 해령,,국내영향없음. 위 자료는 미지질조사소(USGS) 분석결과임.,,=
2,202401230332,89,20240123030906.000,7.0,41.2900,78.5900,키르기스스탄 카라콜 남쪽 134km 지역,,국내영향없음. 위 자료는 미지질조사소(USGS) 분석결과임.,,=
2,202401230332,89,20240123030904.000,7.0,41.2700,78.6500,중국 신장위구르 아커쑤지구 서쪽 136km 지역,,국내영향없음. 위 자료는 미지질조사소(USGS) 분석결과임.,,=
2,202401230332,89,20240123030904.000,7.0,41.2700,78.6500,중국 신장위구르 아커쑤지구 서쪽 136km 지역,,국내영향없음. 위 자료는 미지질조사소(USGS) 분석결과임.,,=
2,202401230332,89,20240123030904.000,7.0,41.2700,78.6500,중국 신장위구르 아커쑤지구 서쪽 136km 지역,,국내영향없음. 위 자료는 미지질조사소(USGS) 분석결과임.,,=
2,202401232353,92,20240123233346.000,6.3,-18.0000,168.0200,바누아투 포트빌라 남서쪽 43km 해역,,국내영향없음. 위 자료는 미지질조사소(USGS) 분석결과임.,,=
3,202401241243,94,20240124122525.000,2.1,38.8500,125.7600,북한 황해북도 송림 북동쪽 17km 지역,최대진도 Ⅰ,자연지진으로 분석됨,,
3,202401241243,94,20240124122525.000,2.1,38.8500,125.7700,북한 황해북도 송림 북동쪽 17km 지역,최대진도 Ⅰ,자연지진으로 분석됨,,
3,202401241243,94,20240124122525.000,2.1,38.8500,125.7700,북한 황해북도 송림 북동쪽 17km 지역,최대진도 Ⅰ,자연지진으로 분석됨,,
3,202401241916,96,20240124191207.000,2.0,35.7600,129.1900,경북 경주시 남남서쪽 11km 지역,최대진도 Ⅰ,지진피해 없을 것으로 예상됨,,=
2,202401271516,103,20240127145249.000,6.1,14.1100,-90.5200,과테말라 에스쿠인틀라 남동쪽 36km 지역,,국내영향없음. 위 자료는 미지질조사소(USGS) 분석결과임.,,=
2,202401281858,106,20240128183856.000,6.5,-8.2200,-71.3700,브라질 크루제이루두술 동남동쪽 159km 지역,,국내영향없음. 위 자료는 미지질조사소(USGS) 분석결과임.,,=
2,202401290339,110,20240129031122.000,5.2,23.6500,121.2900,대만 화롄 남서쪽 43km 지역,,국내영향없음. 위 자료는 대만기상국(CWB) 분석결과임.,,=
3,202401311743,121,20240131173623.000,3.8,32.5200,125.6500,제주 서귀포시 이어도 북동쪽 62km 해역,최대진도 Ⅱ(제주),지진피해 없을 것으로 예상됨,,=
3,202401311743,121,20240131173623.000,3.8,32.5900,125.5300,제주 서귀포시 이어도 북북동쪽 61km 해역,최대진도 Ⅱ(제주),지진피해 없을 것으로 예상됨,,=
3,202402030226,135,20240203022404.000,2.0,35.9600,127.0000,전북 익산시 동북동쪽 4km 지역,최대진도 Ⅱ(전북),지진피해 없을 것으로 예상됨,,=
2,202402070614,147,20240207060800.000,5.1,37.7000,137.6000,일본 도야마현(혼슈) 도야마 북북동쪽 117km 해역,,국내영향없음. 위 자료는 일본기상청(JMA) 분석결과임.,,=
3,202402080413,150,20240208031544.000,2.3,41.4600,129.2500,북한 함경북도 길주 북쪽 57km 지역,최대진도 Ⅰ,자연지진으로 분석됨,,=
2,202402092023,157,20240209195748.000,6.1,-29.9100,-177.2900,뉴질랜드 타우랑가 북동쪽 1054km 해역,,국내영향없음. 위 자료는 미지질조사소(USGS) 분석결과임.,,=
2,202402122036,164,20240212202000.000,6.3,22.2000,143.0000,일본 시즈오카현(혼슈) 시즈오카 남남동쪽 1490km 해역,,국내영향없음. 위 자료는 일본기상청(JMA) 분석결과임.,,=
2,202402141057,171,20240214103141.000,6.0,-28.9200,-71.5300,칠레 라세레나 북북서쪽 113km 해역,,국내영향없음. 위 자료는 미지질조사소(USGS) 분석결과임.,,=
2,202402142106,174,20240214204021.000,6.0,11.0000,138.6100,미크로네시아 콜로니아 북북동쪽 172km 해역 ,,국내영향없음. 위 자료는 미지질조사소(USGS) 분석결과임.,,=
3,202402150011,175,20240214233300.000,2.2,41.2800,129.1500,북한 함경북도 길주 북북서쪽 39km 지역,최대진도 Ⅰ,자연지진으로 분석됨,,=
2,202402151255,177,20240215124800.000,5.1,37.9000,137.8000,일본 니이가타현(혼슈) 니이가타 서쪽 107km 해역,,국내영향없음. 위 자료는 일본기상청(JMA) 분석결과임.,,=
2,202402151539,178,20240215152900.000,5.0,37.6000,137.6000,일본 도야마현(혼슈) 도야마 북북동쪽 106km 해역,,국내영향없음. 위 자료는 일본기상청(JMA) 분석결과임.,,=
2,202402231129,204,20240223105112.000,6.3,-35.1200,-110.7900,칠레 볼디비아 서쪽 3330km 해역,,국내영향없음. 위 자료는 미지질조사소(USGS) 분석결과임.,,=
2,202402261533,218,20240226152400.000,5.1,33.6000,132.5000,일본 에히메현 마쓰야마시 남서쪽 36km 지역,,국내영향없음. 위 자료는 일본기상청(JMA) 분석결과임.,,=
2,202403020154,233,20240302014900.000,5.0,35.3000,140.3000,일본 지바현 지바시 남남동쪽 38km 지역,,국내영향없음. 위 자료는 일본기상청(JMA) 분석결과임.,,=
3,202403030857,238,20240303085339.000,2.8,35.0900,125.0900,전남 신안군 흑산도 북북서쪽 56km 해역,최대진도 Ⅰ,지진피해 없을 것으로 예상됨,,=
2,202403040141,241,20240304011657.000,6.7,-59.3400,158.8600,호주 매쿼리섬 남쪽 520km 해역,,국내영향없음. 위 자료는 미지질조사소(USGS) 분석결과임.,,=
2,202403081830,253,20240308181146.000,6.0,5.8200,126.8800,필리핀 마티 남남동쪽 146km 해역,,국내영향없음. 위 자료는 미지질조사소(USGS) 분석결과임.,,=
2,202403140038,270,20240314001323.000,6.0,-5.8700,150.6300,파푸아뉴기니 킴베 동남동쪽 65km 지역,,국내영향없음. 위 자료는 미지질조사소(USGS) 분석결과임.,,=
2,202403150636,275,20240315061025.000,6.0,29.8300,-42.6600,북대서양 중앙 해령,,국내영향없음. 위 자료는 미지질조사소(USGS) 분석결과임.,,=
3,202403152322,280,20240315223542.000,2.2,41.3000,129.1900,북한 함경북도 길주 북북서쪽 40km 지역,최대진도 Ⅰ,자연지진으로 분석됨,,=
3,202403152322,280,20240315223542.000,2.2,41.3000,129.2000,북한 함경북도 길주 북북서쪽 40km 지역,최대진도 Ⅰ,자연지진으로 분석됨,,=
2,202403210913,296,20240321090800.000,5.3,36.1000,139.9000,일본 사이타마현 고시가야시 북북동쪽 25km 지역,,국내영향없음. 위 자료는 일본기상청(JMA) 분석결과임.,,=
2,202403212008,300,20240321194953.000,5.3,24.0800,121.5300,대만 화롄현 북북서쪽 14km 지역,,국내영향없음. 위 자료는 대만기상국(CWB) 분석결과임.,,=
3,202403220810,302,20240322080555.000,2.4,33.6800,125.1500,전남 신안군 흑산도 남남서쪽 113km 해역,최대진도 Ⅰ,지진피해 없을 것으로 예상됨,,=
2,202403221814,303,20240322175258.000,6.4,-5.8700,112.3600,인도네시아 수라바야 북북서쪽 159km 해역,,국내영향없음. 위 자료는 미지질조사소(USGS) 분석결과임.,,=
2,202403240543,307,20240324052204.000,6.9,-4.1400,143.1000,파푸아뉴기니 포트모르즈비 북서쪽 742km 지역,,국내영향없음. 위 자료는 미지질조사소(USGS) 분석결과임.,,=
3,202403252120,315,20240325211645.000,2.1,35.1100,125.0700,전남 신안군 흑산도 북북서쪽 58km 해역,최대진도 Ⅰ,지진피해 없을 것으로 예상됨,,=
3,202403271031,319,20240327094310.000,2.9,41.3100,129.1300,북한 함경북도 길주 북북서쪽 43km 지역,최대진도 Ⅰ,자연지진으로 분석됨,,
3,202403271031,319,20240327094310.000,2.9,41.2900,129.1900,북한 함경북도 길주 북북서쪽 39km 지역,최대진도 Ⅰ,자연지진으로 분석됨,,
3,202403271031,319,20240327094506.000,2.5,41.3000,129.1500,북한 함경북도 길주 북북서쪽 41km 지역,최대진도 Ⅰ,자연지진으로 분석됨,,=
2,202403271051,320,20240327102818.000,6.4,-21.0300,173.7700,피지 수바 남서쪽 587km 해역,,국내영향없음. 위 자료는 미지질조사소(USGS) 분석결과임.,,=
3,202403271156,321,20240327111427.000,2.7,41.3100,129.1200,북한 함경북도 길주 북북서쪽 43km 지역,최대진도 Ⅰ,자연지진으로 분석됨,,=
2,202404020432,344,20240402042400.000,6.1,40.1000,141.7000,일본 이와테현 모리오카시 북동쪽 64km 지역,,국내영향없음. 위 자료는 일본기상청(JMA) 분석결과임.,,=
2,202404021910,347,20240402185408.000,6.3,15.7400,147.2300,북마리아나 제도 사이판 동북동쪽 169km 해역 ,,국내영향없음. 위 자료는 미지질조사소(USGS) 분석결과임.,,=
2,202404030912,350,20240403085809.000,7.2,23.7700,121.6700,대만 화롄현 남남동쪽 23km 해역,,위 자료는 대만기상국(CWB) 분석결과임.,,=
2,202404031134,351,20240403111435.000,6.2,24.1500,121.9300,대만 화롄현 동북동쪽 38km 해역,,국내영향없음. 위 자료는 대만기상국(CWB) 분석결과임.,,=
2,202404041222,355,20240404121600.000,6.0,37.7000,141.9000,일본 미야기현 센다이시 남동쪽 110km 해역,,국내영향없음. 위 자료는 일본기상청(JMA) 분석결과임.,,=
2,202404051417,361,20240405135051.000,5.4,24.1300,121.6800,대만 화롄현 북북동쪽 19km 해역,,국내영향없음. 위 자료는 대만기상청(CWA) 분석결과임.,,=
2,202404052025,363,20240405200317.000,6.8,19.0900,145.3600,괌 데데도 북쪽 622km 해역,,국내영향없음. 위 자료는 미지질조사소(USGS) 분석결과임.,,=
2,202404090937,378,20240409090252.000,6.0,-1.6800,134.4400,인도네시아 서파푸아주 마노콰리 남남동쪽 101km 해역,,국내영향없음. 위 자료는 미지질조사소(USGS) 분석결과임.,,=
2,202404091904,379,20240409184804.000,6.6,2.7400,127.1500,인도네시아 북말루쿠 트르나테 북쪽 218km 해역,,국내영향없음. 위 자료는 미지질조사소(USGS) 분석결과임.,,=
3,202404101559,382,20240410153046.000,2.9,39.4400,125.8800,북한 평안남도 평성 북쪽 22km 지역,최대진도 Ⅰ,자연지진으로 분석됨,,=
2,202404150616,396,20240415055629.000,6.5,-5.8500,151.0800,파푸아뉴기니 킴베 동남동쪽 110km 지역,,국내영향없음. 위 자료는 미지질조사소(USGS) 분석결과임.,,=
2,202404172320,407,20240417231400.000,6.4,33.2000,132.4000,일본 오이타현 오이타시 동쪽 74km 해역,,국내 일부지역에서 지진동을 느낄수 있음.,,
14,202404192328,414,20240419232754.000,4.0,34.9800,129.7000,일본 나가사키현 대마도 북북동쪽 95km 해역,최대진도 Ⅲ(경남,부산,울산),Ⅱ(경북
3,202404192333,416,20240419232754.000,3.9,35.0100,129.6400,일본 나가사키현 대마도 북북동쪽 96km 해역,최대진도 Ⅱ(경남,경북,대구,부산
2,202404220201,427,20240422013552.000,5.3,24.2000,121.6700,대만 화롄현 북북동쪽 26km 해역,,국내영향없음. 위 자료는 대만기상청(CWA) 분석결과임.,,=
3,202404220750,429,20240422074719.000,2.6,36.0000,128.3500,경북 칠곡군 서쪽 5km 지역,최대진도 Ⅴ(경북),Ⅱ(경남,충북),지진 발생 인근 지역은 지진동을 느낄 수 있음. 안전에 유의하기 바람.
2,202404221816,430,20240422180839.000,5.5,23.7600,121.5500,대만 화롄현 남남서쪽 24km 지역,,국내영향없음. 위 자료는 대만기상청(CWA) 분석결과임.,,=
3,202404221851,432,20240422184751.000,2.0,33.3100,127.1000,제주 서귀포시 동쪽 51km 해역,최대진도 Ⅰ,지진피해 없을 것으로 예상됨,,=
2,202404221958,433,20240422194622.000,5.4,23.7700,121.5300,대만 화롄현 남남서쪽 24km 지역,,국내영향없음. 위 자료는 대만기상청(CWA) 분석결과임.,,=
2,202404222008,434,20240422195032.000,5.7,23.7500,121.5100,대만 화롄현 남남서쪽 27km 지역,,국내영향없음. 위 자료는 대만기상청(CWA) 분석결과임.,,=
2,202404222226,436,20240422221339.000,5.3,23.7100,121.5300,대만 화롄현 남남서쪽 30km 지역,,국내영향없음. 위 자료는 대만기상청(CWA) 분석결과임.,,=
2,202404222320,437,20240422231124.000,5.9,23.7700,121.5200,대만 화롄현 남남서쪽 24km 지역,,국내영향없음. 위 자료는 대만기상청(CWA) 분석결과임.,,=
2,202404230334,438,20240423032651.000,6.0,23.7200,121.6600,대만 화롄현 남쪽 29km 해역,,국내영향없음. 위 자료는 대만기상청(CWA) 분석결과임.,,=
2,202404230350,439,20240423033249.000,6.3,23.8500,121.5400,대만 화롄현 남남서쪽 15km 지역,,국내영향없음. 위 자료는 대만기상청(CWA) 분석결과임.,,=
2,202404230623,440,20240423060421.000,5.5,23.7100,121.5100,대만 화롄현 남남서쪽 31km 지역,,국내영향없음. 위 자료는 대만기상청(CWA) 분석결과임.,,=
2,202404231057,442,20240423104546.000,5.4,23.8100,121.5700,대만 화롄현 남남서쪽 18km 지역,,국내영향없음. 위 자료는 대만기상청(CWA) 분석결과임.,,=
2,202404231131,443,20240423112100.000,5.4,23.8500,121.5500,대만 화롄현 남남서쪽 15km 지역,,국내영향없음. 위 자료는 대만기상청(CWA) 분석결과임.,,=
2,202404242046,448,20240424204000.000,5.0,36.5000,140.6000,일본 이바라키현 미토시 북동쪽 19km 지역,,국내영향없음. 위 자료는 일본기상청(JMA) 분석결과임.,,=
2,202404270332,456,20240427032124.000,6.1,24.1900,121.6800,대만 화롄현 북북동쪽 25km 해역,,국내영향없음. 위 자료는 대만기상청(CWA) 분석결과임.,,=
2,202404270402,457,20240427034929.000,5.8,24.2500,121.6900,대만 화롄현 북북동쪽 32km 지역,,국내영향없음. 위 자료는 대만기상청(CWA) 분석결과임.,,=
2,202404270427,458,20240427041328.000,5.0,24.2100,121.6600,대만 화롄현 북북동쪽 27km 지역,,국내영향없음. 위 자료는 대만기상청(CWA) 분석결과임.,,=
2,202404270752,459,20240427072337.000,6.0,-37.0400,78.1800,인도양 중앙해령,,국내영향없음. 위 자료는 미지질조사소(USGS) 분석결과임.,,=
2,202404271743,461,20240427173600.000,6.9,27.9000,140.0000,일본 시즈오카현 하마마쓰시 남남동쪽 787km 해역,,국내영향없음. 위 자료는 일본기상청(JMA) 분석결과임.,,=
2,202404280155,464,20240428012951.000,6.1,-8.1100,107.2700,인도네시아 반자르 남쪽 102km 해역 ,,국내영향없음. 위 자료는 미지질조사소(USGS) 분석결과임.,,=
3,202404281037,467,20240428103343.000,2.2,35.6100,128.2800,경남 합천군 동북동쪽 11km 지역,최대진도 Ⅲ(경남),Ⅱ(경북,대구),지진 발생 인근 지역은 지진동을 느낄 수 있음. 안전에 유의하기 바람.
2,202404281306,468,20240428124300.000,4.4,38.2700,122.9600,중국 랴오닝성 다롄시 동남동쪽 137km 해역,,국내 일부지역에서 지진동을 느낄수 있음.,,
2,202404290301,472,20240429024021.000,5.0,24.1500,121.6600,대만 화롄현 북북동쪽 21km 지역,,국내영향없음. 위 자료는 대만기상청(CWA) 분석결과임.,,=
3,202404300239,476,20240430015446.000,2.5,41.3000,129.1400,북한 함경북도 길주 북북서쪽 41km 지역,최대진도 Ⅰ,자연지진으로 분석됨,,=
2,202405060352,495,20240506033310.000,6.2,-3.3100,130.9800,인도네시아 소롱 남쪽 273km 해역,,국내영향없음. 위 자료는 미지질조사소(USGS) 분석결과임.,,=
3,202405080111,503,20240508005000.000,2.2,38.8000,126.1700,북한 황해북도 연산 남서쪽 11km 지역,최대진도 Ⅰ,자연지진으로 분석됨,,=
2,202405081739,505,20240508171715.000,6.1,-15.1400,168.0000,바누아투 루간빌 동북동쪽 99km 해역,,국내영향없음. 위 자료는 미지질조사소(USGS) 분석결과임.,,=
3,202405090627,508,20240509054125.000,2.2,41.3200,129.1800,북한 함경북도 길주 북북서쪽 42km 지역,최대진도 Ⅰ,자연지진으로 분석됨,,=
2,202405122109,525,20240512203914.000,6.4,14.4500,-92.3600,멕시코 치아파스 타파출라 남남서쪽 52km 해역,,국내영향없음. 위 자료는 미지질조사소(USGS) 분석결과임.,,=
2,202405191856,550,20240519183525.000,6.0,52.2200,-170.9400,미국 앵커리지 남서쪽 1609km 해역,,국내영향없음. 위 자료는 미지질조사소(USGS) 분석결과임.,,=
3,202405201035,555,20240520103145.000,2.6,35.6300,129.8300,울산 동구 동북동쪽 40km 해역,최대진도 Ⅰ,지진피해 없을 것으로 예상됨,,=
2,202405210947,558,20240521093900.000,6.0,26.2000,141.5000,일본 시즈오카현 하마마쓰시 남남동쪽 1013km 해역,,국내영향없음. 위 자료는 일본기상청(JMA) 분석결과임.,,=
3,202405221308,561,20240522122919.000,2.3,41.2700,129.0600,북한 함경북도 길주 북북서쪽 42km 지역,최대진도 Ⅰ,자연지진으로 분석됨,,=
2,202405260747,571,20240526072316.000,6.3,-17.1100,167.8800,바누아투 포트빌라 북북서쪽 83km 해역,,국내영향없음. 위 자료는 미지질조사소(USGS) 분석결과임.,,=
2,202405270607,574,20240527054709.000,6.6,-19.3800,-174.8700,통가 누쿠알로파 북쪽 199km 해역,,국내영향없음. 위 자료는 미지질조사소(USGS) 분석결과임.,,=
3,202405310338,590,20240531033502.000,2.8,38.1300,127.0900,경기 연천군 북북동쪽 4km 지역,최대진도 Ⅲ(경기),Ⅱ(강원),지진 발생 인근 지역은 지진동을 느낄 수 있음. 안전에 유의하기 바람.,
3,202406010057,594,20240601005341.000,2.4,36.2400,128.2000,경북 김천시 북동쪽 14km 지역,최대진도 Ⅱ(경북,전북,충북),지진피해 없을 것으로 예상됨
2,202406010113,595,20240601004609.000,6.3,-43.2700,41.6700,남아프리카공화국 이스트런던 남동쪽 1648km 해역,,국내영향없음. 위 자료는 미지질조사소(USGS) 분석결과임.,,=
2,202406010128,596,20240601005441.000,6.2,-28.9700,-176.8700,뉴질랜드 타우랑가 북동쪽 1164km 해역,,국내영향없음. 위 자료는 미지질조사소(USGS) 분석결과임.,,=
2,202406010218,597,20240601021059.000,5.5,24.0700,121.5700,대만 화롄현 북북서쪽 11km 지역,,국내영향없음. 위 자료는 대만기상청(CWA) 분석결과임.,,=
3,202406011256,599,20240601115528.000,2.1,41.3300,129.1700,북한 함경북도 길주 북북서쪽 44km 지역,최대진도 Ⅰ,자연지진으로 분석됨,,=
3,202406030229,604,20240603022511.000,2.5,38.2400,128.6900,강원 속초시 동북동쪽 9km 해역,최대진도 Ⅲ(강원),지진 발생 인근 지역은 지진동을 느낄 수 있음. 안전에 유의하기 바람.,,=
2,202406030638,605,20240603063100.000,5.9,37.5000,137.3000,일본 도야마현 도야마시 북쪽 90km 해역,,국내영향없음. 위 자료는 일본기상청(JMA) 분석결과임.,,=
3,202406082332,623,20240608230437.000,2.2,38.8700,129.1800,북한 강원 회양 동쪽 138km 해역,최대진도 Ⅰ,자연지진으로 분석됨,,
3,202406091520,627,20240609151614.000,2.1,33.4000,125.1000,제주 제주시 서쪽 133km 해역,최대진도 Ⅰ,지진피해 없을 것으로 예상됨,,=
2,202406091931,628,20240609185549.000,6.2,-53.8600,-133.9900,뉴질랜드 더니든 동남동쪽 3968km 해역,,국내영향없음. 위 자료는 미지질조사소(USGS) 분석결과임.,,=
14,202406120827,638,20240612082649.000,4.7,35.7000,126.7100,전북 부안군 남남서쪽 4km 지역,최대진도 Ⅶ(전북),Ⅳ(광주,전남,충남)
3,202406120832,639,20240612082649.000,4.8,35.7000,126.7200,전북 부안군 남남서쪽 4km 지역,최대진도 Ⅴ(전북),Ⅳ(전남),Ⅲ(경남,경북
3,202406121359,644,20240612135542.000,3.1,35.7000,126.7300,전북 부안군 남쪽 4km 지역,최대진도 Ⅳ(전북),Ⅱ(경남,대전,전남
2,202406161017,656,20240616092756.000,6.0,-61.0000,154.2600,뉴질랜드 더니든 남남서쪽 1984km 해역,,국내영향없음. 위 자료는 미지질조사소(USGS) 분석결과임.,,=
2,202406170008,658,20240616234731.000,6.0,-15.9200,-74.5400,페루 이카 남남동쪽 242km 해역,,국내영향없음. 위 자료는 미지질조사소(USGS) 분석결과임.,,=
3,202406221352,679,20240622134900.000,2.0,32.9700,126.2800,제주 서귀포시 남서쪽 41km 해역,최대진도 Ⅰ,지진피해 없을 것으로 예상됨,,=
2,202406231320,683,20240623125800.000,6.0,10.7500,-62.6300,베네수엘라 카루파노 동쪽 69km 해역,,국내영향없음. 위 자료는 미지질조사소(USGS) 분석결과임.,,=
2,202406241725,689,20240624170338.000,6.3,-14.6100,167.2500,바누아투 포트올리 북북동쪽 51km 해역,,국내영향없음. 위 자료는 미지질조사소(USGS) 분석결과임.,,=
3,202406270345,697,20240627030440.000,2.1,39.5600,127.0400,북한 함경남도 금야 서쪽 17km 지역,최대진도 Ⅰ,자연지진으로 분석됨,,
2,202406281455,704,20240628143637.000,7.2,-15.8100,-74.4500,페루 이카 남동쪽 237km 해역,,국내영향없음. 위 자료는 미지질조사소(USGS) 분석결과임.,,=
2,202406291551,707,20240629153902.000,5.4,25.4500,122.5200,대만 지룽시 동북동쪽 87km 해역,,국내영향없음. 위 자료는 대만기상청(CWA) 분석결과임.,,=
2,202406291626,708,20240629160533.000,6.1,-16.1200,-74.5800,페루 이카 남남동쪽 259km 해역,,국내영향없음. 위 자료는 미지질조사소(USGS) 분석결과임.,,=
3,202407031428,723,20240703142443.000,2.3,35.7000,126.7200,전북 부안군 남남서쪽 4km 지역,최대진도 Ⅱ(전북),지진피해 없을 것으로 예상됨,,=
2,202407041219,728,20240704121200.000,5.4,35.2000,140.5000,일본 지바현 지바시 남동쪽 58km 해역,,국내영향없음. 위 자료는 일본기상청(JMA) 분석결과임.,,=
3,202407060222,736,20240706021915.000,2.4,36.5100,128.8500,경북 안동시 동남동쪽 13km 지역,최대진도 Ⅲ(경북),지진 발생 인근 지역은 지진동을 느낄 수 있음. 안전에 유의하기 바람.,,=
2,202407080512,744,20240708050200.000,6.3,27.1000,139.0000,일본 시즈오카현 하마마쓰시 남쪽 855km 해역,,국내영향없음. 위 자료는 일본기상청(JMA) 분석결과임.,,=
2,202407101417,752,20240710135543.000,6.7,-53.3100,25.3100,남아프리카공화국 포트엘리자베스 남쪽 2156km 해역,,국내영향없음. 위 자료는 미지질조사소(USGS) 분석결과임.,,=
2,202407111135,757,20240711111317.000,7.1,6.0700,123.1600,필리핀 잠보앙가 남동쪽 152km 해역,,국내영향없음. 위 자료는 미지질조사소(USGS) 분석결과임.,,=
2,202407120036,760,20240712000847.000,6.4,48.8100,-128.7300,캐나다 빅토리아 서쪽 396km 해역,,국내영향없음. 위 자료는 미지질조사소(USGS) 분석결과임.,,=
2,202407191105,788,20240719105046.000,7.3,-23.1200,-67.8700,칠레 카라마 남동쪽 131km 지역,,국내영향없음. 위 자료는 미지질조사소(USGS) 분석결과임.,,=
2,202407191231,789,20240719121348.000,6.0,52.1300,-170.9300,미국 앵커리지 서남서쪽 1622km 해역,,국내영향없음. 위 자료는 미지질조사소(USGS) 분석결과임.,,=
2,202407211217,795,20240721115348.000,6.2,14.5600,-89.9700,과테말라 과테말라시티 동쪽 59km 지역,,국내영향없음. 위 자료는 미지질조사소(USGS) 분석결과임.,,=
2,202407221424,799,20240722140413.000,6.0,-15.5100,168.0900,바누아투 포트빌라 북쪽 249km 해역 ,,국내영향없음. 위 자료는 미지질조사소(USGS) 분석결과임.,,=
2,202407261133,816,20240726112400.000,5.1,24.1400,121.6800,대만 화롄현 북북동쪽 20km 해역,,국내영향없음. 위 자료는 대만기상청(CWA) 분석결과임.,,=
3,202407262258,820,20240726225237.000,2.6,35.5600,125.1400,전북 군산시 어청도 남서쪽 98km 해역,최대진도 Ⅰ,지진피해 없을 것으로 예상됨,,=
3,202407262258,820,20240726225237.000,2.6,35.5700,125.1400,전북 군산시 어청도 남서쪽 97km 해역,최대진도 Ⅰ,지진피해 없을 것으로 예상됨,,=
3,202407271333,822,20240727125057.000,2.9,41.3000,129.1300,북한 함경북도 길주 북북서쪽 42km 지역,최대진도 Ⅰ,자연지진으로 분석됨,,=
3,202407292224,832,20240729215642.000,2.3,38.7800,125.8900,북한 황해북도 송림 동북동쪽 23km 지역,최대진도 Ⅰ,자연지진으로 분석됨,,
2,202407292239,833,20240729220712.000,6.0,-20.3700,-173.9600,통가 누쿠알로파 동북동쪽 154km 해역,,국내영향없음. 위 자료는 미지질조사소(USGS) 분석결과임.,,=
3,202408010858,841,20240801083412.000,3.0,38.7600,125.8900,북한 황해북도 송림 동쪽 22km 지역,최대진도 Ⅰ,자연지진으로 분석됨,,
3,202408011301,845,20240801125008.000,2.6,38.7700,125.8900,북한 황해북도 송림 동쪽 22km 지역,최대진도 Ⅰ,자연지진으로 분석됨,,
2,202408030743,853,20240803072300.000,6.8,8.1900,126.6100,필리핀 마거그포 북동쪽 121km 해역,,국내영향없음. 위 자료는 미지질조사소(USGS) 분석결과임.,,=
3,202408040030,856,20240804002710.000,2.7,34.7900,124.6600,전남 신안군 흑산도 서쪽 71km 해역,최대진도 Ⅰ,지진피해 없을 것으로 예상됨,,=
2,202408081655,869,20240808164300.000,6.9,31.8000,131.7000,일본 미야자키현 미야자키시 동남동쪽 30km 해역,,국내 일부지역에서 지진동을 느낄수 있음.,,
2,202408092003,872,20240809195700.000,5.3,35.4000,139.2000,일본 가나가와현 후지사와시 서북서쪽 25km 지역,,국내영향없음. 위 자료는 일본기상청(JMA) 분석결과임.,,=
2,202408101240,874,20240810122900.000,6.8,47.4000,145.6000,일본 홋카이도 아사히카와시 북북동쪽 476km 해역,,국내영향없음. 위 자료는 일본기상청(JMA) 분석결과임.,,=
2,202408160845,892,20240816083553.000,6.3,23.7400,121.8200,대만 화롄현 남동쪽 34km 해역,,국내영향없음. 위 자료는 대만기상청(CWA) 분석결과임.,,=
2,202408180425,898,20240818041029.000,7.4,52.7000,160.1000,러시아 캄차카반도 페트로파블롭스크-캄차츠키 동남동쪽 107km 해역 ,,국내영향없음. 위 자료는 미지질조사소(USGS) 분석결과임.,,=
2,202408190058,905,20240819005000.000,5.1,36.7000,140.6000,일본 이바라키현 미토시 북북동쪽 39km 지역,,국내영향없음. 위 자료는 일본기상청(JMA) 분석결과임.,,=
3,202408230145,919,20240823014216.000,2.1,36.9600,126.3100,충남 서산시 북북서쪽 23km 해역,최대진도 Ⅰ,지진피해 없을 것으로 예상됨,,=
3,202408252334,930,20240825232810.000,3.0,37.9000,129.6000,강원 동해시 북동쪽 60km 해역,최대진도 Ⅱ(강원),지진피해 없을 것으로 예상됨,,=
3,202408252334,930,20240825232810.000,2.4,37.8700,129.5100,강원 동해시 북동쪽 52km 해역,최대진도 Ⅱ(강원),지진피해 없을 것으로 예상됨,,=
3,202408252334,930,20240825232819.000,3.0,37.8600,129.5200,강원 동해시 북동쪽 52km 해역,최대진도 Ⅱ(강원),지진피해 없을 것으로 예상됨,,=
2,202408260850,932,20240826082908.000,6.9,-19.7600,-175.0400,통가 누쿠알로파 북쪽 155km 해역,,국내영향없음. 위 자료는 미지질조사소(USGS) 분석결과임.,,=
3,202408270051,935,20240827001521.000,2.7,41.2800,129.0900,북한 함경북도 길주 북북서쪽 41km 지역,최대진도 Ⅰ,자연지진으로 분석됨,,=
3,202408272306,940,20240827230224.000,2.2,37.8700,129.5400,강원 동해시 북동쪽 54km 해역,최대진도 Ⅰ,지진피해 없을 것으로 예상됨,,=
2,202408290729,944,20240829065756.000,6.1,13.0000,-89.5600,엘살바도르 산타테클라 남남서쪽 81km 해역,,국내영향없음. 위 자료는 미지질조사소(USGS) 분석결과임.,,=
3,202408292026,950,20240829202355.000,2.4,35.6600,129.7500,울산 동구 동북동쪽 35km 해역,최대진도 Ⅰ,지진피해 없을 것으로 예상됨,,=
2,202408301350,952,20240830132423.000,6.0,52.9700,160.3700,러시아 캄차카반도 페트로파블롭스크-캄차츠키 동쪽 115km 해역,,국내영향없음. 위 자료는 미지질조사소(USGS) 분석결과임.,,=
3,202409011349,959,20240901134621.000,2.4,37.8600,129.5200,강원 동해시 북동쪽 52km 해역,최대진도 Ⅰ,지진피해 없을 것으로 예상됨,,=
2,202409020535,962,20240902051335.000,6.4,-6.8300,155.5000,파푸아뉴기니 부건빌 아라와 남쪽 67km 해역,,국내영향없음. 위 자료는 미지질조사소(USGS) 분석결과임.,,=
2,202409051030,971,20240905100316.000,6.2,-3.4900,144.2500,파푸아뉴기니 마당 북서쪽 258km 해역,,국내영향없음. 위 자료는 미지질조사소(USGS) 분석결과임.,,=
2,202409080814,980,20240908073907.000,6.0,-21.2900,-173.7200,통가 누쿠알로파 동쪽 155km 해역,,국내영향없음. 위 자료는 미지질조사소(USGS) 분석결과임.,,=
3,202409110227,991,20240911022434.000,2.7,37.1100,125.4500,충남 태안군 서격렬비도 북쪽 56km 해역,최대진도 Ⅱ(인천),지진피해 없을 것으로 예상됨,,=
2,202409120211,994,20240912014604.000,6.3,-3.2700,146.3600,파푸아뉴기니 마당 북북동쪽 226km 해역 ,,국내영향없음. 위 자료는 미지질조사소(USGS) 분석결과임.,,=
3,202409121929,997,20240912192510.000,2.7,36.4100,128.7600,경북 의성군 북동쪽 8km 지역,최대진도 Ⅲ(경북),지진 발생 인근 지역은 지진동을 느낄 수 있음. 안전에 유의하기 바람.,,=
3,202409121951,998,20240912191946.000,2.9,39.9000,126.5600,북한 평안남도 덕천 북동쪽 27km 지역,최대진도 Ⅰ,자연지진으로 분석됨,,=
3,202409122350,1000,20240912234719.000,2.6,35.4600,128.4300,경남 창녕군 남남서쪽 11km 지역,최대진도 Ⅲ(경남),Ⅱ(경북,대구,부산)
3,202409132202,1003,20240913215804.000,2.3,35.4700,124.5400,전남 신안군 흑산도 북서쪽 120km 해역,최대진도 Ⅰ,지진피해 없을 것으로 예상됨,,=
2,202409160738,1009,20240916072248.000,6.5,51.6800,-130.6300,캐나다 프린스루퍼트 남쪽 294km 해역 ,,국내영향없음. 위 자료는 미지질조사소(USGS) 분석결과임.,,=
2,202409162058,1013,20240916203635.000,6.3,17.1400,147.1800,북마리아나 제도 사이판 북동쪽 262km 해역,,국내영향없음. 위 자료는 미지질조사소(USGS) 분석결과임.,,=
3,202409181253,1017,20240918124753.000,2.7,35.6800,124.4600,충남 태안군 서격렬비도 남서쪽 142km 해역,최대진도 Ⅰ,지진피해 없을 것으로 예상됨,,=
3,202409181253,1017,20240918124753.000,2.7,35.7300,124.3500,충남 태안군 서격렬비도 남서쪽 145km 해역,최대진도 Ⅰ,지진피해 없을 것으로 예상됨,,=
3,202409191951,1020,20240919194118.000,3.9,40.5400,126.7500,북한 자강도 용림 동북동쪽 7km 지역,최대진도 Ⅰ,자연지진으로 분석됨,,=
3,202409191951,1020,20240919194118.000,3.8,40.3100,126.8800,북한 평안남도 대흥 북쪽 25km 지역,최대진도 Ⅰ,자연지진으로 분석됨,,=
3,202409192213,1021,20240919213917.000,2.2,40.1900,126.8800,북한 평안남도 대흥 북북서쪽 12km 지역,최대진도 Ⅰ,자연지진으로 분석됨,,=
2,202409220650,1026,20240922062427.000,6.0,-31.9200,-66.7900,아르헨티나 산루이스 북북서쪽 159km 지역,,국내영향없음. 위 자료는 미지질조사소(USGS) 분석결과임.,,=
3,202409222026,1031,20240922202338.000,2.2,35.5900,129.5000,울산 동구 북동쪽 12km 해역,최대진도 Ⅱ(울산),지진피해 없을 것으로 예상됨,,=
2,202409240510,1036,20240924045103.000,6.0,-0.1000,122.8900,인도네시아 고론탈로 남남서쪽 73km 해역,,국내영향없음. 위 자료는 미지질조사소(USGS) 분석결과임.,,=
3,202409240707,1038,20240924070528.000,2.2,35.2200,128.6300,경남 창원시 의창구 남남서쪽 4km 지역,최대진도 Ⅲ(경남),Ⅱ(부산),지진 발생 인근 지역은 지진동을 느낄 수 있음. 안전에 유의하기 바람.,
2,202409240836,1040,20240924081400.000,5.9,31.4000,140.0000,일본 시즈오카현 하마마쓰시 남남동쪽 425km 해역,,국내영향없음. 위 자료는 일본기상청(JMA) 분석결과임.,,=
3,202409261139,1052,20240926110050.000,2.9,40.3200,126.8600,북한 자강도 용림 남동쪽 26km 지역,최대진도 Ⅰ,자연지진으로 분석됨,,=
3,202409261139,1052,20240926110050.000,2.8,40.2000,126.8900,북한 평안남도 대흥 북북서쪽 13km 지역,최대진도 Ⅰ,자연지진으로 분석됨,,=
2,202409270448,1055,20240927041928.000,6.3,-17.1900,66.5500,모리셔스 포트루이스 동북동쪽 1009km 해역,,국내영향없음. 위 자료는 미지질조사소(USGS) 분석결과임.,,=
3,202409281649,1060,20240928164519.000,2.2,36.7300,128.9000,경북 안동시 북동쪽 24km 지역,최대진도 Ⅱ(경북),지진피해 없을 것으로 예상됨,,=
3,202410011137,1073,20241001113330.000,2.1,33.6200,126.9400,제주 제주시 동북동쪽 40km 해역,최대진도 Ⅰ,지진피해 없을 것으로 예상됨,,=
2,202410011850,1074,20241001182805.000,6.1,-6.0000,124.9200,인도네시아 바우바우 동남동쪽 262km 해역,,국내영향없음. 위 자료는 미지질조사소(USGS) 분석결과임.,,=
2,202410020521,1076,20241002050533.000,6.6,-19.4100,-172.7300,통가 누쿠알로파 북동쪽 322km 해역,,국내영향없음. 위 자료는 미지질조사소(USGS) 분석결과임.,,=
3,202410041411,1084,20241004132330.000,2.3,41.2700,129.1100,북한 함경북도 길주 북북서쪽 39km 지역,최대진도 Ⅰ,자연지진으로 분석됨,,=
3,202410042213,1087,20241004220858.000,2.1,36.0800,125.4200,전북 군산시 어청도 서쪽 50km 해역,최대진도 Ⅰ,지진피해 없을 것으로 예상됨,,=
3,202410071511,1095,20241007150938.000,2.2,35.6700,129.6300,울산 북구 동북동쪽 26km 해역,최대진도 Ⅰ,지진피해 없을 것으로 예상됨,,=
2,202410130305,1108,20241013024345.000,6.2,10.5400,-86.1300,코스타리카 라이베리아 서쪽 76km 해역 ,,국내영향없음. 위 자료는 미지질조사소(USGS) 분석결과임.,,=
3,202410160058,1116,20241016005554.000,2.1,36.2700,126.7100,충남 부여군 서쪽 18km 지역,최대진도 Ⅱ(충남),지진피해 없을 것으로 예상됨,,=
2,202410161707,1120,20241016164632.000,6.0,38.3100,38.8300,튀르키예 말라티아 동쪽 45km 지역,,국내영향없음. 위 자료는 미지질조사소(USGS) 분석결과임.,,=
3,202410211642,1135,20241021153307.000,2.2,41.2900,129.2000,북한 함경북도 길주 북북서쪽 39km 지역,최대진도 Ⅰ,자연지진으로 분석됨,,=
3,202410220227,1138,20241022014705.000,2.1,41.2700,129.2000,북한 함경북도 길주 북북서쪽 37km 지역,최대진도 Ⅰ,자연지진으로 분석됨,,=
3,202410231758,1150,20241023175617.000,2.5,35.9900,128.3500,경북 칠곡군 서쪽 5km 지역,최대진도 Ⅳ(경북),Ⅱ(경남,대구),지진 발생 인근 지역은 지진동을 느낄 수 있음. 안전에 유의하기 바람.
2,202410240002,1152,20241023233805.000,6.2,49.4000,155.7000,러시아 캄차카반도 페트로파블롭스크-캄차츠키 남남서쪽 452km 해역,,국내영향없음. 위 자료는 미지질조사소(USGS) 분석결과임.,,=
3,202410260337,1163,20241026033250.000,2.2,33.4200,125.8000,제주 제주시 서쪽 68km 해역,최대진도 Ⅰ,지진피해 없을 것으로 예상됨,,=
2,202410271930,1168,20241027192145.000,5.3,24.0100,121.6300,대만 화롄현 북북동쪽 5km 지역,,국내영향없음. 위 자료는 대만기상청(CWA) 분석결과임.,,=
3,202410281456,1178,20241028141144.000,2.3,41.2900,129.2000,북한 함경북도 길주 북북서쪽 39km 지역,최대진도 Ⅰ,자연지진으로 분석됨,,=
2,202410302134,1188,20241030211852.000,6.0,-4.4500,150.0900,파푸아뉴기니 킴베 북쪽 123km 해역,,국내영향없음. 위 자료는 미지질조사소(USGS) 분석결과임.,,=
2,202410310537,1189,20241031051519.000,6.0,43.5400,-127.8000,미국 오리건 세일럼 서남서쪽 410km 해역,,국내영향없음. 위 자료는 미지질조사소(USGS) 분석결과임.,,=
3,202411012132,1199,20241101212742.000,2.9,33.4300,127.8600,전남 여수시 거문도 남동쪽 83km 해역,최대진도 Ⅰ,지진피해 없을 것으로 예상됨,,=
3,202411022218,1202,20241102212457.000,2.5,41.2800,129.2100,북한 함경북도 길주 북북서쪽 37km 지역,최대진도 Ⅰ,자연지진으로 분석됨,,=
3,202411030323,1203,20241103031920.000,2.3,33.4100,125.1300,제주 제주시 서쪽 130km 해역,최대진도 Ⅰ,지진피해 없을 것으로 예상됨,,=
3,202411030323,1203,20241103031920.000,2.3,33.4200,125.1500,제주 제주시 서쪽 128km 해역,최대진도 Ⅰ,지진피해 없을 것으로 예상됨,,=
3,202411031220,1207,20241103121644.000,2.0,36.4600,129.6400,경북 영덕군 동북동쪽 25km 해역,최대진도 Ⅰ,지진피해 없을 것으로 예상됨,,=
2,202411070804,1225,20241107075500.000,6.3,25.5000,143.5000,일본 가나가와현 요코스카시 남남동쪽 1145km 해역,,국내영향없음. 위 자료는 일본기상청(JMA) 분석결과임.,,=
3,202411080552,1230,20241108054740.000,2.2,33.4000,125.1400,제주 제주시 서쪽 130km 해역,최대진도 Ⅰ,지진피해 없을 것으로 예상됨,,=
2,202411082058,1235,20241108203757.000,6.3,-46.7900,-76.1700,칠레 푸에르토몬트 남남서쪽 645km 해역,,국내영향없음. 위 자료는 미지질조사소(USGS) 분석결과임.,,=
3,202411091359,1238,20241109132312.000,3.1,41.2700,129.1900,북한 함경북도 길주 북북서쪽 37km 지역,최대진도 Ⅰ,자연지진으로 분석됨,,=
3,202411101432,1242,20241110142755.000,2.3,33.4000,125.1100,제주 제주시 서쪽 132km 해역,최대진도 Ⅰ,지진피해 없을 것으로 예상됨,,=
2,202411110207,1245,20241111014951.000,6.8,19.8100,-76.9600,쿠바 만사니요 남남동쪽 61km 해역,,국내영향없음. 위 자료는 미지질조사소(USGS) 분석결과임.,,=
3,202411140004,1262,20241114000009.000,2.1,33.4000,125.1300,제주 제주시 서쪽 130km 해역,최대진도 Ⅰ,지진피해 없을 것으로 예상됨,,=
3,202411140426,1263,20241114042155.000,2.0,32.6200,125.8000,제주 서귀포시 이어도 북동쪽 80km 해역,최대진도 Ⅰ,지진피해 없을 것으로 예상됨,,=
3,202411140426,1263,20241114042155.000,2.1,32.6400,125.8200,제주 서귀포시 이어도 북동쪽 83km 해역,최대진도 Ⅰ,지진피해 없을 것으로 예상됨,,=
3,202411142251,1268,20241114224815.000,2.0,35.2800,127.4300,전남 구례군 북북서쪽 9km 지역,최대진도 Ⅰ,지진피해 없을 것으로 예상됨,,=
2,202411151446,1271,20241115142829.000,6.6,-4.7000,153.3200,파푸아뉴기니 코코포 동남동쪽 123km 해역,,국내영향없음. 위 자료는 미국지질조사소(USGS) 분석결과임.,,=
2,202411172123,1280,20241117211600.000,6.0,29.0000,131.5000,일본 가고시마현 가고시마시 남남동쪽 303km 해역,,국내영향없음. 위 자료는 일본기상청(JMA) 분석결과임.,,=
2,202411201546,1289,20241120154000.000,5.1,41.0000,141.1000,일본 아오모리현 아오모리시 동북동쪽 37km 해역,,국내영향없음. 위 자료는 일본기상청(JMA) 분석결과임.,,=
2,202411222159,1295,20241122214018.000,5.4,23.2000,120.1800,대만 타이난시 북쪽 24km 지역,,국내영향없음. 위 자료는 대만기상청(CWA) 분석결과임.,,=
3,202411242039,1302,20241124203527.000,2.6,33.4200,125.1600,제주 제주시 서쪽 128km 해역,최대진도 Ⅰ,지진피해 없을 것으로 예상됨,,=
2,202411262254,1310,20241126224700.000,6.4,37.0000,136.5000,일본 이시카와현 가나자와시 북북서쪽 51km 해역,,국내영향없음. 위 자료는 일본기상청(JMA) 분석결과임.,,=
3,202411280039,1314,20241128003611.000,2.5,35.5100,126.8200,전북 정읍시 남남서쪽 7km 지역,최대진도 Ⅳ(전북),Ⅲ(전남),Ⅱ(광주),지진 발생 인근 지역은 지진동을 느낄 수 있음. 안전에 유의하기 바람.
2,202411301756,1325,20241130174600.000,5.8,25.4000,126.0000,일본 오키나와현 나하시 서남서쪽 191km 해역,,국내영향없음. 위 자료는 일본기상청(JMA) 분석결과임.,,=
